account_id,opened_date,first_meaningful_activity_date,days_to_activation,activated_within_30d,activated_within_60d,activated_within_90d
1637,1993-01-08,1993-01-13,5,true,true,true
9635,1993-01-05,1993-01-14,9,true,true,true
1979,1993-01-11,1993-02-09,29,true,true,true
1222,1993-01-20,1993-02-12,23,true,true,true
3760,1993-01-13,1993-02-12,30,true,true,true
7753,1993-02-08,1993-03-10,30,true,true,true
1050,1993-02-24,1993-03-12,16,true,true,true
3554,1993-02-16,1993-03-18,30,true,true,true
4937,1993-02-20,1993-03-22,30,true,true,true
2425,1993-01-23,1993-03-24,60,false,true,true
4078,1993-01-30,1993-03-31,60,false,true,true
2574,1993-02-02,1993-04-03,60,false,true,true
62,1993-03-28,1993-04-05,8,true,true,true
9,1993-01-27,1993-04-27,90,false,false,true
1422,1993-04-09,1993-05-08,29,true,true,true
1965,1993-02-08,1993-05-09,90,false,false,true
1166,1993-04-21,1993-05-10,19,true,true,true
128,1993-02-19,1993-05-20,90,false,false,true
4347,1993-03-27,1993-05-26,60,false,true,true
1829,1993-02-27,1993-05-28,90,false,false,true
3391,1993-04-01,1993-05-31,60,false,true,true
1617,1993-06-01,1993-06-05,4,true,true,true
6281,1993-06-08,1993-06-08,0,true,true,true
2838,1993-04-13,1993-06-12,60,false,true,true
1652,1993-05-20,1993-06-13,24,true,true,true
2022,1993-06-11,1993-06-14,3,true,true,true
3327,1993-04-16,1993-06-15,60,false,true,true
4225,1993-05-18,1993-06-17,30,true,true,true
2189,1993-04-22,1993-06-21,60,false,true,true
2493,1993-03-29,1993-06-27,90,false,false,true
3001,1993-03-24,1993-06-30,98,false,false,false
2388,1993-06-09,1993-07-05,26,true,true,true
1322,1993-07-05,1993-07-06,1,true,true,true
2327,1993-06-08,1993-07-07,29,true,true,true
5129,1993-06-08,1993-07-08,30,true,true,true
300,1993-06-23,1993-07-08,15,true,true,true
1145,1993-07-03,1993-07-12,9,true,true,true
3775,1993-06-27,1993-07-12,15,true,true,true
273,1993-07-11,1993-08-05,25,true,true,true
2741,1993-06-07,1993-08-06,60,false,true,true
2818,1993-07-21,1993-08-08,18,true,true,true
1892,1993-07-13,1993-08-09,27,true,true,true
3222,1993-07-21,1993-08-09,19,true,true,true
3748,1993-07-10,1993-08-10,31,false,true,true
47,1993-08-08,1993-08-11,3,true,true,true
1069,1993-07-24,1993-08-13,20,true,true,true
3521,1993-06-22,1993-08-21,60,false,true,true
1566,1993-07-07,1993-09-05,60,false,true,true
1912,1993-08-15,1993-09-07,23,true,true,true
3277,1993-07-12,1993-09-10,60,false,true,true
4171,1993-06-12,1993-09-10,90,false,false,true
3011,1993-09-01,1993-09-12,11,true,true,true
1487,1993-09-10,1993-09-14,4,true,true,true
1779,1993-08-15,1993-09-14,30,true,true,true
2736,1993-07-02,1993-09-30,90,false,false,true
3580,1993-08-01,1993-09-30,60,false,true,true
3609,1993-08-03,1993-10-02,60,false,true,true
6715,1993-09-15,1993-10-05,20,true,true,true
3538,1993-08-08,1993-10-07,60,false,true,true
2167,1993-08-08,1993-10-07,60,false,true,true
2849,1993-09-16,1993-10-11,25,true,true,true
2282,1993-09-17,1993-10-14,27,true,true,true
3113,1993-08-16,1993-10-15,60,false,true,true
3888,1993-05-27,1993-10-24,150,false,false,false
10227,1993-09-27,1993-10-27,30,true,true,true
942,1993-08-16,1993-10-31,76,false,false,true
854,1993-09-21,1993-11-20,60,false,true,true
3656,1993-08-06,1993-11-30,116,false,false,false
884,1993-12-07,1993-12-07,0,true,true,true
3145,1993-12-03,1993-12-09,6,true,true,true
540,1993-10-16,1993-12-17,62,false,false,true
2052,1993-10-20,1993-12-19,60,false,true,true
5991,1993-11-21,1993-12-21,30,true,true,true
2582,1993-11-01,1993-12-31,60,false,true,true
1419,1993-12-22,1994-01-11,20,true,true,true
2768,1993-12-20,1994-01-14,25,true,true,true
3759,1993-12-29,1994-01-14,16,true,true,true
3660,1993-11-14,1994-01-19,66,false,false,true
3927,1993-10-22,1994-01-20,90,false,false,true
2623,1993-10-09,1994-02-06,120,false,false,false
3039,1993-12-10,1994-02-08,60,false,true,true
1635,1993-12-29,1994-02-27,60,false,true,true
3684,1994-03-04,1994-03-09,5,true,true,true
370,1994-02-18,1994-03-14,24,true,true,true
1882,1993-12-21,1994-03-21,90,false,false,true
2664,1994-01-20,1994-03-21,60,false,true,true
6118,1994-03-07,1994-04-06,30,true,true,true
989,1994-03-14,1994-04-08,25,true,true,true
2472,1994-02-08,1994-04-09,60,false,true,true
726,1994-02-03,1994-05-04,90,false,false,true
985,1994-05-29,1994-06-05,7,true,true,true
8405,1994-05-10,1994-06-09,30,true,true,true
2903,1994-05-19,1994-06-18,30,true,true,true
1820,1994-04-22,1994-06-21,60,false,true,true
2092,1994-04-29,1994-06-28,60,false,true,true
9750,1994-05-16,1994-07-15,60,false,true,true
1509,1994-05-19,1994-07-18,60,false,true,true
2496,1994-05-21,1994-07-20,60,false,true,true
3650,1994-06-05,1994-08-04,60,false,true,true
5628,1994-06-17,1994-08-16,60,false,true,true
154,1994-06-21,1994-08-20,60,false,true,true
1870,1994-06-25,1994-08-24,60,false,true,true
7765,1994-07-10,1994-09-08,60,false,true,true
2819,1994-07-16,1994-09-14,60,false,true,true
3975,1994-10-02,1994-10-05,3,true,true,true
851,1994-09-23,1994-10-23,30,true,true,true
4995,1994-08-01,1994-10-30,90,false,false,true
1292,1994-09-03,1994-11-02,60,false,true,true
67,1994-10-19,1994-11-05,17,true,true,true
3860,1994-10-11,1994-11-06,26,true,true,true
6321,1994-09-10,1994-11-09,60,false,true,true
654,1994-10-16,1994-11-11,26,true,true,true
960,1994-11-02,1994-11-13,11,true,true,true
2333,1994-10-08,1994-11-30,53,false,true,true
2195,1994-10-08,1994-12-07,60,false,true,true
1559,1994-10-08,1994-12-07,60,false,true,true
3250,1995-01-06,1995-01-08,2,true,true,true
4476,1994-11-10,1995-01-09,60,false,true,true
5632,1994-11-15,1995-01-11,57,false,true,true
2355,1995-01-03,1995-01-14,11,true,true,true
1437,1995-01-13,1995-02-08,26,true,true,true
3489,1994-12-08,1995-03-08,90,false,false,true
8092,1995-01-11,1995-03-12,60,false,true,true
2446,1995-01-16,1995-03-17,60,false,true,true
3567,1994-12-20,1995-03-20,90,false,false,true
9030,1995-01-21,1995-03-22,60,false,true,true
3621,1994-12-25,1995-03-25,90,false,false,true
1129,1995-03-03,1995-04-02,30,true,true,true
217,1995-01-20,1995-04-20,90,false,false,true
4161,1995-02-23,1995-04-24,60,false,true,true
763,1995-02-23,1995-04-24,60,false,true,true
3231,1995-04-18,1995-05-12,24,true,true,true
2856,1995-03-18,1995-05-17,60,false,true,true
981,1995-03-25,1995-05-24,60,false,true,true
1986,1995-04-04,1995-06-03,60,false,true,true
2718,1995-02-05,1995-06-05,120,false,false,false
1590,1995-04-07,1995-06-06,60,false,true,true
3251,1995-05-18,1995-06-07,20,true,true,true
150,1995-03-16,1995-06-30,106,false,false,false
1846,1995-06-17,1995-07-09,22,true,true,true
120,1995-06-16,1995-07-16,30,true,true,true
1009,1995-08-01,1995-08-11,10,true,true,true
531,1995-08-18,1995-09-07,20,true,true,true
2853,1995-09-08,1995-09-09,1,true,true,true
2833,1995-08-30,1995-09-12,13,true,true,true
674,1995-09-02,1995-09-13,11,true,true,true
9052,1995-08-30,1995-09-29,30,true,true,true
1971,1995-08-04,1995-10-03,60,false,true,true
1704,1995-09-22,1995-10-06,14,true,true,true
5125,1995-09-14,1995-10-14,30,true,true,true
5024,1995-08-20,1995-10-19,60,false,true,true
2731,1995-09-26,1995-10-26,30,true,true,true
1629,1995-11-02,1995-11-07,5,true,true,true
336,1995-10-16,1995-12-15,60,false,true,true
319,1995-10-17,1995-12-16,60,false,true,true
2969,1995-05-26,1995-12-22,210,false,false,false
10411,1995-11-23,1995-12-23,30,true,true,true
3637,1995-10-28,1995-12-27,60,false,true,true
2309,1995-12-03,1996-01-02,30,true,true,true
3132,1995-10-08,1996-01-06,90,false,false,true
676,1995-09-22,1996-01-20,120,false,false,false
4269,1995-12-24,1996-01-23,30,true,true,true
1104,1995-12-07,1996-02-05,60,false,true,true
5001,1995-12-15,1996-02-13,60,false,true,true
4948,1995-07-29,1996-02-24,210,false,false,false
3389,1996-01-30,1996-02-29,30,true,true,true
3968,1996-01-01,1996-03-01,60,false,true,true
4999,1996-02-12,1996-03-06,23,true,true,true
3079,1996-02-26,1996-03-07,10,true,true,true
141,1996-03-06,1996-03-09,3,true,true,true
3121,1996-03-08,1996-03-12,4,true,true,true
771,1996-01-22,1996-03-22,60,false,true,true
1623,1996-02-04,1996-04-04,60,false,true,true
4851,1996-02-04,1996-04-04,60,false,true,true
2624,1996-03-28,1996-04-05,8,true,true,true
3088,1996-03-08,1996-04-07,30,true,true,true
631,1996-03-25,1996-04-08,14,true,true,true
1832,1996-04-01,1996-04-13,12,true,true,true
2598,1996-03-14,1996-04-13,30,true,true,true
2409,1996-02-13,1996-04-13,60,false,true,true
1196,1996-01-16,1996-04-15,90,false,false,true
3605,1996-03-24,1996-04-23,30,true,true,true
849,1996-01-01,1996-04-30,120,false,false,false
1624,1996-04-22,1996-05-05,13,true,true,true
2499,1996-02-08,1996-05-08,90,false,false,true
3118,1996-03-10,1996-05-09,60,false,true,true
1996,1996-05-08,1996-05-09,1,true,true,true
1980,1996-03-16,1996-05-15,60,false,true,true
210,1996-03-17,1996-05-16,60,false,true,true
2192,1996-03-22,1996-05-21,60,false,true,true
691,1996-02-21,1996-05-21,90,false,false,true
3116,1996-04-05,1996-06-04,60,false,true,true
2035,1996-05-10,1996-06-05,26,true,true,true
1954,1996-06-05,1996-06-10,5,true,true,true
632,1996-05-14,1996-06-10,27,true,true,true
776,1996-05-18,1996-06-17,30,true,true,true
1323,1996-05-20,1996-06-19,30,true,true,true
262,1996-01-27,1996-06-25,150,false,false,false
718,1996-03-03,1996-07-01,120,false,false,false
3584,1996-06-12,1996-07-08,26,true,true,true
1903,1996-07-05,1996-07-09,4,true,true,true
2526,1996-07-04,1996-07-10,6,true,true,true
7733,1996-07-08,1996-07-14,6,true,true,true
1124,1996-06-02,1996-08-01,60,false,true,true
413,1996-07-09,1996-08-05,27,true,true,true
4086,1996-07-17,1996-08-06,20,true,true,true
103,1996-03-10,1996-08-07,150,false,false,false
3359,1996-07-30,1996-08-09,10,true,true,true
1325,1996-08-08,1996-08-10,2,true,true,true
4626,1996-06-15,1996-08-14,60,false,true,true
3946,1996-07-16,1996-08-15,30,true,true,true
1097,1996-06-22,1996-08-21,60,false,true,true
2773,1996-06-23,1996-08-22,60,false,true,true
7713,1996-05-25,1996-08-23,90,false,false,true
170,1996-07-02,1996-08-31,60,false,true,true
1906,1996-08-01,1996-08-31,30,true,true,true
753,1996-08-14,1996-09-08,25,true,true,true
1517,1996-08-24,1996-09-08,15,true,true,true
3347,1996-08-19,1996-09-10,22,true,true,true
176,1996-08-12,1996-09-11,30,true,true,true
7424,1996-07-28,1996-09-06,40,false,true,true
3942,1996-05-10,1996-09-07,120,false,false,false
3350,1996-07-13,1996-09-11,60,false,true,true
2614,1996-09-11,1996-09-12,1,true,true,true
593,1996-07-16,1996-09-14,60,false,true,true
20,1996-08-24,1996-09-14,21,true,true,true
3789,1996-08-18,1996-09-17,30,true,true,true
3020,1996-08-09,1996-09-30,52,false,true,true
2147,1996-07-10,1996-10-08,90,false,false,true
1067,1996-09-10,1996-10-10,30,true,true,true
241,1996-09-29,1996-10-10,11,true,true,true
2359,1996-07-14,1996-10-12,90,false,false,true
569,1996-10-01,1996-10-14,13,true,true,true
3495,1996-05-17,1996-10-14,150,false,false,false
2885,1996-09-04,1996-11-03,60,false,true,true
2685,1996-11-01,1996-11-05,4,true,true,true
581,1996-10-13,1996-11-07,25,true,true,true
2934,1996-10-08,1996-11-07,30,true,true,true
3504,1996-08-30,1996-11-28,90,false,false,true
797,1996-11-20,1996-12-05,15,true,true,true
1645,1996-10-16,1996-12-15,60,false,true,true
3390,1996-12-22,1997-01-10,19,true,true,true
3450,1996-12-13,1997-01-12,30,true,true,true
3412,1996-12-20,1997-01-14,25,true,true,true
3984,1996-12-14,1997-01-14,31,false,true,true
341,1996-11-19,1997-01-18,60,false,true,true
14,1996-11-27,1997-01-26,60,false,true,true
4026,1997-02-06,1997-02-08,2,true,true,true
3470,1997-01-12,1997-02-09,28,true,true,true
2455,1997-02-06,1997-02-10,4,true,true,true
1657,1997-11-04,1997-11-10,6,true,true,true
2394,1997-08-23,1997-09-22,30,true,true,true
3208,1997-08-04,1997-10-03,60,false,true,true
9227,1997-11-04,1998-01-03,60,false,true,true
2451,1997-04-29,1997-06-28,60,false,true,true
2952,1997-04-28,1997-05-08,10,true,true,true
2125,1997-11-20,1997-12-20,30,true,true,true
9167,1997-04-02,1997-07-31,120,false,false,false
4475,1997-04-16,1997-05-10,24,true,true,true
3813,1997-10-09,1997-12-08,60,false,true,true
1027,1997-07-18,1997-08-13,26,true,true,true
2057,1997-06-20,1997-08-19,60,false,true,true
3299,1997-05-16,1997-07-15,60,false,true,true
1015,1997-06-14,1997-09-12,90,false,false,true
1808,1997-05-16,1997-09-13,120,false,false,false
3833,1997-07-13,1997-08-12,30,true,true,true
2069,1997-10-08,1997-12-07,60,false,true,true
10774,1997-07-05,1997-11-02,120,false,false,false
440,1996-12-22,1997-02-20,60,false,true,true
1459,1997-03-26,1997-04-06,11,true,true,true
3537,1997-08-22,1997-11-20,90,false,false,true
4268,1997-02-20,1997-04-21,60,false,true,true
735,1997-09-17,1997-10-13,26,true,true,true
3209,1997-12-10,1998-02-08,60,false,true,true
3852,1997-09-14,1997-10-05,21,true,true,true
1407,1997-04-11,1997-05-11,30,true,true,true
3561,1997-10-15,1997-11-08,24,true,true,true
2183,1997-07-17,1997-09-15,60,false,true,true
3556,1997-08-29,1997-09-07,9,true,true,true
1807,1997-10-15,1997-12-14,60,false,true,true
1524,1997-02-20,1997-03-13,21,true,true,true
3598,1997-11-02,1998-01-01,60,false,true,true
1342,1997-10-09,1997-11-08,30,true,true,true
3188,1997-02-20,1997-04-21,60,false,true,true
1840,1997-01-22,1997-04-22,90,false,false,true
349,1997-06-08,1997-08-07,60,false,true,true
3658,1997-03-25,1997-06-22,89,false,false,true
3382,1997-11-20,1998-02-18,90,false,false,true
1488,1997-04-29,1997-06-28,60,false,true,true
3581,1997-03-26,1997-05-25,60,false,true,true
2371,1997-10-23,1997-12-22,60,false,true,true
2857,1997-04-28,1997-06-27,60,false,true,true
8153,1997-07-02,1997-08-01,30,true,true,true
3496,1997-06-11,1997-07-07,26,true,true,true
2918,1997-12-05,1998-01-04,30,true,true,true
2204,1997-07-20,1997-10-18,90,false,false,true
6064,1997-01-11,1997-03-12,60,false,true,true
2224,1997-03-08,1997-04-05,28,true,true,true
1150,1997-10-08,1998-01-06,90,false,false,true
469,1997-07-14,1997-09-12,60,false,true,true
3705,1997-10-24,1997-12-15,52,false,true,true
3711,1997-05-08,1997-06-07,30,true,true,true
3202,1997-06-04,1997-06-05,1,true,true,true
3052,1997-04-26,1997-08-24,120,false,false,false
585,1997-09-04,1998-01-02,120,false,false,false
3461,1997-06-23,1998-02-18,240,false,false,false
2900,1997-05-14,1997-08-12,90,false,false,true
2495,1997-03-19,1997-08-16,150,false,false,false
3592,1993-01-08,1993-01-10,2,true,true,true
1493,1993-01-09,1993-01-13,4,true,true,true
2330,1993-01-19,1993-02-07,19,true,true,true
3514,1993-02-03,1993-02-07,4,true,true,true
3704,1993-01-24,1993-02-09,16,true,true,true
1539,1993-01-03,1993-03-04,60,false,true,true
3983,1993-02-04,1993-03-06,30,true,true,true
1575,1993-02-27,1993-03-07,8,true,true,true
2087,1993-01-08,1993-03-09,60,false,true,true
11013,1993-02-14,1993-03-13,27,true,true,true
411,1993-02-05,1993-04-06,60,false,true,true
1830,1993-02-08,1993-04-09,60,false,true,true
2974,1993-03-13,1993-04-12,30,true,true,true
2762,1993-03-20,1993-04-19,30,true,true,true
1378,1993-03-04,1993-05-03,60,false,true,true
168,1993-04-27,1993-05-05,8,true,true,true
3213,1993-04-12,1993-05-05,23,true,true,true
1239,1993-04-10,1993-05-06,26,true,true,true
2313,1993-04-13,1993-05-07,24,true,true,true
4318,1993-04-13,1993-05-08,25,true,true,true
2555,1993-03-10,1993-05-09,60,false,true,true
1891,1993-04-10,1993-05-10,30,true,true,true
8132,1993-04-17,1993-05-12,25,true,true,true
3283,1993-03-26,1993-05-25,60,false,true,true
4596,1993-03-09,1993-06-07,90,false,false,true
640,1993-06-02,1993-06-10,8,true,true,true
5385,1993-05-21,1993-06-11,21,true,true,true
1518,1993-04-21,1993-06-20,60,false,true,true
7203,1993-03-26,1993-06-24,90,false,false,true
1392,1993-04-28,1993-06-27,60,false,true,true
899,1993-06-21,1993-07-06,15,true,true,true
10266,1993-06-10,1993-07-10,30,true,true,true
446,1993-06-15,1993-07-15,30,true,true,true
574,1993-07-30,1993-08-06,7,true,true,true
2253,1993-07-24,1993-08-13,20,true,true,true
2552,1993-07-01,1993-08-30,60,false,true,true
3778,1993-07-04,1993-09-02,60,false,true,true
3319,1993-08-29,1993-09-12,14,true,true,true
6363,1993-08-01,1993-09-30,60,false,true,true
3509,1993-09-05,1993-10-05,30,true,true,true
3808,1993-08-11,1993-10-10,60,false,true,true
2617,1993-09-24,1993-10-13,19,true,true,true
539,1993-02-16,1993-10-14,240,false,false,false
6030,1993-08-24,1993-10-23,60,false,true,true
2088,1993-07-28,1993-10-26,90,false,false,true
2038,1993-08-06,1993-11-04,90,false,false,true
4159,1993-07-09,1993-11-06,120,false,false,false
3551,1993-10-17,1993-11-06,20,true,true,true
1981,1993-10-08,1993-11-07,30,true,true,true
3146,1993-10-26,1993-11-07,12,true,true,true
4470,1993-11-01,1993-11-07,6,true,true,true
2428,1993-09-08,1993-11-07,60,false,true,true
2302,1993-09-10,1993-11-09,60,false,true,true
4414,1993-09-10,1993-11-09,60,false,true,true
3640,1993-11-05,1993-11-12,7,true,true,true
467,1993-09-24,1993-11-23,60,false,true,true
151,1993-09-06,1993-12-05,90,false,false,true
2479,1993-10-09,1993-12-08,60,false,true,true
358,1993-12-09,1993-12-11,2,true,true,true
1302,1993-11-21,1993-12-12,21,true,true,true
8957,1993-11-13,1993-12-13,30,true,true,true
1941,1993-11-15,1993-12-15,30,true,true,true
2050,1993-10-22,1993-12-21,60,false,true,true
2250,1993-11-02,1994-01-01,60,false,true,true
2082,1993-09-03,1994-01-01,120,false,false,false
2867,1993-11-04,1994-01-03,60,false,true,true
3604,1993-12-22,1994-01-07,16,true,true,true
2842,1993-12-29,1994-01-10,12,true,true,true
10036,1993-09-13,1994-01-11,120,false,false,false
2928,1993-12-14,1994-01-13,30,true,true,true
2739,1993-11-29,1994-01-28,60,false,true,true
4526,1993-11-29,1994-01-28,60,false,true,true
3255,1993-09-15,1994-02-12,150,false,false,false
1565,1993-10-20,1994-02-17,120,false,false,false
3898,1994-02-07,1994-03-07,28,true,true,true
1770,1994-02-08,1994-03-10,30,true,true,true
1570,1994-03-12,1994-04-06,25,true,true,true
817,1994-03-18,1994-04-17,30,true,true,true
2161,1993-12-30,1994-04-29,120,false,false,false
1865,1994-05-04,1994-05-05,1,true,true,true
2361,1994-02-25,1994-05-26,90,false,false,true
2259,1994-05-14,1994-06-05,22,true,true,true
2170,1994-05-19,1994-06-06,18,true,true,true
6924,1994-06-01,1994-06-07,6,true,true,true
4066,1994-05-24,1994-06-10,17,true,true,true
1353,1994-04-21,1994-06-20,60,false,true,true
2922,1994-06-06,1994-07-06,30,true,true,true
693,1994-06-06,1994-08-05,60,false,true,true
2227,1994-05-22,1994-09-19,120,false,false,false
9583,1994-05-22,1994-09-19,120,false,false,false
6511,1994-06-10,1994-10-08,120,false,false,false
1975,1994-09-07,1994-11-06,60,false,true,true
449,1994-11-22,1994-12-08,16,true,true,true
596,1994-10-13,1994-12-12,60,false,true,true
1421,1994-10-05,1994-12-26,82,false,false,true
1076,1994-10-30,1994-12-29,60,false,true,true
201,1994-11-02,1995-01-01,60,false,true,true
1706,1995-01-05,1995-01-12,7,true,true,true
2524,1994-12-19,1995-01-14,26,true,true,true
1398,1994-08-18,1995-01-15,150,false,false,false
1022,1994-08-01,1995-01-28,180,false,false,false
2968,1995-02-05,1995-02-12,7,true,true,true
3981,1995-01-15,1995-02-14,30,true,true,true
3623,1995-02-12,1995-03-05,21,true,true,true
3865,1995-02-09,1995-03-11,30,true,true,true
839,1995-01-17,1995-03-18,60,false,true,true
2111,1995-01-25,1995-03-21,55,false,true,true
376,1995-03-05,1995-04-04,30,true,true,true
1436,1994-12-07,1995-04-06,120,false,false,false
1967,1995-02-13,1995-04-14,60,false,true,true
3466,1995-02-16,1995-04-17,60,false,true,true
2490,1995-02-21,1995-04-22,60,false,true,true
267,1995-04-26,1995-05-07,11,true,true,true
108,1995-03-10,1995-06-08,90,false,false,true
2540,1995-04-01,1995-06-11,71,false,false,true
1010,1995-05-01,1995-06-30,60,false,true,true
131,1995-06-13,1995-07-13,30,true,true,true
2781,1995-06-20,1995-07-20,30,true,true,true
2751,1995-04-28,1995-07-27,90,false,false,true
6910,1995-04-04,1995-08-02,120,false,false,false
2520,1995-07-25,1995-08-14,20,true,true,true
10018,1995-07-23,1995-08-22,30,true,true,true
1344,1995-07-16,1995-09-14,60,false,true,true
1994,1995-07-19,1995-09-17,60,false,true,true
6463,1995-09-11,1995-10-11,30,true,true,true
75,1995-08-13,1995-10-12,60,false,true,true
2280,1995-08-17,1995-10-16,60,false,true,true
1640,1995-09-01,1995-10-31,60,false,true,true
5033,1995-08-03,1995-11-01,90,false,false,true
1749,1995-10-14,1995-11-06,23,true,true,true
338,1995-11-18,1995-12-11,23,true,true,true
557,1995-11-26,1995-12-13,17,true,true,true
337,1995-11-25,1995-12-25,30,true,true,true
1901,1995-12-01,1995-12-31,30,true,true,true
9928,1995-11-09,1996-01-08,60,false,true,true
1670,1996-01-02,1996-01-09,7,true,true,true
3205,1995-12-17,1996-01-12,26,true,true,true
658,1996-01-10,1996-01-12,2,true,true,true
2621,1995-10-29,1996-01-27,90,false,false,true
430,1995-09-02,1996-01-30,150,false,false,false
2159,1996-01-01,1996-01-31,30,true,true,true
1632,1996-01-13,1996-02-12,30,true,true,true
1036,1996-01-18,1996-02-17,30,true,true,true
2630,1995-12-21,1996-02-19,60,false,true,true
3490,1995-11-26,1996-02-24,90,false,false,true
2288,1996-01-01,1996-03-01,60,false,true,true
2753,1996-02-13,1996-03-05,21,true,true,true
1349,1996-03-05,1996-03-08,3,true,true,true
3351,1996-03-08,1996-03-10,2,true,true,true
1111,1996-02-16,1996-03-17,30,true,true,true
5692,1996-02-25,1996-03-26,30,true,true,true
7828,1996-01-05,1996-04-04,90,false,false,true
1521,1996-04-04,1996-04-05,1,true,true,true
3858,1995-12-14,1996-04-12,120,false,false,false
1582,1996-05-01,1996-05-06,5,true,true,true
7240,1996-04-23,1996-05-09,16,true,true,true
3322,1996-03-20,1996-05-16,57,false,true,true
2515,1995-10-24,1996-05-21,210,false,false,false
2708,1996-03-25,1996-05-24,60,false,true,true
208,1996-03-27,1996-05-26,60,false,true,true
3664,1996-04-28,1996-05-28,30,true,true,true
4342,1996-04-29,1996-05-29,30,true,true,true
2335,1996-04-04,1996-06-03,60,false,true,true
3632,1996-04-06,1996-06-05,60,false,true,true
9199,1996-05-15,1996-06-06,22,true,true,true
1913,1996-06-06,1996-06-09,3,true,true,true
2450,1996-04-10,1996-06-09,60,false,true,true
51,1996-05-11,1996-06-10,30,true,true,true
10215,1996-04-12,1996-06-11,60,false,true,true
2232,1996-05-07,1996-07-06,60,false,true,true
962,1996-06-24,1996-07-08,14,true,true,true
439,1996-04-15,1996-07-14,90,false,false,true
1014,1996-03-20,1996-07-18,120,false,false,false
7181,1996-07-02,1996-08-01,30,true,true,true
584,1996-07-14,1996-08-08,25,true,true,true
3040,1996-08-03,1996-08-08,5,true,true,true
2945,1996-07-11,1996-08-11,31,false,true,true
580,1996-05-20,1996-08-18,90,false,false,true
140,1996-06-25,1996-08-24,60,false,true,true
174,1996-09-04,1996-09-07,3,true,true,true
2887,1996-07-13,1996-09-11,60,false,true,true
392,1996-07-14,1996-09-12,60,false,true,true
2094,1996-08-23,1996-09-13,21,true,true,true
6688,1996-06-25,1996-09-23,90,false,false,true
1504,1996-08-26,1996-09-25,30,true,true,true
9159,1996-08-02,1996-10-01,60,false,true,true
2278,1996-08-03,1996-10-02,60,false,true,true
871,1996-09-02,1996-10-02,30,true,true,true
1474,1996-09-14,1996-10-06,22,true,true,true
2045,1996-09-09,1996-10-08,29,true,true,true
1008,1996-10-05,1996-10-14,9,true,true,true
2465,1996-10-06,1996-10-14,8,true,true,true
1028,1996-03-19,1996-10-15,210,false,false,false
967,1996-08-17,1996-10-16,60,false,true,true
656,1996-08-18,1996-10-17,60,false,true,true
7033,1996-07-03,1996-10-31,120,false,false,false
2240,1996-10-07,1996-11-06,30,true,true,true
472,1996-10-11,1996-11-07,27,true,true,true
3022,1996-10-30,1996-11-07,8,true,true,true
3271,1996-10-12,1996-11-07,26,true,true,true
1785,1996-10-25,1996-11-14,20,true,true,true
3431,1996-09-21,1996-11-20,60,false,true,true
3967,1996-09-22,1996-11-21,60,false,true,true
2483,1996-09-29,1996-11-28,60,false,true,true
2953,1996-09-02,1996-12-01,90,false,false,true
3071,1996-10-03,1996-12-02,60,false,true,true
3913,1996-10-04,1996-12-03,60,false,true,true
7636,1996-10-08,1996-12-06,59,false,true,true
2590,1996-12-04,1996-12-06,2,true,true,true
2090,1996-11-26,1996-12-09,13,true,true,true
3290,1996-12-09,1996-12-10,1,true,true,true
511,1996-11-10,1996-12-10,30,true,true,true
1638,1996-11-12,1996-12-12,30,true,true,true
1532,1996-09-19,1996-12-18,90,false,false,true
6902,1996-10-22,1996-12-21,60,false,true,true
528,1996-12-30,1997-01-08,9,true,true,true
2963,1996-12-09,1997-01-08,30,true,true,true
2699,1996-12-25,1997-01-11,17,true,true,true
2610,1996-12-20,1997-01-11,22,true,true,true
3870,1997-01-08,1997-01-11,3,true,true,true
3498,1996-11-12,1997-01-11,60,false,true,true
2967,1996-11-13,1997-01-12,60,false,true,true
1943,1996-11-26,1997-01-25,60,false,true,true
4052,1997-01-25,1997-02-06,12,true,true,true
8742,1997-01-28,1997-03-29,60,false,true,true
3986,1997-06-20,1997-08-19,60,false,true,true
2441,1996-12-22,1997-02-20,60,false,true,true
996,1997-08-18,1997-09-06,19,true,true,true
3610,1997-09-22,1997-10-08,16,true,true,true
680,1997-07-18,1997-09-16,60,false,true,true
3635,1997-05-04,1997-05-10,6,true,true,true
10650,1997-09-09,1997-09-11,2,true,true,true
2544,1996-12-04,1997-04-03,120,false,false,false
2422,1997-08-29,1997-09-06,8,true,true,true
3105,1997-11-21,1997-12-11,20,true,true,true
3012,1997-04-18,1997-05-06,18,true,true,true
3633,1997-02-06,1997-04-07,60,false,true,true
10679,1997-05-30,1997-06-08,9,true,true,true
475,1997-05-11,1997-06-10,30,true,true,true
611,1997-07-21,1997-08-12,22,true,true,true
2296,1997-11-05,1997-12-05,30,true,true,true
4746,1997-02-21,1997-03-23,30,true,true,true
2791,1997-12-19,1998-01-12,24,true,true,true
1447,1997-02-20,1997-03-08,16,true,true,true
10134,1997-04-26,1997-05-26,30,true,true,true
5164,1997-05-13,1997-08-11,90,false,false,true
2997,1997-09-09,1997-09-12,3,true,true,true
938,1997-12-13,1998-03-13,90,false,false,true
2005,1997-05-11,1997-06-07,27,true,true,true
2142,1997-09-01,1997-10-31,60,false,true,true
647,1997-04-28,1997-06-27,60,false,true,true
8505,1997-03-20,1997-05-19,60,false,true,true
1060,1996-10-20,1997-05-18,210,false,false,false
2725,1997-04-02,1997-06-01,60,false,true,true
3300,1997-09-19,1997-10-14,25,true,true,true
193,1996-12-22,1997-02-20,60,false,true,true
3025,1997-12-27,1998-01-14,18,true,true,true
2466,1997-04-11,1997-06-10,60,false,true,true
3415,1997-12-06,1998-03-06,90,false,false,true
2558,1997-08-04,1997-08-08,4,true,true,true
653,1997-08-19,1997-10-18,60,false,true,true
1866,1997-11-17,1998-01-16,60,false,true,true
8149,1997-05-14,1997-06-13,30,true,true,true
320,1997-01-23,1997-04-23,90,false,false,true
2539,1997-04-24,1997-05-05,11,true,true,true
1125,1997-11-21,1998-01-17,57,false,true,true
5180,1997-02-24,1997-04-25,60,false,true,true
2587,1997-07-25,1997-09-23,60,false,true,true
564,1997-12-23,1998-02-21,60,false,true,true
2415,1997-02-27,1997-04-28,60,false,true,true
645,1997-08-21,1997-12-19,120,false,false,false
1284,1997-07-02,1997-11-29,150,false,false,false
1703,1997-11-02,1997-11-07,5,true,true,true
3428,1997-07-12,1997-10-10,90,false,false,true
2093,1997-07-07,1997-09-05,60,false,true,true
2089,1997-03-05,1997-04-04,30,true,true,true
476,1997-04-11,1997-10-08,180,false,false,false
3716,1997-04-14,1997-10-11,180,false,false,false
2601,1996-11-24,1997-02-22,90,false,false,true
2177,1993-01-04,1993-01-05,1,true,true,true
3871,1993-01-08,1993-02-06,29,true,true,true
1477,1993-02-08,1993-02-08,0,true,true,true
2099,1993-01-12,1993-02-11,30,true,true,true
2543,1993-02-13,1993-02-14,1,true,true,true
2242,1993-02-25,1993-03-06,9,true,true,true
86,1993-03-07,1993-03-11,4,true,true,true
866,1993-01-10,1993-03-11,60,false,true,true
2970,1993-01-22,1993-03-23,60,false,true,true
4055,1993-01-24,1993-03-25,60,false,true,true
2486,1993-02-27,1993-03-29,30,true,true,true
5483,1993-03-28,1993-04-09,12,true,true,true
2651,1993-03-21,1993-04-12,22,true,true,true
588,1993-03-14,1993-05-13,60,false,true,true
860,1993-03-19,1993-05-18,60,false,true,true
2321,1993-05-13,1993-06-01,19,true,true,true
2503,1993-03-05,1993-06-03,90,false,false,true
4743,1993-05-05,1993-06-04,30,true,true,true
497,1993-04-15,1993-06-14,60,false,true,true
1157,1993-03-27,1993-06-25,90,false,false,true
327,1993-06-02,1993-07-02,30,true,true,true
10656,1993-05-05,1993-07-04,60,false,true,true
1603,1993-05-09,1993-07-08,60,false,true,true
10738,1993-04-17,1993-07-16,90,false,false,true
1837,1993-06-24,1993-07-24,30,true,true,true
2436,1993-05-25,1993-07-24,60,false,true,true
9833,1993-07-24,1993-08-08,15,true,true,true
2039,1993-03-12,1993-08-09,150,false,false,false
445,1993-07-29,1993-08-11,13,true,true,true
2513,1993-07-22,1993-08-12,21,true,true,true
773,1993-06-19,1993-08-18,60,false,true,true
3969,1993-06-20,1993-08-19,60,false,true,true
3786,1993-06-22,1993-08-21,60,false,true,true
36,1993-07-01,1993-08-30,60,false,true,true
1861,1993-07-02,1993-08-31,60,false,true,true
4254,1993-05-04,1993-09-01,120,false,false,false
2213,1993-07-11,1993-09-09,60,false,true,true
238,1993-08-15,1993-09-11,27,true,true,true
1721,1993-03-25,1993-09-21,180,false,false,false
1513,1993-08-23,1993-10-22,60,false,true,true
225,1993-07-28,1993-10-26,90,false,false,true
2667,1993-10-23,1993-11-05,13,true,true,true
3701,1993-10-06,1993-11-06,31,false,true,true
3323,1993-09-08,1993-11-07,60,false,true,true
1133,1993-11-01,1993-11-09,8,true,true,true
2276,1993-10-22,1993-11-12,21,true,true,true
4255,1993-11-08,1993-11-14,6,true,true,true
6806,1993-11-26,1993-12-09,13,true,true,true
3972,1993-10-11,1993-12-10,60,false,true,true
3087,1993-12-04,1993-12-13,9,true,true,true
2824,1993-10-20,1993-12-19,60,false,true,true
2269,1993-11-04,1994-01-03,60,false,true,true
1984,1993-11-07,1994-01-06,60,false,true,true
4343,1993-11-22,1994-01-21,60,false,true,true
4413,1994-01-15,1994-02-10,26,true,true,true
4418,1994-02-09,1994-04-10,60,false,true,true
3997,1994-01-13,1994-04-13,90,false,false,true
3528,1994-03-05,1994-05-04,60,false,true,true
1879,1994-05-13,1994-05-14,1,true,true,true
3714,1994-04-21,1994-05-21,30,true,true,true
1273,1994-03-25,1994-05-24,60,false,true,true
548,1994-06-07,1994-06-08,1,true,true,true
1467,1994-04-27,1994-06-26,60,false,true,true
908,1994-04-29,1994-06-28,60,false,true,true
3838,1994-05-02,1994-07-01,60,false,true,true
711,1994-07-06,1994-09-04,60,false,true,true
3533,1994-08-29,1994-09-06,8,true,true,true
1246,1994-08-18,1994-09-06,19,true,true,true
3112,1994-08-12,1994-09-11,30,true,true,true
2470,1994-07-23,1994-09-21,60,false,true,true
518,1994-09-09,1994-10-07,28,true,true,true
1579,1994-08-09,1994-10-08,60,false,true,true
1653,1994-09-19,1994-10-19,30,true,true,true
8776,1994-08-24,1994-10-23,60,false,true,true
716,1994-09-25,1994-10-25,30,true,true,true
3579,1994-09-02,1994-11-01,60,false,true,true
1848,1994-08-04,1994-11-02,90,false,false,true
7824,1994-05-17,1994-11-13,180,false,false,false
3921,1994-07-17,1994-11-14,120,false,false,false
1301,1994-09-15,1994-11-14,60,false,true,true
1168,1994-11-03,1995-01-02,60,false,true,true
761,1994-04-09,1995-01-04,270,false,false,false
2384,1994-12-23,1995-01-10,18,true,true,true
1708,1994-11-21,1995-01-20,60,false,true,true
1294,1994-11-27,1995-01-26,60,false,true,true
1955,1995-01-07,1995-02-05,29,true,true,true
3903,1994-12-19,1995-02-17,60,false,true,true
2239,1995-01-05,1995-03-06,60,false,true,true
781,1995-02-19,1995-03-12,21,true,true,true
2729,1995-01-16,1995-03-17,60,false,true,true
3421,1995-02-01,1995-04-02,60,false,true,true
1526,1995-01-22,1995-04-22,90,false,false,true
190,1995-03-02,1995-05-01,60,false,true,true
3940,1995-05-07,1995-05-09,2,true,true,true
3321,1995-04-18,1995-05-18,30,true,true,true
870,1995-03-27,1995-05-26,60,false,true,true
5194,1995-05-05,1995-06-02,28,true,true,true
6358,1995-05-27,1995-06-05,9,true,true,true
3702,1995-04-13,1995-06-12,60,false,true,true
256,1995-05-14,1995-06-13,30,true,true,true
5358,1995-05-18,1995-06-17,30,true,true,true
2521,1995-05-19,1995-06-18,30,true,true,true
3386,1995-05-23,1995-06-22,30,true,true,true
3735,1995-04-27,1995-06-26,60,false,true,true
1620,1995-06-08,1995-07-05,27,true,true,true
807,1995-06-13,1995-07-06,23,true,true,true
206,1995-04-08,1995-07-07,90,false,false,true
2525,1995-05-08,1995-07-07,60,false,true,true
2559,1995-06-01,1995-07-31,60,false,true,true
458,1995-06-16,1995-08-15,60,false,true,true
1568,1995-07-15,1995-09-13,60,false,true,true
6856,1995-08-19,1995-09-18,30,true,true,true
1376,1995-09-20,1995-10-08,18,true,true,true
3234,1995-09-16,1995-10-11,25,true,true,true
3679,1995-08-15,1995-10-14,60,false,true,true
1660,1995-09-22,1995-10-22,30,true,true,true
6985,1995-07-27,1995-10-25,90,false,false,true
3553,1995-08-30,1995-10-29,60,false,true,true
803,1995-09-09,1995-11-08,60,false,true,true
3384,1995-11-05,1995-11-11,6,true,true,true
720,1995-07-20,1995-11-17,120,false,false,false
2353,1995-09-21,1995-11-20,60,false,true,true
169,1995-09-28,1995-11-27,60,false,true,true
3970,1995-11-28,1995-12-11,13,true,true,true
1867,1995-11-15,1995-12-15,30,true,true,true
957,1995-12-22,1996-01-07,16,true,true,true
3973,1995-11-27,1996-01-26,60,false,true,true
4253,1996-01-16,1996-02-05,20,true,true,true
11054,1996-02-01,1996-02-07,6,true,true,true
3655,1995-12-24,1996-02-22,60,false,true,true
55,1996-02-19,1996-03-12,22,true,true,true
959,1996-02-23,1996-03-14,20,true,true,true
2214,1996-01-27,1996-03-27,60,false,true,true
954,1996-01-08,1996-04-07,90,false,false,true
2944,1996-01-11,1996-04-10,90,false,false,true
3138,1996-03-24,1996-04-23,30,true,true,true
230,1996-02-26,1996-04-26,60,false,true,true
3193,1996-02-27,1996-04-27,60,false,true,true
3791,1996-05-03,1996-05-06,3,true,true,true
1529,1996-04-28,1996-05-08,10,true,true,true
1939,1996-04-19,1996-05-11,22,true,true,true
3027,1996-04-29,1996-05-14,15,true,true,true
1045,1996-05-09,1996-05-14,5,true,true,true
620,1996-02-18,1996-05-18,90,false,false,true
2033,1996-03-20,1996-05-19,60,false,true,true
3199,1996-06-06,1996-06-08,2,true,true,true
824,1996-03-21,1996-06-19,90,false,false,true
8972,1996-05-21,1996-06-20,30,true,true,true
3591,1996-06-09,1996-06-26,17,true,true,true
2389,1996-06-02,1996-07-02,30,true,true,true
97,1996-05-05,1996-07-04,60,false,true,true
9631,1996-06-25,1996-07-07,12,true,true,true
2625,1996-07-09,1996-08-08,30,true,true,true
603,1996-06-11,1996-08-10,60,false,true,true
409,1996-06-11,1996-08-10,60,false,true,true
2104,1996-06-12,1996-08-11,60,false,true,true
236,1996-03-16,1996-08-13,150,false,false,false
558,1996-06-15,1996-08-14,60,false,true,true
3645,1996-06-18,1996-08-17,60,false,true,true
3472,1996-07-21,1996-08-20,30,true,true,true
1087,1996-06-26,1996-08-25,60,false,true,true
1396,1996-06-26,1996-08-25,60,false,true,true
984,1996-07-10,1996-09-08,60,false,true,true
166,1996-08-20,1996-09-09,20,true,true,true
324,1996-08-23,1996-09-10,18,true,true,true
6062,1996-08-28,1996-09-07,10,true,true,true
7099,1996-08-20,1996-09-08,19,true,true,true
1258,1996-09-01,1996-09-13,12,true,true,true
694,1996-09-04,1996-09-13,9,true,true,true
3467,1996-08-25,1996-09-16,22,true,true,true
1350,1996-08-25,1996-09-24,30,true,true,true
1571,1996-07-29,1996-09-27,60,false,true,true
1241,1996-07-02,1996-09-30,90,false,false,true
1370,1996-09-25,1996-10-07,12,true,true,true
3499,1996-09-14,1996-10-07,23,true,true,true
2252,1996-10-05,1996-10-08,3,true,true,true
1223,1996-08-10,1996-10-09,60,false,true,true
1484,1996-09-23,1996-10-10,17,true,true,true
916,1996-08-13,1996-10-12,60,false,true,true
1308,1996-09-25,1996-10-13,18,true,true,true
3394,1996-10-09,1996-10-13,4,true,true,true
971,1996-07-18,1996-10-16,90,false,false,true
714,1996-11-04,1996-11-05,1,true,true,true
342,1996-10-13,1996-11-06,24,true,true,true
2114,1996-08-11,1996-11-09,90,false,false,true
9455,1996-11-03,1996-11-13,10,true,true,true
410,1996-10-15,1996-11-13,29,true,true,true
2418,1996-10-29,1996-11-20,22,true,true,true
65,1996-10-29,1996-11-28,30,true,true,true
3329,1996-10-12,1996-12-11,60,false,true,true
2589,1996-12-04,1996-12-11,7,true,true,true
63,1996-11-16,1996-12-12,26,true,true,true
2385,1996-11-15,1996-12-15,30,true,true,true
3507,1996-12-01,1996-12-20,19,true,true,true
2130,1996-11-04,1996-12-23,49,false,true,true
2303,1996-11-24,1996-12-24,30,true,true,true
513,1996-11-21,1997-01-20,60,false,true,true
3517,1996-11-22,1997-01-21,60,false,true,true
2761,1996-12-26,1997-01-25,30,true,true,true
4354,1997-01-08,1997-03-09,60,false,true,true
729,1997-02-15,1997-03-11,24,true,true,true
38,1997-08-08,1997-08-08,0,true,true,true
3541,1997-03-02,1997-03-13,11,true,true,true
2354,1997-03-17,1997-05-16,60,false,true,true
3217,1997-04-23,1997-06-12,50,false,true,true
3546,1997-02-03,1997-04-04,60,false,true,true
1995,1997-07-18,1997-08-08,21,true,true,true
677,1997-09-13,1997-11-12,60,false,true,true
2073,1997-08-14,1997-10-13,60,false,true,true
9730,1997-01-01,1997-03-02,60,false,true,true
1363,1997-03-23,1997-05-22,60,false,true,true
3083,1997-03-18,1997-04-17,30,true,true,true
3023,1997-10-14,1997-10-14,0,true,true,true
1240,1997-09-11,1997-11-10,60,false,true,true
1881,1997-08-17,1997-10-16,60,false,true,true
3996,1997-06-22,1997-07-09,17,true,true,true
3194,1997-04-19,1997-06-18,60,false,true,true
1181,1997-08-20,1997-11-18,90,false,false,true
2337,1997-07-07,1997-10-05,90,false,false,true
4467,1997-04-13,1997-04-14,1,true,true,true
2369,1997-07-19,1997-09-17,60,false,true,true
2775,1997-12-08,1998-01-05,28,true,true,true
1553,1996-12-21,1997-04-20,120,false,false,false
2693,1997-11-17,1998-01-16,60,false,true,true
3333,1997-11-27,1998-04-30,154,false,false,false
3766,1996-10-18,1997-02-15,120,false,false,false
10343,1997-05-22,1997-07-21,60,false,true,true
2875,1996-12-24,1997-02-22,60,false,true,true
3346,1997-07-25,1997-09-23,60,false,true,true
4116,1997-10-05,1997-11-04,30,true,true,true
3067,1997-01-30,1997-04-30,90,false,false,true
195,1997-02-27,1997-04-28,60,false,true,true
4143,1997-10-07,1997-12-06,60,false,true,true
3048,1997-12-26,1998-01-25,30,true,true,true
1992,1997-09-27,1997-11-26,60,false,true,true
3342,1997-10-06,1997-12-05,60,false,true,true
1208,1997-11-09,1998-01-08,60,false,true,true
3846,1997-04-27,1997-05-09,12,true,true,true
3090,1996-12-10,1997-03-10,90,false,false,true
3401,1997-10-04,1997-11-03,30,true,true,true
2021,1997-02-05,1997-06-05,120,false,false,false
1628,1993-01-10,1993-01-12,2,true,true,true
9265,1993-02-04,1993-03-06,30,true,true,true
9188,1993-02-08,1993-03-07,27,true,true,true
96,1993-02-18,1993-03-11,21,true,true,true
2666,1993-03-08,1993-03-12,4,true,true,true
9640,1993-03-13,1993-03-13,0,true,true,true
2489,1993-03-09,1993-03-14,5,true,true,true
3424,1993-02-16,1993-03-18,30,true,true,true
401,1993-01-18,1993-03-19,60,false,true,true
1127,1993-01-27,1993-03-28,60,false,true,true
2528,1993-03-25,1993-04-11,17,true,true,true
6701,1993-03-15,1993-04-14,30,true,true,true
415,1993-03-03,1993-05-02,60,false,true,true
2434,1993-02-02,1993-05-03,90,false,false,true
279,1993-04-14,1993-05-07,23,true,true,true
220,1993-04-09,1993-05-08,29,true,true,true
1671,1993-05-05,1993-05-08,3,true,true,true
897,1993-04-26,1993-05-26,30,true,true,true
6425,1993-03-29,1993-05-28,60,false,true,true
3980,1993-04-03,1993-06-02,60,false,true,true
751,1993-05-12,1993-06-06,25,true,true,true
3844,1993-05-23,1993-06-08,16,true,true,true
3173,1993-05-15,1993-06-10,26,true,true,true
991,1993-05-18,1993-06-17,30,true,true,true
11111,1993-05-20,1993-06-19,30,true,true,true
1786,1993-05-25,1993-06-24,30,true,true,true
2962,1993-05-30,1993-06-29,30,true,true,true
3072,1993-06-05,1993-07-05,30,true,true,true
3032,1993-06-07,1993-07-05,28,true,true,true
3734,1993-03-08,1993-07-06,120,false,false,false
2705,1993-07-05,1993-07-10,5,true,true,true
8129,1993-06-26,1993-07-26,30,true,true,true
5372,1993-05-08,1993-08-06,90,false,false,true
10320,1993-07-11,1993-08-09,29,true,true,true
2061,1993-05-12,1993-08-10,90,false,false,true
3241,1993-07-16,1993-08-12,27,true,true,true
26,1993-08-08,1993-08-12,4,true,true,true
234,1993-07-15,1993-08-13,29,true,true,true
306,1993-06-08,1993-09-06,90,false,false,true
3035,1993-08-16,1993-09-11,26,true,true,true
400,1993-07-17,1993-09-15,60,false,true,true
8073,1993-09-03,1993-09-23,20,true,true,true
902,1993-06-29,1993-09-27,90,false,false,true
1023,1993-08-13,1993-10-12,60,false,true,true
2958,1993-09-19,1993-10-13,24,true,true,true
1804,1993-09-23,1993-10-23,30,true,true,true
1305,1993-08-25,1993-10-24,60,false,true,true
6930,1993-09-08,1993-11-07,60,false,true,true
747,1993-08-09,1993-11-07,90,false,false,true
8566,1993-10-08,1993-11-07,30,true,true,true
3483,1993-10-12,1993-11-07,26,true,true,true
3264,1993-10-23,1993-11-07,15,true,true,true
2695,1993-09-16,1993-11-15,60,false,true,true
1016,1993-09-29,1993-11-28,60,false,true,true
1114,1993-11-13,1993-11-29,16,true,true,true
624,1993-10-11,1993-12-10,60,false,true,true
5927,1993-11-26,1993-12-12,16,true,true,true
3129,1993-12-05,1993-12-14,9,true,true,true
3086,1993-11-02,1994-01-01,60,false,true,true
1589,1993-08-07,1994-01-04,150,false,false,false
3056,1993-12-22,1994-01-12,21,true,true,true
2913,1993-12-28,1994-01-14,17,true,true,true
1499,1993-11-28,1994-01-27,60,false,true,true
2306,1993-12-08,1994-02-06,60,false,true,true
7965,1993-11-08,1994-02-06,90,false,false,true
347,1993-12-13,1994-02-11,60,false,true,true
1080,1993-12-27,1994-02-25,60,false,true,true
100,1993-12-28,1994-02-26,60,false,true,true
2789,1994-01-01,1994-03-02,60,false,true,true
1458,1994-01-03,1994-03-04,60,false,true,true
3825,1993-12-14,1994-03-14,90,false,false,true
1359,1993-12-02,1994-05-01,150,false,false,false
3718,1994-04-16,1994-05-06,20,true,true,true
22,1994-03-23,1994-05-22,60,false,true,true
2799,1994-04-03,1994-06-02,60,false,true,true
784,1994-04-19,1994-06-18,60,false,true,true
277,1994-05-01,1994-06-30,60,false,true,true
2740,1994-05-08,1994-07-07,60,false,true,true
1053,1994-05-25,1994-07-24,60,false,true,true
5574,1994-07-14,1994-08-08,25,true,true,true
2401,1994-08-26,1994-09-07,12,true,true,true
1511,1994-03-13,1994-09-09,180,false,false,false
1047,1994-06-13,1994-09-11,90,false,false,true
3625,1994-08-22,1994-09-13,22,true,true,true
1797,1994-08-01,1994-09-30,60,false,true,true
3497,1994-08-02,1994-10-01,60,false,true,true
939,1994-10-04,1994-10-05,1,true,true,true
1911,1994-08-21,1994-10-20,60,false,true,true
2030,1994-09-13,1994-11-12,60,false,true,true
2960,1994-09-20,1994-11-19,60,false,true,true
1934,1994-10-05,1994-12-04,60,false,true,true
3074,1994-10-08,1994-12-07,60,false,true,true
2840,1994-10-09,1994-12-08,60,false,true,true
2027,1994-11-28,1994-12-11,13,true,true,true
3482,1995-01-03,1995-01-11,8,true,true,true
3006,1995-01-01,1995-01-13,12,true,true,true
3756,1994-10-17,1995-01-15,90,false,false,true
3812,1995-01-16,1995-02-05,20,true,true,true
2755,1995-01-26,1995-02-06,11,true,true,true
270,1995-01-23,1995-02-22,30,true,true,true
3753,1995-02-24,1995-03-10,14,true,true,true
9814,1995-01-19,1995-03-20,60,false,true,true
484,1995-01-20,1995-03-21,60,false,true,true
2151,1995-02-08,1995-04-09,60,false,true,true
248,1995-04-02,1995-04-10,8,true,true,true
1309,1995-04-15,1995-05-11,26,true,true,true
2723,1995-03-12,1995-05-11,60,false,true,true
1306,1995-03-22,1995-05-21,60,false,true,true
875,1995-05-17,1995-06-06,20,true,true,true
1741,1995-05-10,1995-06-07,28,true,true,true
1642,1995-05-27,1995-06-09,13,true,true,true
7861,1995-04-22,1995-06-21,60,false,true,true
896,1995-06-11,1995-08-10,60,false,true,true
3847,1995-06-13,1995-08-12,60,false,true,true
2281,1995-07-13,1995-09-11,60,false,true,true
675,1995-08-03,1995-11-01,90,false,false,true
3764,1995-11-05,1995-11-10,5,true,true,true
2871,1995-10-30,1995-11-10,11,true,true,true
3148,1995-11-19,1995-12-07,18,true,true,true
1044,1995-11-09,1995-12-09,30,true,true,true
933,1995-11-18,1995-12-11,23,true,true,true
820,1995-11-04,1996-01-03,60,false,true,true
253,1995-12-05,1996-01-04,30,true,true,true
1581,1995-10-12,1996-01-10,90,false,false,true
5477,1995-12-17,1996-01-16,30,true,true,true
2043,1995-11-27,1996-01-26,60,false,true,true
8169,1995-11-28,1996-01-27,60,false,true,true
1974,1995-06-01,1996-01-27,240,false,false,false
6512,1996-02-03,1996-02-05,2,true,true,true
1233,1996-02-08,1996-02-08,0,true,true,true
1744,1996-02-07,1996-02-09,2,true,true,true
332,1996-01-12,1996-02-11,30,true,true,true
3442,1996-01-16,1996-02-13,28,true,true,true
412,1996-01-21,1996-02-20,30,true,true,true
2015,1995-11-25,1996-02-23,90,false,false,true
4204,1996-01-29,1996-02-28,30,true,true,true
946,1996-01-01,1996-03-01,60,false,true,true
1265,1996-02-25,1996-03-07,11,true,true,true
3933,1996-02-11,1996-03-12,30,true,true,true
2416,1996-01-23,1996-03-23,60,false,true,true
4439,1995-12-25,1996-03-24,90,false,false,true
1612,1996-02-12,1996-04-12,60,false,true,true
2633,1996-03-14,1996-04-13,30,true,true,true
874,1996-03-23,1996-04-14,22,true,true,true
1473,1996-04-16,1996-05-08,22,true,true,true
264,1996-02-09,1996-05-09,90,false,false,true
3531,1996-05-03,1996-05-10,7,true,true,true
3597,1996-02-11,1996-05-11,90,false,false,true
951,1996-04-28,1996-05-12,14,true,true,true
3178,1996-04-27,1996-05-12,15,true,true,true
7594,1996-02-16,1996-05-16,90,false,false,true
1607,1996-04-20,1996-05-20,30,true,true,true
3434,1996-05-13,1996-06-05,23,true,true,true
3731,1996-05-20,1996-06-07,18,true,true,true
450,1996-05-28,1996-06-12,15,true,true,true
891,1996-05-23,1996-06-13,21,true,true,true
1270,1996-06-07,1996-06-14,7,true,true,true
101,1996-04-16,1996-06-15,60,false,true,true
9051,1996-01-17,1996-06-15,150,false,false,false
1070,1996-04-23,1996-06-22,60,false,true,true
5505,1996-04-26,1996-06-25,60,false,true,true
4099,1996-05-26,1996-06-25,30,true,true,true
10049,1996-03-28,1996-06-26,90,false,false,true
88,1996-07-03,1996-07-06,3,true,true,true
1444,1996-06-16,1996-07-06,20,true,true,true
2603,1996-06-14,1996-07-07,23,true,true,true
8158,1996-06-16,1996-07-14,28,true,true,true
3801,1996-06-20,1996-07-20,30,true,true,true
3932,1996-07-25,1996-08-05,11,true,true,true
1289,1996-07-07,1996-08-06,30,true,true,true
1738,1996-08-06,1996-08-06,0,true,true,true
9859,1996-07-08,1996-08-08,31,false,true,true
2468,1996-07-13,1996-08-10,28,true,true,true
6158,1996-05-13,1996-08-11,90,false,false,true
2710,1996-06-12,1996-08-11,60,false,true,true
2947,1996-08-09,1996-08-12,3,true,true,true
7674,1996-07-21,1996-08-20,30,true,true,true
3526,1996-07-22,1996-08-21,30,true,true,true
2395,1996-06-24,1996-08-23,60,false,true,true
10711,1996-07-08,1996-09-06,60,false,true,true
3726,1996-07-14,1996-09-12,60,false,true,true
7637,1996-08-19,1996-09-18,30,true,true,true
3397,1996-08-04,1996-10-03,60,false,true,true
436,1996-08-07,1996-10-06,60,false,true,true
1957,1996-09-18,1996-10-06,18,true,true,true
715,1996-08-08,1996-10-07,60,false,true,true
1556,1996-09-15,1996-10-07,22,true,true,true
3232,1996-10-02,1996-10-08,6,true,true,true
1377,1996-09-25,1996-10-09,14,true,true,true
779,1996-08-13,1996-10-12,60,false,true,true
972,1996-09-29,1996-10-13,14,true,true,true
9138,1996-07-18,1996-10-16,90,false,false,true
2795,1996-08-20,1996-10-19,60,false,true,true
7262,1996-08-30,1996-10-29,60,false,true,true
1812,1996-10-08,1996-11-05,28,true,true,true
10063,1996-10-13,1996-11-06,24,true,true,true
1003,1996-10-10,1996-11-09,30,true,true,true
8784,1996-10-16,1996-11-10,25,true,true,true
3339,1996-09-27,1996-11-26,60,false,true,true
2517,1996-11-10,1996-12-09,29,true,true,true
3523,1996-05-14,1996-12-10,210,false,false,false
1460,1996-11-29,1996-12-12,13,true,true,true
3291,1996-11-16,1996-12-13,27,true,true,true
1991,1996-11-16,1996-12-16,30,true,true,true
3093,1996-11-21,1996-12-21,30,true,true,true
770,1996-09-24,1996-12-23,90,false,false,true
1242,1996-11-24,1996-12-24,30,true,true,true
2532,1996-12-24,1997-01-10,17,true,true,true
1081,1996-12-21,1997-01-13,23,true,true,true
3564,1996-11-17,1997-01-16,60,false,true,true
5878,1996-11-19,1997-01-18,60,false,true,true
3256,1996-11-19,1997-01-18,60,false,true,true
3602,1996-12-03,1997-02-01,60,false,true,true
4753,1996-11-07,1997-02-05,90,false,false,true
3961,1997-01-24,1997-02-05,12,true,true,true
1482,1996-12-08,1997-02-06,60,false,true,true
2160,1996-11-10,1997-02-08,90,false,false,true
980,1996-12-11,1997-02-09,60,false,true,true
11244,1997-01-12,1997-02-11,30,true,true,true
2696,1997-01-19,1997-02-12,24,true,true,true
3659,1997-02-01,1997-04-02,60,false,true,true
3375,1997-01-15,1997-03-16,60,false,true,true
2765,1997-09-20,1997-11-19,60,false,true,true
852,1997-10-23,1997-11-13,21,true,true,true
11317,1997-07-11,1997-08-10,30,true,true,true
323,1997-02-23,1997-03-10,15,true,true,true
3163,1997-05-24,1997-08-22,90,false,false,true
1776,1997-07-27,1997-09-25,60,false,true,true
2668,1997-05-20,1997-07-19,60,false,true,true
4550,1997-02-06,1997-04-07,60,false,true,true
1279,1997-10-13,1997-11-08,26,true,true,true
2720,1997-06-16,1997-07-30,44,false,true,true
2221,1997-11-15,1997-12-09,24,true,true,true
10905,1996-11-21,1997-02-19,90,false,false,true
4616,1997-09-24,1997-11-23,60,false,true,true
2942,1997-09-24,1997-12-23,90,false,false,true
1130,1997-05-11,1997-06-09,29,true,true,true
1915,1997-04-14,1997-06-13,60,false,true,true
4533,1997-08-03,1997-11-01,90,false,false,true
722,1997-05-04,1997-07-03,60,false,true,true
2080,1997-04-27,1997-05-07,10,true,true,true
3987,1997-09-14,1997-12-13,90,false,false,true
2019,1997-06-11,1997-06-12,1,true,true,true
2196,1997-07-24,1997-08-13,20,true,true,true
2658,1997-11-14,1997-12-06,22,true,true,true
2679,1997-07-24,1997-08-13,20,true,true,true
760,1997-05-24,1997-07-23,60,false,true,true
1933,1997-04-04,1997-04-13,9,true,true,true
7465,1996-12-19,1997-04-18,120,false,false,false
2722,1997-07-24,1997-08-07,14,true,true,true
1385,1997-05-08,1997-07-07,60,false,true,true
3266,1997-03-29,1997-04-13,15,true,true,true
2380,1997-02-27,1997-05-28,90,false,false,true
124,1997-12-28,1998-01-10,13,true,true,true
1817,1996-12-16,1997-02-14,60,false,true,true
745,1997-10-09,1997-10-14,5,true,true,true
246,1997-12-20,1998-01-14,25,true,true,true
3182,1996-12-20,1997-02-18,60,false,true,true
2215,1997-10-17,1997-11-08,22,true,true,true
4454,1996-12-21,1997-02-19,60,false,true,true
1230,1997-05-03,1997-07-02,60,false,true,true
1818,1997-02-25,1997-04-26,60,false,true,true
2480,1997-09-07,1997-10-07,30,true,true,true
556,1997-06-26,1997-08-25,60,false,true,true
3406,1997-12-08,1997-12-08,0,true,true,true
3106,1997-09-26,1997-10-26,30,true,true,true
1983,1997-12-25,1998-02-23,60,false,true,true
1494,1997-10-08,1997-12-07,60,false,true,true
2413,1997-10-27,1997-12-26,60,false,true,true
5944,1997-06-06,1997-07-06,30,true,true,true
149,1997-11-16,1998-02-28,104,false,false,false
134,1997-12-10,1998-03-10,90,false,false,true
606,1997-11-04,1998-01-03,60,false,true,true
1339,1997-07-06,1997-10-04,90,false,false,true
405,1997-03-13,1997-04-12,30,true,true,true
2182,1997-07-12,1997-09-10,60,false,true,true
2820,1997-12-11,1998-01-06,26,true,true,true
1281,1997-04-14,1997-06-13,60,false,true,true
1049,1997-12-04,1997-12-08,4,true,true,true
783,1997-09-08,1997-10-06,28,true,true,true
2477,1997-02-11,1997-04-12,60,false,true,true
864,1997-07-08,1997-10-06,90,false,false,true
2071,1997-05-08,1997-07-07,60,false,true,true
485,1993-01-04,1993-02-03,30,true,true,true
1909,1993-01-12,1993-02-05,24,true,true,true
3510,1993-01-07,1993-02-06,30,true,true,true
4240,1993-02-08,1993-02-08,0,true,true,true
772,1993-01-21,1993-02-20,30,true,true,true
4484,1993-02-03,1993-02-23,20,true,true,true
2484,1993-01-03,1993-03-04,60,false,true,true
461,1993-02-18,1993-03-06,16,true,true,true
3651,1993-02-27,1993-03-07,8,true,true,true
317,1993-03-10,1993-03-10,0,true,true,true
2110,1993-02-23,1993-03-13,18,true,true,true
2023,1993-01-26,1993-03-27,60,false,true,true
623,1993-03-24,1993-04-08,15,true,true,true
2712,1993-03-12,1993-04-11,30,true,true,true
187,1993-03-28,1993-04-14,17,true,true,true
6034,1993-03-19,1993-04-18,30,true,true,true
3374,1993-02-17,1993-04-18,60,false,true,true
944,1993-03-08,1993-05-07,60,false,true,true
1048,1993-05-05,1993-05-08,3,true,true,true
8330,1993-03-28,1993-05-27,60,false,true,true
686,1993-04-04,1993-06-03,60,false,true,true
928,1993-04-26,1993-06-25,60,false,true,true
1285,1993-06-04,1993-07-04,30,true,true,true
1515,1993-06-11,1993-07-07,26,true,true,true
630,1993-06-29,1993-07-10,11,true,true,true
907,1993-07-09,1993-07-11,2,true,true,true
403,1993-07-29,1993-08-14,16,true,true,true
738,1993-06-21,1993-08-20,60,false,true,true
885,1993-06-25,1993-08-24,60,false,true,true
774,1993-06-08,1993-08-31,84,false,false,true
117,1993-09-05,1993-09-06,1,true,true,true
5366,1993-08-09,1993-09-08,30,true,true,true
11021,1993-08-10,1993-09-09,30,true,true,true
1057,1993-08-23,1993-09-13,21,true,true,true
2150,1993-09-12,1993-09-13,1,true,true,true
3152,1993-07-16,1993-09-14,60,false,true,true
2510,1993-08-28,1993-09-27,30,true,true,true
1118,1993-07-04,1993-10-02,90,false,false,true
816,1993-08-05,1993-10-04,60,false,true,true
1689,1993-09-07,1993-10-06,29,true,true,true
857,1993-09-16,1993-10-13,27,true,true,true
3181,1993-05-16,1993-10-13,150,false,false,false
2201,1993-10-05,1993-10-14,9,true,true,true
2616,1993-08-17,1993-10-16,60,false,true,true
4000,1993-08-02,1993-10-31,90,false,false,true
542,1993-11-01,1993-11-05,4,true,true,true
2793,1993-10-09,1993-11-08,30,true,true,true
1146,1993-09-12,1993-11-11,60,false,true,true
5387,1993-10-05,1993-12-04,60,false,true,true
7844,1993-11-26,1993-12-05,9,true,true,true
1288,1993-11-27,1993-12-08,11,true,true,true
903,1993-12-10,1993-12-10,0,true,true,true
1588,1993-12-11,1994-01-06,26,true,true,true
6472,1994-02-08,1994-02-10,2,true,true,true
1153,1993-12-29,1994-02-27,60,false,true,true
3669,1993-12-22,1994-03-22,90,false,false,true
1871,1994-05-10,1994-05-14,4,true,true,true
216,1994-05-16,1994-06-11,26,true,true,true
609,1994-05-15,1994-06-13,29,true,true,true
649,1994-05-17,1994-06-14,28,true,true,true
900,1994-04-26,1994-06-25,60,false,true,true
2511,1994-05-01,1994-06-30,60,false,true,true
1949,1994-05-04,1994-07-03,60,false,true,true
740,1994-04-04,1994-07-03,90,false,false,true
1918,1994-04-10,1994-07-09,90,false,false,true
4276,1994-07-09,1994-08-08,30,true,true,true
1908,1994-09-13,1994-09-14,1,true,true,true
4131,1994-08-19,1994-09-18,30,true,true,true
709,1994-07-25,1994-09-23,60,false,true,true
964,1994-07-08,1994-10-06,90,false,false,true
3142,1994-09-14,1994-10-12,28,true,true,true
3869,1994-09-13,1994-10-13,30,true,true,true
1441,1994-10-25,1994-11-05,11,true,true,true
3849,1994-10-21,1994-12-20,60,false,true,true
3348,1994-12-08,1995-01-07,30,true,true,true
1331,1995-01-03,1995-01-10,7,true,true,true
1394,1994-12-27,1995-01-12,16,true,true,true
4368,1995-01-16,1995-02-07,22,true,true,true
3583,1995-02-03,1995-02-11,8,true,true,true
2414,1995-01-19,1995-02-14,26,true,true,true
4727,1995-02-13,1995-03-05,20,true,true,true
10884,1995-02-20,1995-03-14,22,true,true,true
3014,1995-03-03,1995-04-02,30,true,true,true
70,1995-02-18,1995-04-19,60,false,true,true
3978,1995-02-18,1995-04-19,60,false,true,true
2077,1995-01-04,1995-05-04,120,false,false,false
1702,1995-02-27,1995-05-28,90,false,false,true
1530,1995-05-27,1995-06-13,17,true,true,true
1465,1995-06-08,1995-06-14,6,true,true,true
1420,1995-06-08,1995-06-14,6,true,true,true
2328,1995-06-14,1995-07-13,29,true,true,true
1413,1995-06-07,1995-08-06,60,false,true,true
99,1995-06-27,1995-08-26,60,false,true,true
2018,1995-06-04,1995-09-02,90,false,false,true
4330,1995-07-05,1995-09-03,60,false,true,true
5213,1995-08-18,1995-09-05,18,true,true,true
8327,1995-08-08,1995-09-07,30,true,true,true
3631,1995-08-13,1995-09-08,26,true,true,true
2830,1995-08-04,1995-10-03,60,false,true,true
7957,1995-09-07,1995-10-07,30,true,true,true
2514,1995-08-13,1995-10-12,60,false,true,true
10365,1995-09-02,1995-11-01,60,false,true,true
3807,1995-09-05,1995-11-04,60,false,true,true
1691,1995-11-08,1995-11-11,3,true,true,true
3780,1995-11-25,1995-12-05,10,true,true,true
1760,1995-11-11,1995-12-06,25,true,true,true
9790,1995-11-09,1995-12-07,28,true,true,true
1357,1995-11-20,1995-12-08,18,true,true,true
2437,1995-12-04,1995-12-13,9,true,true,true
3417,1995-09-28,1995-12-31,94,false,false,false
2075,1996-01-01,1996-01-06,5,true,true,true
1945,1995-11-09,1996-01-08,60,false,true,true
275,1996-01-02,1996-01-11,9,true,true,true
8039,1995-12-17,1996-01-16,30,true,true,true
2835,1995-10-03,1996-01-23,112,false,false,false
1149,1995-09-07,1996-02-04,150,false,false,false
2051,1995-11-08,1996-02-06,90,false,false,true
923,1996-02-07,1996-02-07,0,true,true,true
3638,1996-01-10,1996-02-08,29,true,true,true
2719,1996-02-08,1996-02-14,6,true,true,true
417,1996-01-27,1996-02-26,30,true,true,true
3559,1995-12-30,1996-02-28,60,false,true,true
3525,1995-12-01,1996-02-29,90,false,false,true
9024,1996-01-05,1996-03-05,60,false,true,true
2605,1996-01-10,1996-03-10,60,false,true,true
1227,1996-01-13,1996-03-13,60,false,true,true
895,1996-03-12,1996-03-13,1,true,true,true
1380,1996-02-19,1996-03-20,30,true,true,true
69,1996-01-12,1996-03-31,79,false,false,true
2702,1996-02-01,1996-04-01,60,false,true,true
3945,1995-11-07,1996-04-05,150,false,false,false
2889,1996-03-23,1996-04-06,14,true,true,true
1932,1996-04-03,1996-04-10,7,true,true,true
1611,1996-02-11,1996-04-11,60,false,true,true
3151,1996-02-21,1996-04-21,60,false,true,true
3976,1996-04-15,1996-05-06,21,true,true,true
3502,1996-03-08,1996-05-07,60,false,true,true
1800,1996-03-14,1996-05-13,60,false,true,true
10436,1996-03-21,1996-05-20,60,false,true,true
3743,1996-03-22,1996-05-21,60,false,true,true
2767,1996-03-23,1996-05-22,60,false,true,true
3349,1996-03-28,1996-05-27,60,false,true,true
1564,1996-03-05,1996-05-31,87,false,false,true
360,1996-05-14,1996-06-13,30,true,true,true
10478,1996-02-24,1996-06-23,120,false,false,false
3590,1996-06-02,1996-07-02,30,true,true,true
3746,1996-06-04,1996-07-04,30,true,true,true
2346,1996-05-08,1996-07-07,60,false,true,true
10361,1996-06-21,1996-07-07,16,true,true,true
1275,1996-06-26,1996-07-08,12,true,true,true
3588,1996-06-28,1996-07-09,11,true,true,true
1058,1996-06-11,1996-07-11,30,true,true,true
571,1996-07-16,1996-08-06,21,true,true,true
1758,1996-07-08,1996-08-07,30,true,true,true
1094,1996-07-10,1996-08-07,28,true,true,true
10202,1996-07-08,1996-08-07,30,true,true,true
1160,1996-07-29,1996-08-08,10,true,true,true
2506,1996-07-12,1996-08-11,30,true,true,true
3562,1996-07-19,1996-08-18,30,true,true,true
378,1996-07-22,1996-08-21,30,true,true,true
3899,1996-06-25,1996-08-24,60,false,true,true
1266,1996-07-01,1996-08-30,60,false,true,true
3563,1996-07-04,1996-09-02,60,false,true,true
2108,1996-07-06,1996-09-04,60,false,true,true
416,1996-08-11,1996-09-05,25,true,true,true
1271,1996-06-18,1996-09-16,90,false,false,true
11123,1996-07-21,1996-09-19,60,false,true,true
7990,1996-08-30,1996-09-29,30,true,true,true
1267,1996-08-05,1996-10-04,60,false,true,true
4144,1996-08-19,1996-10-04,46,false,true,true
2117,1996-08-07,1996-10-06,60,false,true,true
2655,1996-09-07,1996-10-07,30,true,true,true
822,1996-10-04,1996-10-10,6,true,true,true
8038,1996-08-17,1996-10-16,60,false,true,true
713,1996-10-15,1996-11-05,21,true,true,true
5912,1996-10-25,1996-11-09,15,true,true,true
4715,1996-10-28,1996-11-09,12,true,true,true
6950,1996-10-12,1996-11-11,30,true,true,true
224,1996-10-27,1996-11-11,15,true,true,true
6075,1996-09-15,1996-11-14,60,false,true,true
329,1996-10-19,1996-11-18,30,true,true,true
1669,1996-09-19,1996-11-18,60,false,true,true
698,1996-09-29,1996-11-28,60,false,true,true
2319,1996-07-02,1996-11-29,150,false,false,false
692,1996-10-02,1996-12-01,60,false,true,true
9528,1996-11-07,1996-12-07,30,true,true,true
143,1996-11-27,1996-12-08,11,true,true,true
3430,1996-12-10,1996-12-11,1,true,true,true
8094,1996-11-24,1996-12-11,17,true,true,true
8688,1996-11-22,1996-12-22,30,true,true,true
1478,1996-10-30,1996-12-29,60,false,true,true
10645,1996-12-21,1997-01-06,16,true,true,true
2362,1996-12-30,1997-01-08,9,true,true,true
263,1997-01-03,1997-01-08,5,true,true,true
5817,1996-12-10,1997-01-09,30,true,true,true
2064,1996-12-30,1997-01-09,10,true,true,true
4660,1997-01-03,1997-01-10,7,true,true,true
3589,1996-11-13,1997-01-12,60,false,true,true
659,1996-12-14,1997-01-13,30,true,true,true
2261,1996-12-27,1997-01-26,30,true,true,true
910,1997-02-03,1997-02-09,6,true,true,true
2998,1997-11-09,1998-01-08,60,false,true,true
5708,1997-10-12,1997-12-11,60,false,true,true
792,1997-08-13,1997-09-13,31,false,true,true
873,1997-04-26,1997-06-25,60,false,true,true
1929,1997-07-06,1997-07-11,5,true,true,true
3097,1997-08-14,1997-09-06,23,true,true,true
1783,1997-09-11,1997-12-10,90,false,false,true
37,1997-08-18,1997-09-17,30,true,true,true
4725,1997-04-14,1997-05-06,22,true,true,true
2831,1997-11-10,1998-01-09,60,false,true,true
2408,1996-12-27,1997-02-25,60,false,true,true
3501,1997-12-13,1998-03-13,90,false,false,true
2311,1997-10-19,1997-12-18,60,false,true,true
21,1997-12-06,1998-02-04,60,false,true,true
1523,1997-11-24,1998-02-22,90,false,false,true
794,1997-04-24,1997-05-14,20,true,true,true
2897,1997-10-11,1997-12-10,60,false,true,true
3830,1997-04-20,1997-05-12,22,true,true,true
328,1997-09-18,1997-10-09,21,true,true,true
3276,1997-12-29,1998-04-28,120,false,false,false
1024,1997-05-02,1997-05-13,11,true,true,true
811,1997-08-01,1997-08-07,6,true,true,true
2800,1997-05-08,1997-07-07,60,false,true,true
1668,1997-03-07,1997-03-13,6,true,true,true
1615,1997-10-20,1997-11-14,25,true,true,true
927,1997-04-12,1997-06-11,60,false,true,true
1951,1997-08-07,1997-10-06,60,false,true,true
1215,1997-03-04,1997-03-09,5,true,true,true
1096,1997-03-03,1997-03-14,11,true,true,true
13,1997-08-17,1997-09-09,23,true,true,true
1724,1997-06-07,1997-06-14,7,true,true,true
10613,1997-11-04,1997-11-06,2,true,true,true
4358,1997-02-12,1997-03-14,30,true,true,true
2285,1996-11-21,1997-03-21,120,false,false,false
434,1996-12-24,1997-02-22,60,false,true,true
4729,1997-05-23,1997-07-22,60,false,true,true
2324,1997-05-24,1997-06-23,30,true,true,true
1068,1997-02-15,1997-03-17,30,true,true,true
295,1997-11-23,1997-12-23,30,true,true,true
1154,1997-08-29,1997-09-28,30,true,true,true
4386,1997-11-29,1998-01-28,60,false,true,true
3574,1997-03-08,1997-04-06,29,true,true,true
3060,1997-06-09,1997-07-09,30,true,true,true
1537,1997-06-06,1997-08-05,60,false,true,true
2211,1997-11-10,1997-12-05,25,true,true,true
3325,1997-11-03,1997-11-08,5,true,true,true
1199,1997-03-18,1997-07-16,120,false,false,false
3529,1997-07-08,1997-08-07,30,true,true,true
4140,1997-12-05,1998-01-04,30,true,true,true
1648,1997-08-08,1997-10-31,84,false,false,true
1982,1997-05-08,1997-07-07,60,false,true,true
1863,1997-04-01,1997-07-30,120,false,false,false
1454,1997-07-25,1998-06-20,330,false,false,false
4309,1997-06-25,1997-12-22,180,false,false,false
672,1997-06-23,1997-11-20,150,false,false,false
3047,1993-02-17,1993-03-07,18,true,true,true
2393,1993-01-07,1993-03-08,60,false,true,true
3168,1993-02-20,1993-03-08,16,true,true,true
3691,1993-02-19,1993-03-09,18,true,true,true
10364,1993-01-17,1993-03-18,60,false,true,true
477,1993-01-25,1993-03-26,60,false,true,true
2070,1993-01-29,1993-03-30,60,false,true,true
4134,1993-03-03,1993-04-02,30,true,true,true
6555,1993-03-05,1993-04-04,30,true,true,true
123,1993-03-13,1993-04-05,23,true,true,true
627,1993-02-05,1993-04-06,60,false,true,true
3076,1993-03-27,1993-04-14,18,true,true,true
697,1993-02-23,1993-04-24,60,false,true,true
3260,1993-03-25,1993-04-24,30,true,true,true
239,1993-03-01,1993-04-30,60,false,true,true
299,1993-04-05,1993-05-05,30,true,true,true
982,1993-02-05,1993-05-06,90,false,false,true
2002,1993-04-08,1993-05-06,28,true,true,true
1649,1993-01-26,1993-05-26,120,false,false,false
1200,1993-05-07,1993-06-06,30,true,true,true
8321,1993-04-12,1993-06-11,60,false,true,true
3469,1993-05-22,1993-06-13,22,true,true,true
2991,1993-05-22,1993-06-21,30,true,true,true
1505,1993-04-23,1993-06-22,60,false,true,true
119,1993-05-25,1993-06-24,30,true,true,true
510,1993-06-02,1993-07-02,30,true,true,true
1644,1993-05-09,1993-07-08,60,false,true,true
7857,1993-08-04,1993-08-10,6,true,true,true
1136,1993-08-07,1993-08-12,5,true,true,true
9093,1993-06-16,1993-08-15,60,false,true,true
1998,1993-06-17,1993-08-16,60,false,true,true
886,1993-06-23,1993-08-22,60,false,true,true
3566,1993-06-09,1993-09-07,90,false,false,true
1401,1993-08-12,1993-09-10,29,true,true,true
1197,1993-09-07,1993-09-12,5,true,true,true
2137,1993-08-17,1993-09-12,26,true,true,true
1272,1993-05-25,1993-09-22,120,false,false,false
2701,1993-07-27,1993-09-25,60,false,true,true
2029,1993-05-29,1993-09-26,120,false,false,false
2894,1993-08-28,1993-09-27,30,true,true,true
701,1993-06-08,1993-09-30,114,false,false,false
2576,1993-09-02,1993-10-02,30,true,true,true
3682,1993-06-07,1993-10-05,120,false,false,false
1079,1993-09-14,1993-10-05,21,true,true,true
3613,1993-08-10,1993-10-09,60,false,true,true
135,1993-06-15,1993-10-13,120,false,false,false
9236,1993-08-18,1993-10-17,60,false,true,true
1468,1993-10-11,1993-11-05,25,true,true,true
7011,1993-10-08,1993-11-07,30,true,true,true
616,1993-10-14,1993-11-10,27,true,true,true
27,1993-09-26,1993-11-25,60,false,true,true
3195,1993-09-02,1993-12-01,90,false,false,true
3243,1993-11-10,1993-12-07,27,true,true,true
1128,1993-11-21,1993-12-07,16,true,true,true
433,1993-06-12,1993-12-09,180,false,false,false
2128,1993-12-10,1993-12-10,0,true,true,true
519,1993-11-12,1993-12-11,29,true,true,true
7133,1993-09-17,1993-12-16,90,false,false,true
3309,1993-11-20,1993-12-20,30,true,true,true
2476,1993-12-12,1994-01-08,27,true,true,true
3196,1993-12-13,1994-01-09,27,true,true,true
419,1993-10-25,1994-01-23,90,false,false,true
545,1993-11-24,1994-01-23,60,false,true,true
245,1993-11-25,1994-01-24,60,false,true,true
597,1993-12-05,1994-02-03,60,false,true,true
183,1993-12-12,1994-02-10,60,false,true,true
2813,1993-12-15,1994-02-13,60,false,true,true
3101,1994-02-27,1994-03-11,12,true,true,true
2660,1993-10-17,1994-03-16,150,false,false,false
1231,1994-01-18,1994-03-19,60,false,true,true
2382,1994-03-08,1994-04-05,28,true,true,true
237,1994-03-25,1994-04-10,16,true,true,true
1470,1994-02-10,1994-04-11,60,false,true,true
460,1994-04-18,1994-05-05,17,true,true,true
1969,1994-04-02,1994-06-01,60,false,true,true
1194,1994-04-15,1994-06-14,60,false,true,true
56,1994-05-16,1994-06-15,30,true,true,true
2399,1994-04-26,1994-06-18,53,false,true,true
3289,1994-06-02,1994-08-01,60,false,true,true
582,1994-08-05,1994-08-09,4,true,true,true
8492,1994-06-29,1994-08-28,60,false,true,true
3805,1994-07-02,1994-08-31,60,false,true,true
3017,1994-08-12,1994-10-11,60,false,true,true
11359,1994-10-01,1994-10-14,13,true,true,true
635,1994-08-21,1994-10-20,60,false,true,true
7523,1994-08-29,1994-10-28,60,false,true,true
2912,1994-07-30,1994-11-22,115,false,false,false
9731,1994-12-01,1994-12-05,4,true,true,true
2463,1994-10-11,1994-12-10,60,false,true,true
318,1994-09-16,1994-12-15,90,false,false,true
1919,1994-12-04,1995-01-03,30,true,true,true
3663,1994-11-06,1995-01-05,60,false,true,true
68,1994-12-20,1995-01-12,23,true,true,true
5650,1995-01-08,1995-01-12,4,true,true,true
4103,1995-01-25,1995-02-24,30,true,true,true
3737,1995-03-01,1995-03-05,4,true,true,true
1858,1995-02-18,1995-03-09,19,true,true,true
1307,1994-12-05,1995-04-04,120,false,false,false
1496,1995-02-05,1995-04-06,60,false,true,true
1,1995-03-24,1995-04-13,20,true,true,true
2865,1995-03-03,1995-05-02,60,false,true,true
6289,1995-04-05,1995-05-05,30,true,true,true
2431,1995-02-23,1995-05-24,90,false,false,true
1046,1995-04-14,1995-06-13,60,false,true,true
3464,1995-05-05,1995-07-04,60,false,true,true
7136,1995-04-09,1995-07-08,90,false,false,true
3823,1995-04-19,1995-07-18,90,false,false,true
10001,1995-05-28,1995-07-27,60,false,true,true
4105,1995-05-08,1995-07-31,84,false,false,true
1203,1995-08-09,1995-09-08,30,true,true,true
937,1995-08-26,1995-09-10,15,true,true,true
894,1995-08-27,1995-09-14,18,true,true,true
2456,1995-09-09,1995-09-14,5,true,true,true
8998,1995-05-24,1995-09-21,120,false,false,false
3995,1995-08-27,1995-10-26,60,false,true,true
1426,1995-10-27,1995-11-08,12,true,true,true
994,1995-09-15,1995-11-14,60,false,true,true
1335,1995-09-21,1995-11-20,60,false,true,true
1341,1995-11-21,1995-12-11,20,true,true,true
1720,1995-05-16,1995-12-12,210,false,false,false
260,1995-10-14,1995-12-13,60,false,true,true
2851,1995-12-02,1996-01-01,30,true,true,true
1469,1995-12-15,1996-01-06,22,true,true,true
6927,1995-12-08,1996-01-07,30,true,true,true
2157,1995-11-08,1996-01-07,60,false,true,true
1137,1995-12-19,1996-01-13,25,true,true,true
3937,1996-01-10,1996-01-14,4,true,true,true
84,1995-12-25,1996-01-24,30,true,true,true
602,1995-10-27,1996-01-25,90,false,false,true
3783,1995-11-29,1996-01-28,60,false,true,true
314,1996-01-26,1996-02-06,11,true,true,true
3009,1996-01-26,1996-02-08,13,true,true,true
308,1995-10-16,1996-02-13,120,false,false,false
4462,1995-12-27,1996-02-25,60,false,true,true
2780,1995-12-29,1996-02-27,60,false,true,true
3278,1996-01-02,1996-03-02,60,false,true,true
1216,1996-03-01,1996-03-05,4,true,true,true
4361,1996-03-11,1996-03-14,3,true,true,true
3373,1996-01-18,1996-03-18,60,false,true,true
10807,1996-03-13,1996-04-05,23,true,true,true
865,1996-03-18,1996-04-05,18,true,true,true
1922,1996-02-09,1996-04-09,60,false,true,true
1351,1996-03-29,1996-04-10,12,true,true,true
3439,1996-02-16,1996-04-16,60,false,true,true
825,1996-03-06,1996-05-05,60,false,true,true
1503,1996-04-10,1996-05-09,29,true,true,true
302,1996-05-09,1996-05-09,0,true,true,true
3854,1996-04-18,1996-05-11,23,true,true,true
468,1996-03-19,1996-05-18,60,false,true,true
853,1996-03-20,1996-05-19,60,false,true,true
2017,1996-02-21,1996-05-21,90,false,false,true
2936,1996-03-27,1996-05-26,60,false,true,true
3294,1996-04-09,1996-06-08,60,false,true,true
1622,1996-04-12,1996-06-11,60,false,true,true
2888,1996-05-23,1996-06-11,19,true,true,true
5072,1996-04-12,1996-06-11,60,false,true,true
1655,1996-04-15,1996-06-14,60,false,true,true
4488,1996-04-24,1996-06-23,60,false,true,true
1192,1996-05-02,1996-07-01,60,false,true,true
2837,1996-06-02,1996-07-02,30,true,true,true
6699,1996-06-08,1996-07-06,28,true,true,true
313,1996-07-06,1996-07-08,2,true,true,true
9494,1996-05-10,1996-07-09,60,false,true,true
3957,1996-06-13,1996-07-09,26,true,true,true
1869,1996-06-14,1996-07-14,30,true,true,true
4768,1996-06-17,1996-07-17,30,true,true,true
2246,1996-04-25,1996-07-24,90,false,false,true
1232,1996-07-06,1996-08-05,30,true,true,true
6461,1996-07-17,1996-08-16,30,true,true,true
1040,1996-05-18,1996-08-16,90,false,false,true
1490,1996-07-25,1996-08-24,30,true,true,true
2746,1996-08-23,1996-09-09,17,true,true,true
1525,1996-09-05,1996-09-09,4,true,true,true
690,1996-07-11,1996-09-09,60,false,true,true
1593,1996-08-22,1996-09-10,19,true,true,true
269,1996-08-30,1996-09-12,13,true,true,true
1408,1996-09-07,1996-09-12,5,true,true,true
1774,1996-09-10,1996-09-12,2,true,true,true
10562,1996-08-21,1996-09-20,30,true,true,true
2040,1996-06-25,1996-09-23,90,false,false,true
2004,1996-08-04,1996-10-03,60,false,true,true
2917,1996-08-08,1996-10-07,60,false,true,true
3158,1996-10-03,1996-10-11,8,true,true,true
2764,1996-08-15,1996-10-14,60,false,true,true
2973,1996-08-15,1996-10-14,60,false,true,true
4618,1996-07-21,1996-10-19,90,false,false,true
9826,1996-08-23,1996-10-22,60,false,true,true
4186,1996-08-25,1996-10-24,60,false,true,true
2383,1996-08-05,1996-11-03,90,false,false,true
2872,1996-09-04,1996-11-03,60,false,true,true
3811,1996-10-26,1996-11-05,10,true,true,true
255,1996-11-03,1996-11-08,5,true,true,true
926,1996-11-01,1996-11-10,9,true,true,true
1667,1996-08-18,1996-11-16,90,false,false,true
3179,1996-09-20,1996-11-19,60,false,true,true
7082,1996-09-06,1996-12-05,90,false,false,true
3334,1996-07-09,1996-12-06,150,false,false,false
8225,1996-12-07,1996-12-09,2,true,true,true
6157,1996-11-11,1996-12-11,30,true,true,true
2264,1996-11-22,1996-12-14,22,true,true,true
281,1996-10-27,1996-12-26,60,false,true,true
221,1996-10-30,1996-12-29,60,false,true,true
3615,1996-11-05,1997-01-04,60,false,true,true
1324,1996-11-05,1997-01-04,60,false,true,true
1316,1996-12-13,1997-01-08,26,true,true,true
4383,1996-11-10,1997-01-09,60,false,true,true
935,1996-12-25,1997-01-11,17,true,true,true
1368,1996-12-12,1997-01-11,30,true,true,true
2988,1996-10-14,1997-01-12,90,false,false,true
4069,1996-11-17,1997-01-16,60,false,true,true
4033,1996-11-19,1997-01-18,60,false,true,true
1393,1996-11-24,1997-01-23,60,false,true,true
3843,1996-10-02,1997-01-30,120,false,false,false
2193,1996-11-03,1997-02-01,90,false,false,true
599,1996-12-04,1997-02-02,60,false,true,true
3639,1997-01-08,1997-02-06,29,true,true,true
1707,1997-01-13,1997-02-07,25,true,true,true
2873,1996-12-13,1997-02-11,60,false,true,true
2376,1996-12-14,1997-02-12,60,false,true,true
6138,1997-01-22,1997-02-12,21,true,true,true
1656,1997-02-01,1997-02-12,11,true,true,true
2560,1997-06-20,1997-09-18,90,false,false,true
2262,1997-02-08,1997-04-09,60,false,true,true
1551,1997-06-18,1997-07-05,17,true,true,true
2270,1997-03-08,1997-04-05,28,true,true,true
2878,1997-06-14,1997-07-06,22,true,true,true
879,1997-06-04,1997-06-10,6,true,true,true
2734,1996-12-16,1997-02-14,60,false,true,true
4003,1997-08-22,1997-09-21,30,true,true,true
2672,1997-03-14,1997-04-08,25,true,true,true
509,1997-08-14,1997-10-13,60,false,true,true
402,1997-09-14,1997-11-13,60,false,true,true
3245,1997-06-26,1997-07-10,14,true,true,true
3959,1997-02-15,1997-03-11,24,true,true,true
3102,1997-11-23,1997-12-23,30,true,true,true
3506,1997-05-08,1997-07-07,60,false,true,true
1598,1997-04-12,1997-05-12,30,true,true,true
2391,1997-11-07,1998-01-06,60,false,true,true
3005,1997-01-11,1997-06-10,150,false,false,false
3908,1997-01-16,1997-02-13,28,true,true,true
2728,1997-07-06,1997-08-05,30,true,true,true
2053,1997-10-16,1997-12-15,60,false,true,true
752,1997-01-10,1997-03-11,60,false,true,true
1264,1997-02-16,1997-04-17,60,false,true,true
1321,1997-03-27,1997-06-25,90,false,false,true
2325,1997-02-26,1997-03-28,30,true,true,true
12,1997-04-15,1997-05-13,28,true,true,true
9140,1997-08-18,1997-10-17,60,false,true,true
868,1997-05-26,1997-07-25,60,false,true,true
311,1997-08-08,1997-09-07,30,true,true,true
834,1997-05-23,1997-06-06,14,true,true,true
1833,1997-11-15,1997-12-10,25,true,true,true
1061,1997-10-17,1998-01-15,90,false,false,true
2843,1997-03-29,1997-05-28,60,false,true,true
3185,1997-07-29,1997-10-27,90,false,false,true
3742,1997-05-11,1997-05-13,2,true,true,true
2979,1997-11-22,1997-12-13,21,true,true,true
10257,1997-05-01,1997-05-31,30,true,true,true
2966,1997-03-27,1997-04-26,30,true,true,true
351,1997-02-17,1997-04-18,60,false,true,true
2366,1997-05-20,1997-06-10,21,true,true,true
156,1997-10-22,1997-11-14,23,true,true,true
3836,1997-12-09,1998-01-08,30,true,true,true
1253,1997-04-13,1997-06-12,60,false,true,true
3657,1997-09-19,1997-10-14,25,true,true,true
2133,1997-10-07,1997-10-14,7,true,true,true
671,1997-10-29,1998-03-28,150,false,false,false
5870,1997-09-17,1997-11-16,60,false,true,true
2299,1997-01-21,1997-03-22,60,false,true,true
3262,1997-06-22,1997-07-22,30,true,true,true
1687,1997-04-18,1997-05-09,21,true,true,true
3665,1997-06-28,1997-11-25,150,false,false,false
2079,1997-09-06,1997-11-05,60,false,true,true
3154,1997-07-02,1997-08-31,60,false,true,true
1034,1997-04-04,1997-07-03,90,false,false,true
1541,1996-10-18,1997-02-15,120,false,false,false
828,1997-02-12,1997-03-14,30,true,true,true
3620,1997-02-06,1997-04-30,83,false,false,true
4208,1997-04-08,1997-07-31,114,false,false,false
2184,1997-05-07,1997-07-06,60,false,true,true
2036,1997-10-03,1998-01-18,107,false,false,false
1729,1997-09-08,1997-12-07,90,false,false,true
3460,1997-04-08,1997-05-08,30,true,true,true
17,1997-01-08,1997-05-08,120,false,false,false
2852,1996-12-29,1997-10-25,300,false,false,false
1735,1996-12-04,1997-04-03,120,false,false,false
374,1993-01-09,1993-02-05,27,true,true,true
1699,1993-01-14,1993-02-05,22,true,true,true
764,1993-01-08,1993-02-05,28,true,true,true
1179,1993-01-23,1993-02-07,15,true,true,true
1481,1993-01-17,1993-02-13,27,true,true,true
6473,1993-01-26,1993-02-25,30,true,true,true
2220,1993-02-10,1993-03-07,25,true,true,true
1006,1993-02-08,1993-03-08,28,true,true,true
1688,1993-02-27,1993-03-09,10,true,true,true
5622,1993-02-08,1993-03-10,30,true,true,true
2453,1993-03-08,1993-03-13,5,true,true,true
559,1993-03-05,1993-03-14,9,true,true,true
9307,1993-01-24,1993-03-25,60,false,true,true
5868,1993-02-02,1993-04-03,60,false,true,true
2508,1993-03-14,1993-04-06,23,true,true,true
2429,1993-02-06,1993-04-07,60,false,true,true
2618,1993-03-21,1993-04-08,18,true,true,true
2884,1993-02-08,1993-04-09,60,false,true,true
2896,1993-03-30,1993-04-11,12,true,true,true
3644,1993-04-13,1993-04-13,0,true,true,true
979,1993-02-16,1993-04-17,60,false,true,true
4034,1993-01-18,1993-04-18,90,false,false,true
3069,1993-03-20,1993-04-19,30,true,true,true
5442,1993-03-22,1993-04-21,30,true,true,true
655,1993-03-24,1993-04-23,30,true,true,true
887,1993-05-05,1993-05-05,0,true,true,true
2823,1993-04-18,1993-05-06,18,true,true,true
3835,1993-03-16,1993-05-15,60,false,true,true
3099,1993-05-20,1993-06-07,18,true,true,true
334,1993-05-24,1993-06-23,30,true,true,true
3796,1993-05-25,1993-06-24,30,true,true,true
496,1993-02-26,1993-06-26,120,false,false,false
2175,1993-04-27,1993-06-26,60,false,true,true
3697,1993-04-29,1993-06-28,60,false,true,true
2932,1993-05-04,1993-07-03,60,false,true,true
2146,1993-06-05,1993-07-05,30,true,true,true
1207,1993-06-08,1993-07-08,30,true,true,true
1852,1993-07-05,1993-07-11,6,true,true,true
4894,1993-06-20,1993-07-12,22,true,true,true
9034,1993-06-28,1993-07-14,16,true,true,true
2554,1993-06-18,1993-07-18,30,true,true,true
3096,1993-06-29,1993-07-29,30,true,true,true
2464,1993-07-02,1993-08-01,30,true,true,true
9883,1993-03-19,1993-08-16,150,false,false,false
3600,1993-08-10,1993-09-05,26,true,true,true
162,1993-08-25,1993-09-06,12,true,true,true
3127,1993-08-08,1993-09-07,30,true,true,true
1497,1993-07-16,1993-09-14,60,false,true,true
1116,1993-07-20,1993-09-18,60,false,true,true
1201,1993-07-23,1993-09-21,60,false,true,true
5011,1993-08-25,1993-09-24,30,true,true,true
1297,1993-07-27,1993-09-25,60,false,true,true
3738,1993-08-01,1993-09-30,60,false,true,true
3977,1993-09-25,1993-10-05,10,true,true,true
3268,1993-09-20,1993-10-05,15,true,true,true
2907,1993-09-09,1993-10-06,27,true,true,true
3822,1993-09-22,1993-10-09,17,true,true,true
2671,1993-09-15,1993-10-11,26,true,true,true
541,1993-08-12,1993-10-11,60,false,true,true
8564,1993-09-12,1993-10-12,30,true,true,true
259,1993-10-28,1993-11-05,8,true,true,true
1516,1993-10-08,1993-11-05,28,true,true,true
1217,1993-10-25,1993-11-06,12,true,true,true
4013,1993-10-08,1993-11-07,30,true,true,true
841,1993-11-04,1993-11-07,3,true,true,true
8041,1993-10-10,1993-11-09,30,true,true,true
198,1993-10-25,1993-11-13,19,true,true,true
1547,1993-09-14,1993-11-13,60,false,true,true
3408,1993-09-19,1993-11-18,60,false,true,true
2700,1993-11-08,1993-12-06,28,true,true,true
11135,1993-10-10,1993-12-09,60,false,true,true
750,1993-09-12,1993-12-11,90,false,false,true
737,1993-12-08,1993-12-12,4,true,true,true
3938,1993-11-17,1993-12-17,30,true,true,true
4437,1993-09-24,1993-12-23,90,false,false,true
2419,1993-11-27,1993-12-27,30,true,true,true
2435,1993-11-01,1993-12-31,60,false,true,true
1204,1993-12-03,1994-01-02,30,true,true,true
2770,1993-12-25,1994-01-05,11,true,true,true
2305,1993-12-11,1994-01-08,28,true,true,true
3164,1993-12-24,1994-01-11,18,true,true,true
1621,1993-12-01,1994-01-30,60,false,true,true
1552,1994-01-02,1994-02-01,30,true,true,true
3352,1993-11-08,1994-02-06,90,false,false,true
1762,1993-12-11,1994-02-09,60,false,true,true
127,1994-02-02,1994-02-12,10,true,true,true
6148,1993-12-27,1994-02-25,60,false,true,true
1317,1994-02-18,1994-03-10,20,true,true,true
3840,1994-02-19,1994-03-11,20,true,true,true
1813,1994-02-11,1994-03-13,30,true,true,true
956,1993-12-05,1994-04-04,120,false,false,false
3804,1994-04-07,1994-04-07,0,true,true,true
3253,1994-03-15,1994-04-14,30,true,true,true
470,1994-03-23,1994-05-22,60,false,true,true
538,1994-06-07,1994-06-11,4,true,true,true
3717,1994-05-20,1994-06-12,23,true,true,true
524,1994-05-03,1994-07-02,60,false,true,true
3728,1994-08-18,1994-09-05,18,true,true,true
422,1994-08-29,1994-09-12,14,true,true,true
3608,1994-08-30,1994-09-29,30,true,true,true
2627,1994-10-02,1994-10-09,7,true,true,true
1766,1994-09-03,1994-11-02,60,false,true,true
2025,1994-10-02,1994-12-01,60,false,true,true
3576,1994-11-07,1994-12-06,29,true,true,true
1578,1994-12-01,1994-12-08,7,true,true,true
2377,1994-11-13,1994-12-13,30,true,true,true
1554,1994-11-15,1994-12-15,30,true,true,true
3419,1994-10-29,1994-12-28,60,false,true,true
3797,1994-09-03,1995-01-01,120,false,false,false
2541,1994-11-08,1995-01-07,60,false,true,true
7562,1995-01-17,1995-02-07,21,true,true,true
650,1995-01-28,1995-02-10,13,true,true,true
3369,1994-12-01,1995-03-01,90,false,false,true
2047,1995-02-21,1995-03-08,15,true,true,true
2268,1995-02-11,1995-03-13,30,true,true,true
607,1995-02-17,1995-03-14,25,true,true,true
2267,1994-09-20,1995-03-19,180,false,false,false
2352,1995-01-21,1995-03-22,60,false,true,true
3235,1995-01-26,1995-03-27,60,false,true,true
1108,1995-03-09,1995-04-07,29,true,true,true
8159,1995-02-08,1995-04-09,60,false,true,true
3817,1995-02-10,1995-04-11,60,false,true,true
1914,1995-01-24,1995-04-24,90,false,false,true
795,1995-01-27,1995-04-27,90,false,false,true
54,1995-05-02,1995-05-12,10,true,true,true
756,1995-01-13,1995-05-13,120,false,false,false
2839,1995-04-04,1995-06-03,60,false,true,true
2178,1995-05-15,1995-06-14,30,true,true,true
3045,1995-06-08,1995-07-05,27,true,true,true
3230,1995-03-11,1995-07-09,120,false,false,false
2292,1995-06-29,1995-07-10,11,true,true,true
1725,1995-07-03,1995-07-10,7,true,true,true
2307,1995-07-12,1995-07-13,1,true,true,true
7184,1995-06-19,1995-07-19,30,true,true,true
4589,1995-05-22,1995-07-21,60,false,true,true
5742,1995-07-05,1995-08-04,30,true,true,true
3725,1995-06-11,1995-08-10,60,false,true,true
1031,1995-06-20,1995-08-19,60,false,true,true
1151,1995-06-23,1995-08-22,60,false,true,true
1562,1995-08-30,1995-09-09,10,true,true,true
4081,1995-07-22,1995-09-20,60,false,true,true
2553,1995-07-24,1995-09-22,60,false,true,true
3914,1995-09-05,1995-11-04,60,false,true,true
3330,1995-07-08,1995-11-05,120,false,false,false
2965,1995-10-10,1995-11-05,26,true,true,true
9377,1995-09-17,1995-11-16,60,false,true,true
4190,1995-10-04,1995-12-03,60,false,true,true
1423,1995-09-08,1995-12-07,90,false,false,true
2374,1995-12-07,1995-12-08,1,true,true,true
924,1995-12-09,1995-12-10,1,true,true,true
474,1995-12-06,1995-12-13,7,true,true,true
2834,1995-10-14,1995-12-13,60,false,true,true
633,1995-12-06,1995-12-13,7,true,true,true
3229,1995-11-18,1995-12-18,30,true,true,true
10762,1995-10-23,1995-12-22,60,false,true,true
7487,1995-10-01,1995-12-30,90,false,false,true
992,1995-10-01,1995-12-30,90,false,false,true
791,1995-12-14,1996-01-10,27,true,true,true
5661,1995-12-20,1996-01-19,30,true,true,true
1395,1995-11-21,1996-01-20,60,false,true,true
1093,1996-01-14,1996-02-07,24,true,true,true
2095,1995-12-19,1996-02-17,60,false,true,true
3338,1995-12-24,1996-02-22,60,false,true,true
3755,1996-01-20,1996-03-05,45,false,true,true
3335,1996-02-18,1996-03-09,20,true,true,true
1886,1996-03-05,1996-03-13,8,true,true,true
2143,1996-01-13,1996-03-13,60,false,true,true
390,1996-02-16,1996-03-17,30,true,true,true
660,1996-01-20,1996-03-20,60,false,true,true
2187,1996-02-26,1996-03-27,30,true,true,true
3931,1996-02-05,1996-04-05,60,false,true,true
646,1996-01-06,1996-04-05,90,false,false,true
840,1996-03-12,1996-04-11,30,true,true,true
4346,1996-03-15,1996-04-14,30,true,true,true
2226,1996-02-17,1996-04-17,60,false,true,true
2929,1996-04-06,1996-05-05,29,true,true,true
804,1996-02-06,1996-05-06,90,false,false,true
2730,1996-05-02,1996-05-07,5,true,true,true
1383,1996-04-15,1996-05-07,22,true,true,true
2287,1996-04-21,1996-05-21,30,true,true,true
689,1996-04-24,1996-05-24,30,true,true,true
2254,1996-04-17,1996-06-06,50,false,true,true
958,1996-06-06,1996-06-09,3,true,true,true
1924,1996-05-16,1996-06-14,29,true,true,true
695,1996-04-21,1996-06-20,60,false,true,true
7890,1996-03-26,1996-06-24,90,false,false,true
1646,1996-05-27,1996-06-26,30,true,true,true
3240,1996-05-29,1996-06-28,30,true,true,true
2344,1996-07-02,1996-07-06,4,true,true,true
7926,1996-06-09,1996-07-09,30,true,true,true
3515,1996-06-16,1996-07-10,24,true,true,true
152,1996-04-12,1996-07-11,90,false,false,true
2619,1996-05-13,1996-07-12,60,false,true,true
2131,1996-07-11,1996-07-13,2,true,true,true
525,1996-03-20,1996-07-18,120,false,false,false
5602,1996-07-10,1996-07-25,15,true,true,true
4585,1996-06-08,1996-08-07,60,false,true,true
1187,1996-07-28,1996-08-08,11,true,true,true
2291,1996-07-27,1996-08-11,15,true,true,true
373,1996-06-20,1996-08-19,60,false,true,true
3793,1996-06-28,1996-08-27,60,false,true,true
2737,1996-07-06,1996-09-04,60,false,true,true
617,1996-08-23,1996-09-05,13,true,true,true
2825,1996-07-10,1996-09-08,60,false,true,true
447,1996-08-14,1996-09-13,30,true,true,true
3114,1996-06-15,1996-09-13,90,false,false,true
1799,1996-09-13,1996-09-13,0,true,true,true
3491,1996-07-27,1996-09-25,60,false,true,true
4127,1996-05-03,1996-09-30,150,false,false,false
1329,1996-09-16,1996-10-06,20,true,true,true
2191,1996-08-08,1996-10-07,60,false,true,true
1631,1996-09-27,1996-10-11,14,true,true,true
3741,1996-08-18,1996-10-17,60,false,true,true
4010,1996-08-19,1996-10-18,60,false,true,true
836,1996-07-28,1996-10-26,90,false,false,true
3192,1996-07-28,1996-10-26,90,false,false,true
3774,1996-08-30,1996-10-29,60,false,true,true
10857,1996-10-02,1996-11-01,30,true,true,true
4438,1996-08-04,1996-11-02,90,false,false,true
2290,1996-10-22,1996-11-10,19,true,true,true
911,1996-08-12,1996-11-10,90,false,false,true
350,1996-10-13,1996-11-11,29,true,true,true
3668,1996-06-15,1996-11-12,150,false,false,false
272,1996-10-23,1996-11-22,30,true,true,true
2332,1996-09-24,1996-11-23,60,false,true,true
3560,1996-11-10,1996-12-06,26,true,true,true
2475,1996-10-13,1996-12-12,60,false,true,true
1587,1996-12-11,1996-12-14,3,true,true,true
3776,1996-10-16,1996-12-15,60,false,true,true
3376,1996-11-17,1996-12-17,30,true,true,true
3029,1996-12-24,1997-01-07,14,true,true,true
3819,1996-11-11,1997-01-10,60,false,true,true
2032,1996-11-14,1997-01-13,60,false,true,true
2964,1997-01-09,1997-01-14,5,true,true,true
3377,1996-12-02,1997-01-31,60,false,true,true
1083,1996-12-06,1997-02-04,60,false,true,true
905,1996-12-11,1997-02-09,60,false,true,true
1259,1997-04-12,1997-06-11,60,false,true,true
2850,1997-11-22,1997-12-10,18,true,true,true
4156,1997-06-27,1997-07-27,30,true,true,true
10022,1997-05-07,1997-06-06,30,true,true,true
1798,1997-11-28,1997-12-28,30,true,true,true
4784,1997-08-08,1997-08-10,2,true,true,true
3471,1997-01-22,1997-03-23,60,false,true,true
3565,1997-02-12,1997-03-08,24,true,true,true
114,1997-03-14,1997-04-11,28,true,true,true
1141,1997-02-16,1997-03-06,18,true,true,true
10644,1997-07-12,1997-07-13,1,true,true,true
622,1997-06-22,1997-08-21,60,false,true,true
502,1997-10-13,1997-11-07,25,true,true,true
1348,1997-11-12,1998-01-11,60,false,true,true
2689,1997-01-01,1997-03-02,60,false,true,true
3889,1997-07-03,1997-07-11,8,true,true,true
189,1997-04-16,1997-06-15,60,false,true,true
3013,1997-12-09,1997-12-09,0,true,true,true
1245,1997-11-12,1998-01-11,60,false,true,true
1572,1997-10-21,1997-12-20,60,false,true,true
3281,1997-08-06,1997-09-05,30,true,true,true
1340,1997-10-28,1997-11-10,13,true,true,true
4158,1997-09-04,1997-09-12,8,true,true,true
3403,1997-05-20,1997-06-19,30,true,true,true
3893,1996-12-13,1997-03-13,90,false,false,true
1424,1997-05-20,1997-07-19,60,false,true,true
11141,1997-02-11,1997-03-13,30,true,true,true
139,1997-05-15,1997-06-13,29,true,true,true
1884,1996-12-24,1997-02-22,60,false,true,true
2535,1997-01-21,1997-03-22,60,false,true,true
2690,1997-03-19,1997-04-06,18,true,true,true
2854,1997-01-18,1997-03-19,60,false,true,true
2846,1997-09-27,1997-10-07,10,true,true,true
3404,1997-11-04,1998-01-03,60,false,true,true
641,1997-06-22,1997-08-21,60,false,true,true
1198,1997-04-20,1997-05-14,24,true,true,true
3328,1997-03-17,1997-04-14,28,true,true,true
3922,1997-10-22,1997-11-14,23,true,true,true
909,1997-09-02,1997-09-14,12,true,true,true
8919,1997-07-03,1997-10-31,120,false,false,false
3274,1997-09-17,1997-11-16,60,false,true,true
3603,1997-09-17,1997-11-16,60,false,true,true
7049,1997-10-12,1997-11-05,24,true,true,true
7721,1997-07-03,1997-07-10,7,true,true,true
438,1997-06-23,1997-10-21,120,false,false,false
778,1996-10-26,1997-05-24,210,false,false,false
1466,1997-03-26,1997-06-24,90,false,false,true
2661,1997-02-25,1997-04-26,60,false,true,true
9484,1997-04-26,1997-06-25,60,false,true,true
3662,1997-05-26,1997-06-25,30,true,true,true
3125,1996-12-16,1997-02-14,60,false,true,true
177,1997-09-26,1997-11-25,60,false,true,true
6602,1997-08-04,1997-10-03,60,false,true,true
3790,1997-05-13,1997-05-31,18,true,true,true
6922,1997-05-12,1997-06-07,26,true,true,true
512,1997-01-14,1997-03-15,60,false,true,true
1356,1997-02-01,1997-05-02,90,false,false,true
2787,1997-12-07,1998-01-06,30,true,true,true
2776,1997-08-10,1997-09-07,28,true,true,true
282,1997-05-12,1997-06-11,30,true,true,true
3616,1997-12-15,1998-08-12,240,false,false,false
2892,1997-12-16,1998-08-13,240,false,false,false
1430,1997-02-13,1997-09-11,210,false,false,false
8051,1993-02-07,1993-03-05,26,true,true,true
2396,1993-02-22,1993-03-05,11,true,true,true
3117,1993-02-24,1993-03-13,17,true,true,true
1019,1993-01-21,1993-03-22,60,false,true,true
2902,1993-01-28,1993-03-29,60,false,true,true
830,1993-02-08,1993-04-09,60,false,true,true
2647,1993-02-08,1993-04-09,60,false,true,true
2527,1993-03-19,1993-04-18,30,true,true,true
1054,1993-02-19,1993-04-20,60,false,true,true
2814,1993-04-25,1993-05-13,18,true,true,true
1161,1993-05-08,1993-05-14,6,true,true,true
5369,1993-02-25,1993-05-26,90,false,false,true
4350,1993-04-04,1993-06-03,60,false,true,true
3210,1993-05-17,1993-06-16,30,true,true,true
23,1993-05-22,1993-06-21,30,true,true,true
1771,1993-03-28,1993-06-26,90,false,false,true
2641,1993-05-02,1993-07-01,60,false,true,true
4576,1993-06-05,1993-07-05,30,true,true,true
790,1993-05-11,1993-07-10,60,false,true,true
1451,1993-06-24,1993-07-13,19,true,true,true
1787,1993-03-22,1993-07-20,120,false,false,false
2645,1993-05-22,1993-07-21,60,false,true,true
4377,1993-04-24,1993-07-23,90,false,false,true
11320,1993-05-26,1993-07-25,60,false,true,true
5472,1993-05-04,1993-08-02,90,false,false,true
5343,1993-06-08,1993-08-07,60,false,true,true
3982,1993-07-27,1993-08-08,12,true,true,true
3547,1993-08-07,1993-08-10,3,true,true,true
3792,1993-08-11,1993-08-12,1,true,true,true
2880,1993-06-16,1993-08-15,60,false,true,true
2599,1993-04-20,1993-08-18,120,false,false,false
1851,1993-05-23,1993-08-21,90,false,false,true
3287,1993-07-26,1993-08-25,30,true,true,true
5481,1993-08-16,1993-09-07,22,true,true,true
1701,1993-08-10,1993-09-09,30,true,true,true
3837,1993-08-26,1993-09-09,14,true,true,true
1334,1993-05-14,1993-09-11,120,false,false,false
3413,1993-07-13,1993-09-11,60,false,true,true
1544,1993-07-14,1993-09-12,60,false,true,true
978,1993-08-18,1993-09-13,26,true,true,true
2613,1993-10-03,1993-10-10,7,true,true,true
523,1993-08-11,1993-10-10,60,false,true,true
2771,1993-08-18,1993-10-17,60,false,true,true
33,1993-08-26,1993-10-25,60,false,true,true
1896,1993-10-05,1993-11-04,30,true,true,true
1381,1993-11-01,1993-11-06,5,true,true,true
2649,1993-09-08,1993-11-07,60,false,true,true
2583,1993-05-11,1993-11-07,180,false,false,false
837,1993-09-18,1993-11-17,60,false,true,true
688,1993-11-25,1993-12-07,12,true,true,true
678,1993-10-08,1993-12-07,60,false,true,true
2271,1993-11-13,1993-12-10,27,true,true,true
998,1993-11-11,1993-12-11,30,true,true,true
1235,1993-11-23,1993-12-12,19,true,true,true
1767,1993-10-20,1993-12-19,60,false,true,true
1286,1993-11-23,1993-12-23,30,true,true,true
4079,1993-11-03,1994-01-02,60,false,true,true
10670,1993-11-18,1994-01-04,47,false,true,true
2980,1993-12-09,1994-01-06,28,true,true,true
365,1993-12-12,1994-01-06,25,true,true,true
180,1993-12-14,1994-01-09,26,true,true,true
441,1993-12-17,1994-01-09,23,true,true,true
2010,1993-12-27,1994-01-09,13,true,true,true
1952,1993-11-28,1994-01-27,60,false,true,true
787,1993-11-14,1994-02-12,90,false,false,true
2538,1994-01-30,1994-02-13,14,true,true,true
1193,1994-01-05,1994-03-06,60,false,true,true
4385,1993-11-23,1994-03-23,120,false,false,false
3307,1994-03-13,1994-05-12,60,false,true,true
1987,1994-03-17,1994-05-16,60,false,true,true
2180,1993-10-27,1994-05-25,210,false,false,false
1269,1994-03-28,1994-05-27,60,false,true,true
1169,1994-03-02,1994-05-31,90,false,false,true
82,1994-05-03,1994-06-02,30,true,true,true
1388,1994-05-02,1994-07-01,60,false,true,true
3484,1994-06-01,1994-07-01,30,true,true,true
352,1994-07-04,1994-07-13,9,true,true,true
2067,1994-04-07,1994-08-05,120,false,false,false
3049,1994-09-08,1994-09-14,6,true,true,true
3457,1994-10-01,1994-10-07,6,true,true,true
1017,1994-08-11,1994-10-10,60,false,true,true
3878,1994-10-07,1994-11-06,30,true,true,true
2572,1994-11-13,1994-12-07,24,true,true,true
940,1994-11-15,1994-12-11,26,true,true,true
2742,1994-10-15,1994-12-14,60,false,true,true
2028,1994-11-26,1994-12-26,30,true,true,true
2121,1994-12-05,1995-01-04,30,true,true,true
359,1994-12-11,1995-01-08,28,true,true,true
2707,1994-11-27,1995-01-24,58,false,true,true
2681,1995-01-19,1995-02-18,30,true,true,true
1112,1995-02-03,1995-03-05,30,true,true,true
3362,1995-01-25,1995-03-26,60,false,true,true
1757,1995-03-27,1995-04-08,12,true,true,true
388,1995-02-11,1995-04-12,60,false,true,true
3297,1995-02-17,1995-04-18,60,false,true,true
3710,1995-02-25,1995-04-26,60,false,true,true
7815,1995-04-09,1995-05-04,25,true,true,true
1280,1995-05-03,1995-05-08,5,true,true,true
1862,1995-04-15,1995-05-08,23,true,true,true
2331,1995-04-29,1995-05-09,10,true,true,true
404,1995-04-28,1995-05-13,15,true,true,true
1261,1995-03-18,1995-05-17,60,false,true,true
3233,1995-03-03,1995-06-01,90,false,false,true
746,1995-05-10,1995-06-09,30,true,true,true
53,1995-06-07,1995-06-10,3,true,true,true
3520,1995-06-04,1995-06-12,8,true,true,true
5774,1995-06-08,1995-07-08,30,true,true,true
7618,1995-06-13,1995-07-09,26,true,true,true
1936,1995-07-18,1995-08-08,21,true,true,true
953,1995-07-22,1995-08-14,23,true,true,true
1728,1995-06-23,1995-08-22,60,false,true,true
1961,1995-08-30,1995-09-14,15,true,true,true
3269,1995-09-03,1995-10-03,30,true,true,true
3763,1995-08-23,1995-10-22,60,false,true,true
32,1995-08-28,1995-10-27,60,false,true,true
3552,1995-09-06,1995-11-05,60,false,true,true
3131,1995-10-23,1995-11-07,15,true,true,true
2206,1995-08-10,1995-11-08,90,false,false,true
2255,1995-10-14,1995-11-09,26,true,true,true
1796,1995-10-14,1995-11-13,30,true,true,true
1089,1995-10-10,1995-12-09,60,false,true,true
11362,1995-10-14,1995-12-13,60,false,true,true
2341,1995-11-25,1995-12-13,18,true,true,true
3303,1995-11-17,1995-12-17,30,true,true,true
1700,1995-11-18,1995-12-18,30,true,true,true
3200,1995-10-20,1995-12-19,60,false,true,true
1756,1995-10-26,1995-12-25,60,false,true,true
3273,1995-12-29,1996-01-09,11,true,true,true
3010,1995-09-13,1996-01-11,120,false,false,false
1263,1996-01-09,1996-02-08,30,true,true,true
2212,1996-02-12,1996-02-13,1,true,true,true
486,1995-11-21,1996-02-19,90,false,false,true
9633,1996-01-08,1996-03-08,60,false,true,true
3754,1996-02-19,1996-03-08,18,true,true,true
2062,1996-03-06,1996-03-14,8,true,true,true
2207,1996-01-25,1996-03-25,60,false,true,true
1963,1996-02-03,1996-04-03,60,false,true,true
1977,1996-02-03,1996-04-03,60,false,true,true
2334,1996-03-19,1996-04-06,18,true,true,true
1020,1996-04-09,1996-04-10,1,true,true,true
4994,1996-01-11,1996-04-10,90,false,false,true
7565,1996-04-02,1996-04-12,10,true,true,true
734,1996-04-08,1996-04-13,5,true,true,true
184,1996-02-21,1996-04-21,60,false,true,true
2289,1996-03-07,1996-05-06,60,false,true,true
3974,1996-03-08,1996-05-07,60,false,true,true
8085,1996-04-08,1996-05-08,30,true,true,true
2986,1996-04-09,1996-05-09,30,true,true,true
356,1996-03-12,1996-05-11,60,false,true,true
1456,1996-04-12,1996-05-12,30,true,true,true
481,1996-04-23,1996-05-13,20,true,true,true
2247,1996-04-13,1996-05-13,30,true,true,true
2864,1996-03-16,1996-05-15,60,false,true,true
1916,1996-02-16,1996-05-16,90,false,false,true
739,1996-03-18,1996-05-17,60,false,true,true
3907,1996-04-18,1996-05-18,30,true,true,true
3814,1995-12-27,1996-05-25,150,false,false,false
2757,1996-05-14,1996-06-10,27,true,true,true
2505,1996-05-16,1996-06-13,28,true,true,true
621,1996-06-01,1996-07-01,30,true,true,true
4273,1996-03-11,1996-07-09,120,false,false,false
6792,1996-05-11,1996-07-10,60,false,true,true
3247,1996-04-11,1996-07-10,90,false,false,true
2387,1996-06-22,1996-07-11,19,true,true,true
3318,1996-06-25,1996-07-13,18,true,true,true
4447,1996-06-16,1996-07-16,30,true,true,true
5726,1996-04-19,1996-07-18,90,false,false,true
167,1996-02-26,1996-07-25,150,false,false,false
3698,1996-03-03,1996-07-31,150,false,false,false
1654,1996-08-05,1996-08-09,4,true,true,true
181,1996-06-11,1996-08-10,60,false,true,true
93,1996-06-12,1996-08-11,60,false,true,true
3426,1996-07-13,1996-08-11,29,true,true,true
4071,1996-08-03,1996-08-11,8,true,true,true
2882,1996-07-20,1996-08-19,30,true,true,true
3206,1996-06-22,1996-08-21,60,false,true,true
2950,1996-06-28,1996-08-27,60,false,true,true
2530,1996-07-02,1996-08-31,60,false,true,true
4293,1996-02-04,1996-09-01,210,false,false,false
3550,1996-07-04,1996-09-02,60,false,true,true
339,1996-09-11,1996-09-12,1,true,true,true
637,1996-08-27,1996-09-13,17,true,true,true
4008,1996-03-23,1996-09-19,180,false,false,false
4389,1996-07-28,1996-09-26,60,false,true,true
1600,1996-09-13,1996-10-05,22,true,true,true
2801,1996-09-23,1996-10-13,20,true,true,true
618,1996-10-02,1996-11-01,30,true,true,true
3557,1996-11-02,1996-11-13,11,true,true,true
4493,1996-10-15,1996-11-14,30,true,true,true
3311,1996-08-18,1996-11-16,90,false,false,true
7632,1996-09-22,1996-11-21,60,false,true,true
1347,1996-11-24,1996-12-05,11,true,true,true
1558,1996-10-06,1996-12-05,60,false,true,true
3765,1996-11-14,1996-12-12,28,true,true,true
10280,1996-12-01,1996-12-14,13,true,true,true
1090,1996-10-19,1996-12-18,60,false,true,true
473,1996-10-20,1996-12-19,60,false,true,true
2091,1996-09-25,1996-12-24,90,false,false,true
4588,1996-08-27,1996-12-25,120,false,false,false
1435,1996-12-01,1996-12-31,30,true,true,true
3626,1996-11-05,1997-01-04,60,false,true,true
1361,1996-12-09,1997-01-08,30,true,true,true
561,1996-12-12,1997-01-08,27,true,true,true
164,1996-09-13,1997-01-11,120,false,false,false
537,1997-01-08,1997-01-11,3,true,true,true
3991,1996-12-28,1997-01-12,15,true,true,true
3941,1996-12-26,1997-01-14,19,true,true,true
2826,1996-11-20,1997-01-19,60,false,true,true
9646,1996-07-30,1997-01-26,180,false,false,false
10493,1997-01-09,1997-02-08,30,true,true,true
8320,1997-01-19,1997-02-09,21,true,true,true
10005,1997-11-29,1997-12-08,9,true,true,true
3033,1997-12-10,1998-01-05,26,true,true,true
682,1997-06-08,1997-06-13,5,true,true,true
133,1997-10-11,1997-11-10,30,true,true,true
6097,1997-06-15,1997-09-13,90,false,false,true
3782,1997-03-17,1997-04-14,28,true,true,true
1037,1997-02-18,1997-04-19,60,false,true,true
11053,1997-05-27,1997-07-26,60,false,true,true
1697,1997-05-17,1997-06-12,26,true,true,true
98,1997-05-02,1997-05-10,8,true,true,true
9560,1997-07-13,1997-09-11,60,false,true,true
9549,1997-01-17,1997-03-09,51,false,true,true
276,1997-12-08,1997-12-13,5,true,true,true
2402,1997-11-06,1997-11-12,6,true,true,true
2443,1997-06-25,1997-07-25,30,true,true,true
5290,1997-07-21,1997-08-14,24,true,true,true
961,1997-10-18,1997-12-17,60,false,true,true
919,1997-03-03,1997-05-02,60,false,true,true
2937,1997-02-25,1997-03-13,16,true,true,true
3971,1997-03-13,1997-04-12,30,true,true,true
2760,1997-03-14,1997-05-13,60,false,true,true
16,1997-09-23,1997-11-22,60,false,true,true
250,1997-05-10,1997-08-08,90,false,false,true
3075,1997-06-25,1997-07-14,19,true,true,true
934,1997-11-27,1997-12-14,17,true,true,true
4527,1997-06-01,1997-07-01,30,true,true,true
480,1997-01-21,1997-02-20,30,true,true,true
1438,1997-09-18,1997-11-17,60,false,true,true
970,1997-07-20,1997-09-18,60,false,true,true
3396,1997-11-20,1997-12-20,30,true,true,true
3739,1997-03-25,1997-05-24,60,false,true,true
3681,1997-01-25,1997-03-26,60,false,true,true
10799,1997-08-19,1997-11-17,90,false,false,true
8341,1996-12-27,1997-02-25,60,false,true,true
2405,1997-02-27,1997-04-28,60,false,true,true
5648,1997-06-13,1997-07-07,24,true,true,true
2461,1997-09-28,1998-01-13,107,false,false,false
1868,1997-11-29,1998-02-27,90,false,false,true
1379,1997-10-01,1997-11-30,60,false,true,true
2634,1997-10-08,1997-12-07,60,false,true,true
1185,1997-06-07,1997-07-06,29,true,true,true
2939,1997-06-28,1997-07-07,9,true,true,true
1354,1997-06-21,1997-07-09,18,true,true,true
1662,1997-08-11,1997-09-10,30,true,true,true
205,1997-10-08,1998-01-06,90,false,false,true
3828,1997-08-28,1997-09-08,11,true,true,true
307,1997-08-07,1997-09-06,30,true,true,true
3314,1996-10-14,1997-03-13,150,false,false,false
4102,1996-11-13,1997-05-12,180,false,false,false
3715,1997-11-27,1998-03-27,120,false,false,false
793,1993-01-03,1993-01-05,2,true,true,true
1338,1993-01-11,1993-02-10,30,true,true,true
1675,1993-02-01,1993-02-12,11,true,true,true
2342,1993-02-11,1993-03-05,22,true,true,true
652,1993-01-05,1993-03-06,60,false,true,true
2926,1993-01-14,1993-03-15,60,false,true,true
3834,1993-01-19,1993-03-20,60,false,true,true
1898,1993-04-01,1993-04-07,6,true,true,true
8519,1993-04-02,1993-04-12,10,true,true,true
2219,1993-03-11,1993-05-10,60,false,true,true
3674,1993-03-12,1993-05-11,60,false,true,true
5428,1993-04-14,1993-05-14,30,true,true,true
3923,1993-03-30,1993-05-29,60,false,true,true
1658,1993-05-10,1993-06-07,28,true,true,true
3050,1993-05-08,1993-06-08,31,false,true,true
165,1993-06-01,1993-06-11,10,true,true,true
3649,1993-05-14,1993-06-13,30,true,true,true
1743,1993-06-04,1993-06-13,9,true,true,true
2497,1993-03-16,1993-06-14,90,false,false,true
83,1993-04-16,1993-06-15,60,false,true,true
1610,1993-05-17,1993-06-16,30,true,true,true
489,1993-05-17,1993-06-16,30,true,true,true
1442,1993-05-23,1993-06-22,30,true,true,true
977,1993-04-26,1993-06-25,60,false,true,true
3954,1993-06-25,1993-07-11,16,true,true,true
148,1993-06-21,1993-07-14,23,true,true,true
2298,1993-07-03,1993-08-02,30,true,true,true
2411,1993-06-27,1993-08-26,60,false,true,true
4352,1993-07-05,1993-09-03,60,false,true,true
2020,1993-09-04,1993-09-06,2,true,true,true
1411,1993-07-09,1993-09-07,60,false,true,true
3955,1993-07-14,1993-09-12,60,false,true,true
1827,1993-09-06,1993-09-13,7,true,true,true
3407,1993-08-24,1993-09-23,30,true,true,true
186,1993-07-29,1993-09-27,60,false,true,true
1404,1993-09-22,1993-10-03,11,true,true,true
39,1993-09-22,1993-10-05,13,true,true,true
153,1993-09-19,1993-10-07,18,true,true,true
2802,1993-09-16,1993-10-12,26,true,true,true
1440,1993-09-22,1993-10-14,22,true,true,true
3171,1993-09-28,1993-10-14,16,true,true,true
4260,1993-10-14,1993-11-06,23,true,true,true
2345,1993-10-25,1993-11-13,19,true,true,true
1705,1993-09-15,1993-11-14,60,false,true,true
3751,1993-09-15,1993-11-14,60,false,true,true
340,1993-11-03,1993-11-14,11,true,true,true
1449,1993-08-26,1993-11-24,90,false,false,true
3237,1993-10-02,1993-12-01,60,false,true,true
10439,1993-11-21,1993-12-08,17,true,true,true
462,1993-11-10,1993-12-10,30,true,true,true
8625,1993-11-10,1993-12-10,30,true,true,true
3091,1993-11-11,1993-12-11,30,true,true,true
2665,1993-11-13,1993-12-13,30,true,true,true
3480,1993-09-14,1993-12-13,90,false,false,true
914,1993-11-14,1993-12-14,30,true,true,true
437,1993-12-03,1994-01-02,30,true,true,true
3688,1993-11-10,1994-01-09,60,false,true,true
2457,1993-11-11,1994-01-10,60,false,true,true
2257,1993-12-21,1994-01-11,21,true,true,true
1088,1993-12-19,1994-01-13,25,true,true,true
3429,1993-12-17,1994-01-14,28,true,true,true
4337,1993-11-16,1994-01-15,60,false,true,true
883,1993-12-17,1994-02-15,60,false,true,true
7944,1993-12-27,1994-02-25,60,false,true,true
4356,1994-01-26,1994-04-26,90,false,false,true
2494,1994-04-23,1994-05-06,13,true,true,true
59,1994-03-27,1994-05-26,60,false,true,true
3653,1994-05-03,1994-06-02,30,true,true,true
363,1994-05-06,1994-06-05,30,true,true,true
4408,1994-04-11,1994-06-10,60,false,true,true
3201,1994-04-17,1994-06-16,60,false,true,true
2675,1994-02-19,1994-06-19,120,false,false,false
1012,1994-07-09,1994-07-10,1,true,true,true
9627,1994-07-22,1994-08-09,18,true,true,true
478,1994-07-16,1994-08-15,30,true,true,true
2798,1994-08-24,1994-09-05,12,true,true,true
90,1994-07-13,1994-09-11,60,false,true,true
741,1994-07-14,1994-09-12,60,false,true,true
8899,1994-09-05,1994-10-05,30,true,true,true
4519,1994-06-08,1994-10-06,120,false,false,false
3167,1994-08-08,1994-10-07,60,false,true,true
1989,1994-09-21,1994-10-08,17,true,true,true
2363,1994-10-07,1994-10-09,2,true,true,true
2218,1994-11-21,1994-12-05,14,true,true,true
2430,1994-10-09,1994-12-08,60,false,true,true
1109,1994-10-27,1994-12-26,60,false,true,true
106,1994-11-27,1994-12-27,30,true,true,true
1249,1995-03-30,1995-04-13,14,true,true,true
3402,1995-03-16,1995-04-15,30,true,true,true
3643,1994-12-22,1995-04-21,120,false,false,false
95,1995-03-30,1995-05-29,60,false,true,true
1059,1995-05-30,1995-06-07,8,true,true,true
2935,1995-05-15,1995-06-12,28,true,true,true
10351,1995-05-04,1995-07-03,60,false,true,true
3363,1995-06-24,1995-07-13,19,true,true,true
3601,1995-06-13,1995-07-13,30,true,true,true
4415,1995-07-05,1995-08-04,30,true,true,true
808,1995-06-13,1995-08-12,60,false,true,true
9235,1995-06-24,1995-08-23,60,false,true,true
3779,1995-07-08,1995-09-06,60,false,true,true
625,1995-07-12,1995-09-10,60,false,true,true
3582,1995-08-26,1995-09-14,19,true,true,true
995,1995-08-23,1995-09-14,22,true,true,true
3677,1995-10-04,1995-10-11,7,true,true,true
3895,1995-07-14,1995-10-12,90,false,false,true
4263,1995-07-17,1995-10-15,90,false,false,true
560,1995-08-20,1995-10-19,60,false,true,true
3315,1995-08-24,1995-10-23,60,false,true,true
219,1995-09-06,1995-11-05,60,false,true,true
1206,1995-10-21,1995-11-10,20,true,true,true
2866,1995-09-13,1995-11-12,60,false,true,true
762,1995-10-18,1995-11-13,26,true,true,true
810,1995-11-11,1995-11-14,3,true,true,true
2516,1995-11-16,1995-12-16,30,true,true,true
452,1995-11-29,1995-12-29,30,true,true,true
2803,1995-12-01,1995-12-31,30,true,true,true
3966,1996-01-09,1996-01-14,5,true,true,true
2635,1996-02-04,1996-02-07,3,true,true,true
3476,1995-12-16,1996-02-14,60,false,true,true
312,1996-01-03,1996-03-03,60,false,true,true
936,1996-03-02,1996-03-10,8,true,true,true
4,1996-02-21,1996-03-11,19,true,true,true
3409,1996-03-01,1996-03-13,12,true,true,true
2390,1996-02-12,1996-03-13,30,true,true,true
976,1996-01-27,1996-03-27,60,false,true,true
357,1996-03-10,1996-04-09,30,true,true,true
2631,1996-03-29,1996-04-11,13,true,true,true
615,1996-04-09,1996-04-12,3,true,true,true
1450,1996-04-07,1996-04-12,5,true,true,true
1682,1995-12-22,1996-04-20,120,false,false,false
1948,1996-04-08,1996-05-05,27,true,true,true
1328,1996-05-04,1996-05-08,4,true,true,true
1722,1996-03-11,1996-05-10,60,false,true,true
2591,1996-05-06,1996-05-12,6,true,true,true
666,1996-03-15,1996-05-14,60,false,true,true
3795,1996-03-18,1996-05-17,60,false,true,true
1585,1996-02-23,1996-05-23,90,false,false,true
7997,1996-04-25,1996-05-25,30,true,true,true
3219,1996-03-26,1996-05-25,60,false,true,true
2217,1996-01-27,1996-05-26,120,false,false,false
500,1996-04-27,1996-05-27,30,true,true,true
7520,1996-03-29,1996-05-28,60,false,true,true
3038,1996-04-28,1996-05-28,30,true,true,true
8896,1996-05-02,1996-06-01,30,true,true,true
5181,1996-02-03,1996-06-02,120,false,false,false
2909,1996-04-04,1996-06-03,60,false,true,true
706,1996-05-07,1996-06-06,30,true,true,true
3534,1996-04-08,1996-06-07,60,false,true,true
1973,1996-06-05,1996-06-10,5,true,true,true
832,1996-05-24,1996-06-11,18,true,true,true
3522,1996-06-07,1996-06-14,7,true,true,true
1445,1996-03-16,1996-06-14,90,false,false,true
2994,1996-05-03,1996-07-02,60,false,true,true
2190,1996-06-04,1996-07-04,30,true,true,true
932,1996-07-08,1996-07-11,3,true,true,true
725,1996-07-08,1996-07-13,5,true,true,true
3153,1996-07-05,1996-08-04,30,true,true,true
1765,1996-07-21,1996-08-09,19,true,true,true
3443,1996-07-26,1996-08-10,15,true,true,true
2066,1996-08-07,1996-08-11,4,true,true,true
3485,1996-06-19,1996-08-18,60,false,true,true
4379,1996-06-28,1996-08-27,60,false,true,true
5269,1996-07-04,1996-09-02,60,false,true,true
2792,1996-08-26,1996-09-08,13,true,true,true
2821,1996-07-12,1996-09-10,60,false,true,true
2112,1996-07-12,1996-09-10,60,false,true,true
955,1996-07-08,1996-09-06,60,false,true,true
3549,1996-08-14,1996-09-07,24,true,true,true
110,1996-07-17,1996-09-15,60,false,true,true
4405,1996-09-08,1996-09-15,7,true,true,true
2266,1996-07-19,1996-09-17,60,false,true,true
3427,1996-08-23,1996-09-22,30,true,true,true
2930,1996-08-24,1996-09-23,30,true,true,true
7907,1996-07-27,1996-09-25,60,false,true,true
1576,1996-08-06,1996-09-30,55,false,true,true
1173,1996-09-22,1996-10-06,14,true,true,true
4442,1996-08-08,1996-10-07,60,false,true,true
3994,1996-03-14,1996-10-10,210,false,false,false
2164,1996-09-12,1996-10-12,30,true,true,true
42,1996-08-16,1996-10-15,60,false,true,true
371,1996-08-02,1996-10-31,90,false,false,true
2807,1996-10-04,1996-11-03,30,true,true,true
2329,1996-08-07,1996-11-05,90,false,false,true
305,1996-10-18,1996-11-05,18,true,true,true
975,1996-10-19,1996-11-07,19,true,true,true
1663,1996-11-02,1996-11-09,7,true,true,true
3508,1996-09-12,1996-11-11,60,false,true,true
11325,1996-10-15,1996-11-14,30,true,true,true
2275,1996-09-16,1996-11-15,60,false,true,true
1464,1996-10-21,1996-11-20,30,true,true,true
2921,1996-09-21,1996-11-20,60,false,true,true
2294,1996-09-29,1996-11-28,60,false,true,true
3228,1996-10-30,1996-11-29,30,true,true,true
3418,1996-09-02,1996-12-01,90,false,false,true
530,1996-11-19,1996-12-06,17,true,true,true
77,1996-11-19,1996-12-07,18,true,true,true
3312,1996-12-04,1996-12-07,3,true,true,true
3098,1996-09-16,1996-12-15,90,false,false,true
587,1996-06-21,1996-12-18,180,false,false,false
9037,1996-10-22,1996-12-21,60,false,true,true
7,1996-11-24,1996-12-24,30,true,true,true
330,1996-11-24,1996-12-24,30,true,true,true
3043,1996-12-29,1997-01-07,9,true,true,true
2995,1996-12-14,1997-01-13,30,true,true,true
1546,1996-11-20,1997-01-19,60,false,true,true
3446,1996-09-27,1997-01-25,120,false,false,false
2916,1996-12-03,1997-02-01,60,false,true,true
2999,1996-10-08,1997-02-05,120,false,false,false
11231,1997-02-05,1997-02-11,6,true,true,true
1498,1997-02-07,1997-05-08,90,false,false,true
2006,1997-06-16,1997-07-13,27,true,true,true
2879,1997-10-14,1997-12-13,60,false,true,true
294,1997-01-05,1997-03-06,60,false,true,true
1619,1997-02-24,1997-05-25,90,false,false,true
3433,1997-07-07,1997-07-11,4,true,true,true
3242,1997-03-02,1997-05-31,90,false,false,true
8713,1997-05-18,1997-06-11,24,true,true,true
3905,1997-05-28,1997-06-08,11,true,true,true
679,1997-07-12,1997-09-10,60,false,true,true
1872,1997-09-17,1997-11-16,60,false,true,true
1165,1997-03-23,1997-05-22,60,false,true,true
1950,1997-08-01,1997-09-30,60,false,true,true
2492,1997-09-01,1997-09-13,12,true,true,true
5196,1997-06-29,1997-07-29,30,true,true,true
2899,1997-04-03,1997-05-03,30,true,true,true
179,1997-09-22,1997-11-21,60,false,true,true
2656,1997-02-18,1997-03-13,23,true,true,true
421,1997-11-27,1998-01-26,60,false,true,true
2169,1997-07-09,1997-09-07,60,false,true,true
3950,1997-09-01,1997-10-01,30,true,true,true
2392,1997-05-18,1997-08-16,90,false,false,true
2883,1997-06-29,1997-07-13,14,true,true,true
11327,1997-10-15,1997-12-14,60,false,true,true
1876,1997-09-20,1997-11-19,60,false,true,true
1229,1997-12-10,1998-01-09,30,true,true,true
3544,1997-04-07,1997-05-06,29,true,true,true
643,1997-10-28,1998-01-26,90,false,false,true
2829,1997-08-18,1997-11-16,90,false,false,true
211,1997-07-19,1997-10-02,75,false,false,true
1890,1997-07-20,1997-08-10,21,true,true,true
3919,1997-10-18,1997-12-17,60,false,true,true
2141,1997-05-09,1997-07-08,60,false,true,true
758,1997-12-19,1998-04-18,120,false,false,false
3169,1997-12-19,1998-02-17,60,false,true,true
3958,1997-12-28,1998-02-26,60,false,true,true
2208,1997-07-02,1997-07-06,4,true,true,true
1953,1997-05-15,1997-07-14,60,false,true,true
1960,1997-12-04,1997-12-09,5,true,true,true
2927,1997-08-04,1997-10-03,60,false,true,true
1303,1997-09-08,1997-12-07,90,false,false,true
1110,1997-07-10,1997-09-08,60,false,true,true
1418,1997-02-09,1997-04-10,60,false,true,true
1138,1997-04-07,1997-08-05,120,false,false,false
1844,1993-01-06,1993-01-07,1,true,true,true
1731,1993-01-14,1993-02-11,28,true,true,true
3909,1993-01-14,1993-02-13,30,true,true,true
3960,1993-02-06,1993-03-05,27,true,true,true
3487,1993-01-08,1993-03-09,60,false,true,true
7401,1993-02-26,1993-03-12,14,true,true,true
11265,1993-01-14,1993-03-15,60,false,true,true
1115,1993-03-27,1993-04-07,11,true,true,true
8260,1993-03-24,1993-04-08,15,true,true,true
3108,1993-03-14,1993-04-14,31,false,true,true
3593,1993-02-18,1993-04-19,60,false,true,true
2124,1993-02-20,1993-04-21,60,false,true,true
3915,1993-04-02,1993-05-02,30,true,true,true
1476,1993-04-26,1993-05-06,10,true,true,true
1784,1993-05-08,1993-05-14,6,true,true,true
3068,1993-04-25,1993-05-14,19,true,true,true
10973,1993-04-20,1993-05-20,30,true,true,true
1366,1993-02-24,1993-05-25,90,false,false,true
10105,1993-04-28,1993-05-28,30,true,true,true
1018,1993-06-03,1993-06-05,2,true,true,true
1545,1993-03-08,1993-06-06,90,false,false,true
2008,1993-04-16,1993-06-15,60,false,true,true
1815,1993-04-17,1993-06-16,60,false,true,true
6040,1993-04-22,1993-06-21,60,false,true,true
717,1993-04-24,1993-06-23,60,false,true,true
2933,1993-06-18,1993-07-18,30,true,true,true
7454,1993-04-19,1993-07-18,90,false,false,true
2609,1993-05-03,1993-08-01,90,false,false,true
9472,1993-07-06,1993-08-05,30,true,true,true
1429,1993-07-30,1993-08-05,6,true,true,true
3745,1993-08-04,1993-08-06,2,true,true,true
6226,1993-07-26,1993-08-07,12,true,true,true
2915,1993-07-23,1993-08-10,18,true,true,true
759,1993-08-01,1993-08-13,12,true,true,true
4427,1993-06-07,1993-09-05,90,false,false,true
1761,1993-08-24,1993-09-06,13,true,true,true
1719,1993-09-06,1993-09-07,1,true,true,true
3683,1993-08-13,1993-09-12,30,true,true,true
3000,1993-07-14,1993-09-12,60,false,true,true
368,1993-07-06,1993-10-04,90,false,false,true
2336,1993-07-08,1993-10-06,90,false,false,true
1831,1993-09-21,1993-10-11,20,true,true,true
3028,1993-09-15,1993-10-11,26,true,true,true
7774,1993-09-14,1993-10-14,30,true,true,true
2987,1993-09-16,1993-10-16,30,true,true,true
3920,1993-09-01,1993-10-31,60,false,true,true
160,1993-09-04,1993-11-03,60,false,true,true
1410,1993-09-11,1993-11-10,60,false,true,true
1666,1993-10-30,1993-11-10,11,true,true,true
5120,1993-06-21,1993-11-18,150,false,false,false
126,1993-10-23,1993-11-22,30,true,true,true
389,1993-08-28,1993-11-26,90,false,false,true
7190,1993-09-06,1993-12-05,90,false,false,true
3548,1993-11-11,1993-12-06,25,true,true,true
3354,1993-11-05,1994-01-04,60,false,true,true
1247,1993-06-08,1994-01-04,210,false,false,false
1959,1993-12-24,1994-01-05,12,true,true,true
1970,1993-12-08,1994-01-07,30,true,true,true
648,1993-11-09,1994-01-08,60,false,true,true
1680,1993-12-10,1994-01-09,30,true,true,true
1877,1993-12-13,1994-01-10,28,true,true,true
196,1993-11-14,1994-01-13,60,false,true,true
1605,1993-12-16,1994-01-15,30,true,true,true
344,1993-12-01,1994-01-30,60,false,true,true
290,1993-12-02,1994-01-31,60,false,true,true
3223,1993-12-07,1994-02-05,60,false,true,true
1164,1994-01-14,1994-02-13,30,true,true,true
2557,1993-11-17,1994-02-15,90,false,false,true
3571,1993-11-21,1994-02-19,90,false,false,true
3135,1993-12-27,1994-02-25,60,false,true,true
4059,1993-10-08,1994-03-07,150,false,false,false
3380,1993-12-10,1994-03-10,90,false,false,true
799,1993-10-10,1994-04-08,180,false,false,false
1626,1994-03-15,1994-04-11,27,true,true,true
4259,1994-04-08,1994-04-13,5,true,true,true
71,1994-03-05,1994-05-04,60,false,true,true
904,1994-03-20,1994-05-19,60,false,true,true
1073,1994-02-27,1994-05-28,90,false,false,true
1880,1994-02-25,1994-05-31,95,false,false,false
4825,1994-06-04,1994-06-06,2,true,true,true
3886,1994-02-20,1994-06-20,120,false,false,false
2454,1994-05-07,1994-06-21,45,false,true,true
3372,1994-05-26,1994-06-25,30,true,true,true
2886,1994-04-08,1994-07-07,90,false,false,true
1856,1994-06-19,1994-07-08,19,true,true,true
43,1994-06-12,1994-07-12,30,true,true,true
2996,1994-05-17,1994-07-16,60,false,true,true
6738,1994-07-28,1994-08-08,11,true,true,true
1205,1994-10-08,1994-10-13,5,true,true,true
662,1994-07-18,1994-10-16,90,false,false,true
1352,1994-09-23,1994-11-22,60,false,true,true
3226,1994-08-28,1994-11-26,90,false,false,true
3141,1995-01-06,1995-01-07,1,true,true,true
915,1995-01-18,1995-02-09,22,true,true,true
5357,1994-12-18,1995-02-16,60,false,true,true
4503,1995-01-03,1995-03-04,60,false,true,true
3989,1995-03-11,1995-04-05,25,true,true,true
6397,1995-03-15,1995-04-06,22,true,true,true
1561,1995-04-01,1995-04-11,10,true,true,true
1228,1995-04-09,1995-04-13,4,true,true,true
2563,1995-01-17,1995-04-17,90,false,false,true
1248,1995-04-29,1995-05-13,14,true,true,true
3750,1995-03-18,1995-05-17,60,false,true,true
2139,1995-06-09,1995-06-10,1,true,true,true
2726,1995-04-20,1995-06-19,60,false,true,true
819,1995-04-22,1995-06-21,60,false,true,true
3930,1995-04-25,1995-06-24,60,false,true,true
2919,1995-05-10,1995-07-09,60,false,true,true
3810,1995-06-22,1995-07-10,18,true,true,true
4014,1995-05-15,1995-07-14,60,false,true,true
553,1995-06-06,1995-07-31,55,false,true,true
471,1995-06-07,1995-08-06,60,false,true,true
1220,1995-07-15,1995-08-07,23,true,true,true
2577,1995-07-30,1995-08-07,8,true,true,true
4121,1995-06-08,1995-08-07,60,false,true,true
1793,1995-06-10,1995-08-09,60,false,true,true
1803,1995-07-29,1995-08-13,15,true,true,true
3410,1995-07-03,1995-09-01,60,false,true,true
1520,1995-08-08,1995-09-05,28,true,true,true
1519,1995-06-14,1995-09-12,90,false,false,true
1613,1995-09-13,1995-10-05,22,true,true,true
331,1995-10-02,1995-10-13,11,true,true,true
5063,1995-10-11,1995-11-02,22,true,true,true
1142,1995-10-19,1995-11-10,22,true,true,true
3080,1995-10-29,1995-11-11,13,true,true,true
1427,1995-10-08,1995-12-07,60,false,true,true
9017,1995-11-22,1995-12-09,17,true,true,true
990,1995-10-11,1995-12-10,60,false,true,true
3305,1995-12-09,1995-12-14,5,true,true,true
3111,1995-11-08,1996-01-07,60,false,true,true
3530,1996-01-03,1996-01-10,7,true,true,true
1917,1995-12-13,1996-01-10,28,true,true,true
2424,1995-10-13,1996-01-11,90,false,false,true
1674,1995-09-15,1996-01-13,120,false,false,false
3673,1996-01-12,1996-01-14,2,true,true,true
2565,1995-10-04,1996-02-01,120,false,false,false
9504,1996-01-29,1996-02-05,7,true,true,true
3238,1996-01-07,1996-02-06,30,true,true,true
1439,1996-01-27,1996-02-11,15,true,true,true
809,1995-12-20,1996-02-18,60,false,true,true
522,1995-12-20,1996-02-18,60,false,true,true
10710,1995-10-30,1996-02-27,120,false,false,false
9225,1996-01-01,1996-03-01,60,false,true,true
2469,1996-02-05,1996-03-05,29,true,true,true
3721,1996-02-21,1996-03-07,15,true,true,true
1964,1996-02-12,1996-03-09,26,true,true,true
2105,1996-03-09,1996-03-09,0,true,true,true
3358,1996-02-21,1996-03-14,22,true,true,true
2844,1996-01-19,1996-03-19,60,false,true,true
3727,1996-01-19,1996-03-19,60,false,true,true
10297,1996-01-19,1996-03-19,60,false,true,true
3832,1996-01-22,1996-03-22,60,false,true,true
414,1996-01-29,1996-03-29,60,false,true,true
4088,1996-03-01,1996-03-31,30,true,true,true
554,1996-01-26,1996-03-31,65,false,false,true
10558,1996-02-01,1996-04-01,60,false,true,true
1791,1996-02-03,1996-04-03,60,false,true,true
2774,1996-02-05,1996-04-05,60,false,true,true
3952,1996-03-08,1996-04-06,29,true,true,true
1250,1996-03-28,1996-04-06,9,true,true,true
218,1996-02-06,1996-04-06,60,false,true,true
2890,1996-02-07,1996-04-07,60,false,true,true
2406,1996-03-22,1996-04-09,18,true,true,true
1732,1996-02-20,1996-04-20,60,false,true,true
2481,1995-10-28,1996-04-25,180,false,false,false
2498,1996-03-01,1996-04-30,60,false,true,true
2491,1996-03-01,1996-04-30,60,false,true,true
3366,1996-03-02,1996-05-01,60,false,true,true
856,1996-03-03,1996-05-02,60,false,true,true
2611,1996-03-06,1996-05-05,60,false,true,true
2012,1996-04-08,1996-05-07,29,true,true,true
278,1996-04-08,1996-05-08,30,true,true,true
3021,1996-04-20,1996-05-09,19,true,true,true
3648,1996-05-06,1996-05-13,7,true,true,true
3672,1996-03-19,1996-05-18,60,false,true,true
2804,1996-02-22,1996-05-22,90,false,false,true
379,1996-05-18,1996-06-06,19,true,true,true
491,1996-05-12,1996-06-11,30,true,true,true
171,1996-06-08,1996-06-13,5,true,true,true
3821,1996-04-18,1996-06-17,60,false,true,true
3676,1996-06-08,1996-07-05,27,true,true,true
3120,1996-06-20,1996-07-05,15,true,true,true
1086,1996-06-17,1996-07-08,21,true,true,true
3162,1996-05-18,1996-07-17,60,false,true,true
2717,1996-07-25,1996-08-09,15,true,true,true
2210,1996-08-13,1996-08-13,0,true,true,true
4537,1996-07-18,1996-08-17,30,true,true,true
3239,1996-06-19,1996-08-18,60,false,true,true
1431,1996-06-11,1996-08-31,81,false,false,true
3848,1996-07-10,1996-09-08,60,false,true,true
2086,1996-08-09,1996-09-08,30,true,true,true
2445,1996-07-07,1996-09-05,60,false,true,true
1739,1996-07-08,1996-09-06,60,false,true,true
1501,1996-08-11,1996-09-07,27,true,true,true
382,1996-08-16,1996-09-12,27,true,true,true
683,1996-07-22,1996-09-20,60,false,true,true
4456,1996-09-03,1996-10-03,30,true,true,true
125,1996-09-07,1996-10-07,30,true,true,true
3894,1996-09-25,1996-10-10,15,true,true,true
3044,1996-09-14,1996-10-10,26,true,true,true
3733,1996-07-22,1996-10-20,90,false,false,true
3161,1996-08-26,1996-10-25,60,false,true,true
2677,1996-08-28,1996-10-27,60,false,true,true
812,1996-08-30,1996-10-29,60,false,true,true
1480,1996-07-03,1996-10-31,120,false,false,false
1888,1996-10-21,1996-11-05,15,true,true,true
1211,1996-08-09,1996-11-07,90,false,false,true
888,1996-10-28,1996-11-08,11,true,true,true
829,1996-11-10,1996-11-11,1,true,true,true
1492,1996-10-17,1996-11-11,25,true,true,true
1781,1996-06-23,1996-11-20,150,false,false,false
2561,1996-09-29,1996-11-28,60,false,true,true
297,1996-09-08,1996-11-30,83,false,false,true
2058,1996-09-09,1996-12-08,90,false,false,true
8523,1996-11-25,1996-12-11,16,true,true,true
2502,1996-10-21,1996-12-20,60,false,true,true
3877,1996-10-22,1996-12-21,60,false,true,true
252,1996-12-26,1997-01-06,11,true,true,true
7045,1996-12-26,1997-01-07,12,true,true,true
664,1996-12-08,1997-01-07,30,true,true,true
505,1996-12-16,1997-01-09,24,true,true,true
1557,1996-12-13,1997-01-10,28,true,true,true
570,1996-11-14,1997-01-13,60,false,true,true
993,1996-11-14,1997-01-13,60,false,true,true
3438,1996-12-21,1997-01-13,23,true,true,true
1320,1996-11-18,1997-01-17,60,false,true,true
2356,1996-12-23,1997-01-22,30,true,true,true
3862,1996-11-23,1997-01-22,60,false,true,true
2545,1996-12-04,1997-02-02,60,false,true,true
2060,1996-12-05,1997-02-03,60,false,true,true
9333,1996-11-08,1997-02-06,90,false,false,true
3177,1996-11-12,1997-02-10,90,false,false,true
1262,1997-01-19,1997-02-11,23,true,true,true
889,1997-12-22,1998-01-05,14,true,true,true
3100,1997-06-22,1997-08-21,60,false,true,true
1647,1997-07-09,1997-11-06,120,false,false,false
191,1997-03-17,1997-04-10,24,true,true,true
2316,1997-07-21,1997-08-07,17,true,true,true
3695,1997-04-02,1997-06-01,60,false,true,true
3757,1997-09-24,1997-10-06,12,true,true,true
1567,1997-08-19,1997-10-18,60,false,true,true
1747,1997-08-14,1997-09-11,28,true,true,true
1095,1997-06-18,1997-08-17,60,false,true,true
2832,1997-11-22,1997-12-07,15,true,true,true
4336,1997-07-08,1997-09-06,60,false,true,true
8926,1997-03-21,1997-05-20,60,false,true,true
1573,1997-12-29,1998-01-09,11,true,true,true
3174,1997-12-10,1998-01-08,29,true,true,true
3344,1997-05-15,1997-07-14,60,false,true,true
5445,1997-02-19,1997-03-09,18,true,true,true
3722,1997-12-07,1998-02-05,60,false,true,true
2404,1997-06-05,1997-08-04,60,false,true,true
6306,1997-03-04,1997-06-02,90,false,false,true
2992,1997-07-11,1997-09-09,60,false,true,true
1727,1997-10-11,1997-12-10,60,false,true,true
644,1997-11-06,1997-11-09,3,true,true,true
1035,1997-04-18,1997-06-17,60,false,true,true
2173,1997-05-02,1997-05-13,11,true,true,true
2784,1997-10-30,1997-11-13,14,true,true,true
1907,1997-03-25,1997-05-24,60,false,true,true
1596,1997-10-05,1997-10-13,8,true,true,true
3444,1997-09-04,1997-09-13,9,true,true,true
3057,1997-07-23,1997-09-21,60,false,true,true
3324,1997-10-17,1997-12-16,60,false,true,true
3916,1997-09-28,1997-10-06,8,true,true,true
2766,1997-02-20,1997-05-21,90,false,false,true
2459,1997-09-10,1997-09-14,4,true,true,true
3867,1997-07-19,1997-09-17,60,false,true,true
1988,1996-12-30,1997-03-30,90,false,false,true
109,1997-04-20,1997-07-18,89,false,false,true
1186,1997-12-17,1998-02-28,73,false,false,true
8645,1997-06-23,1997-08-22,60,false,true,true
9208,1997-05-24,1997-06-05,12,true,true,true
326,1997-08-06,1997-08-06,0,true,true,true
2152,1997-10-23,1997-11-06,14,true,true,true
1443,1997-09-27,1997-11-26,60,false,true,true
534,1997-05-26,1997-07-25,60,false,true,true
386,1997-08-11,1997-10-10,60,false,true,true
4301,1997-06-26,1997-08-25,60,false,true,true
240,1997-04-28,1997-06-27,60,false,true,true
4128,1997-09-26,1997-11-25,60,false,true,true
2860,1997-05-30,1997-06-29,30,true,true,true
129,1997-10-01,1997-10-08,7,true,true,true
823,1997-09-19,1997-10-09,20,true,true,true
598,1997-02-08,1997-04-09,60,false,true,true
3768,1997-06-06,1997-08-05,60,false,true,true
3110,1997-01-12,1997-05-12,120,false,false,false
2097,1997-10-11,1997-12-31,81,false,false,true
2954,1997-04-08,1997-05-08,30,true,true,true
1387,1997-01-01,1997-07-30,210,false,false,false
576,1993-01-01,1993-01-11,10,true,true,true
1144,1993-01-28,1993-02-06,9,true,true,true
192,1993-01-08,1993-02-06,29,true,true,true
1843,1993-01-30,1993-02-07,8,true,true,true
2122,1993-01-08,1993-02-07,30,true,true,true
862,1993-02-02,1993-02-08,6,true,true,true
456,1993-01-21,1993-02-10,20,true,true,true
2632,1993-01-02,1993-03-03,60,false,true,true
2379,1993-01-10,1993-03-11,60,false,true,true
2925,1993-01-10,1993-03-11,60,false,true,true
2293,1993-02-13,1993-03-12,27,true,true,true
1966,1993-02-12,1993-03-14,30,true,true,true
280,1993-01-23,1993-03-24,60,false,true,true
2241,1993-02-08,1993-04-09,60,false,true,true
1134,1993-02-09,1993-04-10,60,false,true,true
2458,1993-03-14,1993-04-12,29,true,true,true
1189,1993-03-19,1993-04-14,26,true,true,true
3545,1993-02-17,1993-04-18,60,false,true,true
3787,1993-02-19,1993-04-20,60,false,true,true
1332,1993-03-25,1993-04-24,30,true,true,true
104,1993-04-15,1993-05-05,20,true,true,true
396,1993-03-08,1993-05-07,60,false,true,true
3965,1993-05-04,1993-05-07,3,true,true,true
2895,1993-03-09,1993-05-08,60,false,true,true
2581,1993-03-11,1993-05-10,60,false,true,true
1397,1993-03-22,1993-05-21,60,false,true,true
2714,1993-01-30,1993-05-30,120,false,false,false
10911,1993-05-29,1993-06-09,11,true,true,true
2216,1993-04-17,1993-06-16,60,false,true,true
1412,1993-05-18,1993-06-17,30,true,true,true
9591,1993-05-20,1993-06-19,30,true,true,true
5228,1993-06-23,1993-07-05,12,true,true,true
1277,1993-06-20,1993-07-09,19,true,true,true
3882,1993-07-09,1993-07-11,2,true,true,true
1535,1993-03-20,1993-07-18,120,false,false,false
1268,1993-07-25,1993-08-06,12,true,true,true
601,1993-08-04,1993-08-09,5,true,true,true
1062,1993-07-11,1993-08-10,30,true,true,true
2199,1993-08-04,1993-08-12,8,true,true,true
3654,1993-07-13,1993-08-12,30,true,true,true
1065,1993-03-27,1993-08-31,157,false,false,false
3246,1993-06-14,1993-09-12,90,false,false,true
146,1993-09-02,1993-09-13,11,true,true,true
1234,1993-09-13,1993-09-13,0,true,true,true
5700,1993-07-20,1993-09-18,60,false,true,true
408,1993-07-21,1993-09-19,60,false,true,true
3267,1993-07-21,1993-09-19,60,false,true,true
1507,1993-08-03,1993-10-02,60,false,true,true
3136,1993-08-07,1993-10-06,60,false,true,true
3850,1993-08-09,1993-10-08,60,false,true,true
3535,1993-10-05,1993-10-10,5,true,true,true
9337,1993-09-13,1993-10-13,30,true,true,true
3891,1993-08-18,1993-10-17,60,false,true,true
8982,1993-09-25,1993-10-25,30,true,true,true
1453,1993-09-25,1993-10-25,30,true,true,true
7819,1993-08-01,1993-10-30,90,false,false,true
7769,1993-10-03,1993-11-02,30,true,true,true
743,1993-11-05,1993-11-06,1,true,true,true
287,1993-10-27,1993-11-10,14,true,true,true
6636,1993-08-04,1993-12-02,120,false,false,false
3371,1993-11-04,1993-12-04,30,true,true,true
3575,1993-09-08,1993-12-07,90,false,false,true
1947,1993-11-12,1993-12-07,25,true,true,true
321,1993-11-11,1993-12-07,26,true,true,true
3370,1993-11-15,1993-12-09,24,true,true,true
1345,1993-10-19,1993-12-18,60,false,true,true
345,1993-11-20,1993-12-20,30,true,true,true
40,1993-10-25,1993-12-24,60,false,true,true
1123,1993-11-01,1993-12-31,60,false,true,true
1495,1993-11-01,1993-12-31,60,false,true,true
1314,1993-12-03,1994-01-02,30,true,true,true
3345,1993-12-08,1994-01-06,29,true,true,true
4543,1993-10-08,1994-01-06,90,false,false,true
61,1993-12-11,1994-01-07,27,true,true,true
2733,1993-12-22,1994-01-08,17,true,true,true
10663,1993-12-08,1994-01-08,31,false,true,true
492,1993-10-10,1994-01-08,90,false,false,true
3292,1993-12-21,1994-01-13,23,true,true,true
4514,1993-12-18,1994-01-14,27,true,true,true
604,1993-11-26,1994-01-25,60,false,true,true
3326,1993-11-11,1994-02-09,90,false,false,true
1225,1993-12-14,1994-02-12,60,false,true,true
102,1993-10-16,1994-02-13,120,false,false,false
1824,1994-01-17,1994-02-16,30,true,true,true
3876,1994-02-13,1994-03-15,30,true,true,true
3183,1994-04-01,1994-04-11,10,true,true,true
1627,1994-01-20,1994-04-20,90,false,false,true
2154,1994-04-21,1994-05-11,20,true,true,true
3667,1994-01-26,1994-05-26,120,false,false,false
2749,1994-05-23,1994-06-22,30,true,true,true
8316,1994-06-04,1994-07-04,30,true,true,true
10093,1994-07-01,1994-07-08,7,true,true,true
3479,1994-06-14,1994-08-13,60,false,true,true
200,1994-07-03,1994-09-01,60,false,true,true
3730,1994-09-08,1994-09-14,6,true,true,true
2596,1994-09-02,1994-09-14,12,true,true,true
451,1994-05-05,1994-10-02,150,false,false,false
3555,1994-09-26,1994-10-13,17,true,true,true
1878,1994-09-13,1994-10-13,30,true,true,true
2747,1994-08-14,1994-11-12,90,false,false,true
594,1994-12-09,1994-12-10,1,true,true,true
29,1994-11-24,1994-12-24,30,true,true,true
3841,1995-01-22,1995-02-08,17,true,true,true
515,1995-02-09,1995-02-13,4,true,true,true
5735,1995-01-25,1995-02-21,27,true,true,true
1889,1995-02-06,1995-03-05,27,true,true,true
1802,1995-03-10,1995-03-13,3,true,true,true
1625,1995-01-17,1995-03-18,60,false,true,true
3109,1995-04-08,1995-05-08,30,true,true,true
490,1995-05-23,1995-06-08,16,true,true,true
455,1995-04-23,1995-06-22,60,false,true,true
4109,1995-02-09,1995-06-24,135,false,false,false
3436,1995-06-24,1995-07-10,16,true,true,true
3357,1995-07-26,1995-08-12,17,true,true,true
2562,1995-08-15,1995-09-10,26,true,true,true
6872,1995-09-02,1995-09-14,12,true,true,true
1251,1995-07-18,1995-09-16,60,false,true,true
213,1995-08-29,1995-09-28,30,true,true,true
2041,1995-07-05,1995-10-03,90,false,false,true
3486,1995-10-09,1995-10-13,4,true,true,true
3317,1995-10-04,1995-10-14,10,true,true,true
532,1995-09-02,1995-11-01,60,false,true,true
665,1995-09-03,1995-11-02,60,false,true,true
1238,1995-10-29,1995-11-11,13,true,true,true
3368,1995-09-14,1995-11-13,60,false,true,true
2858,1995-08-22,1995-11-20,90,false,false,true
5429,1995-09-22,1995-11-21,60,false,true,true
3440,1995-09-22,1995-11-21,60,false,true,true
8114,1995-10-14,1995-12-13,60,false,true,true
2727,1995-10-25,1995-12-24,60,false,true,true
4047,1995-09-29,1995-12-28,90,false,false,true
1403,1995-11-02,1996-01-01,60,false,true,true
2153,1996-01-07,1996-01-09,2,true,true,true
3587,1995-12-24,1996-01-11,18,true,true,true
2570,1995-12-19,1996-01-12,24,true,true,true
1685,1995-12-13,1996-01-12,30,true,true,true
2233,1996-01-03,1996-01-14,11,true,true,true
348,1995-11-15,1996-01-14,60,false,true,true
2836,1995-11-18,1996-01-17,60,false,true,true
9645,1996-01-23,1996-02-08,16,true,true,true
1859,1996-02-02,1996-02-10,8,true,true,true
516,1996-02-08,1996-02-11,3,true,true,true
3084,1996-01-28,1996-02-27,30,true,true,true
2811,1996-01-02,1996-03-02,60,false,true,true
2551,1996-02-08,1996-03-09,30,true,true,true
9422,1996-03-06,1996-03-14,8,true,true,true
1486,1996-01-15,1996-03-15,60,false,true,true
2106,1996-02-01,1996-04-01,60,false,true,true
1897,1996-03-05,1996-04-04,30,true,true,true
2348,1996-02-05,1996-04-05,60,false,true,true
1483,1996-01-09,1996-04-08,90,false,false,true
3130,1996-03-20,1996-04-10,21,true,true,true
1698,1996-03-14,1996-04-13,30,true,true,true
1737,1996-02-13,1996-04-13,60,false,true,true
1836,1996-02-15,1996-04-15,60,false,true,true
1310,1996-02-22,1996-04-22,60,false,true,true
590,1996-02-24,1996-04-24,60,false,true,true
3265,1996-03-30,1996-04-29,30,true,true,true
2432,1996-04-18,1996-05-09,21,true,true,true
2474,1996-04-20,1996-05-11,21,true,true,true
283,1996-04-18,1996-05-13,25,true,true,true
2403,1996-02-20,1996-05-20,90,false,false,true
1405,1996-06-04,1996-06-07,3,true,true,true
1013,1996-05-13,1996-06-08,26,true,true,true
669,1996-06-07,1996-06-13,6,true,true,true
1550,1996-04-15,1996-06-14,60,false,true,true
3806,1996-04-18,1996-06-17,60,false,true,true
1210,1996-05-21,1996-06-20,30,true,true,true
766,1996-04-21,1996-06-20,60,false,true,true
3301,1996-04-25,1996-06-24,60,false,true,true
72,1996-06-20,1996-07-01,11,true,true,true
3459,1996-06-02,1996-07-02,30,true,true,true
1752,1996-05-08,1996-07-07,60,false,true,true
2420,1996-06-25,1996-07-07,12,true,true,true
1528,1996-06-08,1996-07-08,30,true,true,true
444,1996-05-09,1996-07-08,60,false,true,true
9242,1996-03-15,1996-07-13,120,false,false,false
7542,1996-05-16,1996-07-15,60,false,true,true
3606,1996-04-18,1996-07-17,90,false,false,true
2295,1996-06-25,1996-07-25,30,true,true,true
271,1996-08-13,1996-08-14,1,true,true,true
848,1996-06-16,1996-08-15,60,false,true,true
3180,1996-06-18,1996-08-17,60,false,true,true
268,1996-05-29,1996-08-27,90,false,false,true
526,1996-07-16,1996-09-14,60,false,true,true
1893,1996-07-20,1996-09-18,60,false,true,true
3518,1996-07-22,1996-09-20,60,false,true,true
10954,1996-07-29,1996-09-27,60,false,true,true
2794,1996-08-08,1996-10-07,60,false,true,true
1066,1996-09-15,1996-10-15,30,true,true,true
6453,1996-07-27,1996-10-25,90,false,false,true
1885,1996-08-13,1996-10-31,79,false,false,true
1910,1996-09-06,1996-11-05,60,false,true,true
1899,1996-11-05,1996-11-07,2,true,true,true
2279,1996-10-30,1996-11-09,10,true,true,true
5317,1996-10-20,1996-11-09,20,true,true,true
1176,1996-10-24,1996-11-10,17,true,true,true
8381,1996-09-17,1996-11-30,74,false,false,true
2350,1996-08-04,1996-12-02,120,false,false,false
546,1996-11-23,1996-12-06,13,true,true,true
3452,1996-12-13,1996-12-14,1,true,true,true
1002,1996-09-17,1996-12-16,90,false,false,true
6083,1996-09-19,1996-12-18,90,false,false,true
847,1996-07-21,1996-12-18,150,false,false,false
366,1996-10-23,1996-12-22,60,false,true,true
712,1996-12-01,1996-12-31,30,true,true,true
3024,1996-12-18,1997-01-05,18,true,true,true
5133,1996-12-08,1997-01-07,30,true,true,true
1563,1996-08-14,1997-01-11,150,false,false,false
1618,1996-12-18,1997-01-12,25,true,true,true
1860,1997-01-02,1997-01-14,12,true,true,true
1260,1996-11-17,1997-01-16,60,false,true,true
10404,1996-12-30,1997-01-29,30,true,true,true
3527,1997-01-11,1997-02-10,30,true,true,true
3964,1997-01-25,1997-02-11,17,true,true,true
2126,1997-02-09,1997-02-11,2,true,true,true
2597,1997-03-16,1997-04-15,30,true,true,true
2743,1997-05-22,1997-06-21,30,true,true,true
705,1997-07-14,1997-10-12,90,false,false,true
547,1997-07-27,1997-08-06,10,true,true,true
3398,1997-04-15,1997-05-06,21,true,true,true
3365,1997-11-18,1997-12-07,19,true,true,true
997,1997-05-08,1997-06-08,31,false,true,true
2595,1997-08-17,1997-09-14,28,true,true,true
2908,1997-03-16,1997-05-15,60,false,true,true
3809,1996-11-21,1997-02-19,90,false,false,true
130,1997-02-12,1997-03-11,27,true,true,true
578,1997-03-21,1997-04-11,21,true,true,true
749,1997-03-23,1997-05-22,60,false,true,true
9673,1997-06-07,1997-06-10,3,true,true,true
229,1997-06-07,1997-06-11,4,true,true,true
3861,1997-01-30,1997-03-01,30,true,true,true
2586,1997-04-16,1997-06-15,60,false,true,true
7052,1997-07-17,1997-08-05,19,true,true,true
398,1997-10-24,1997-11-05,12,true,true,true
2745,1997-09-28,1997-11-27,60,false,true,true
9179,1997-01-21,1997-02-12,22,true,true,true
1574,1997-05-28,1997-06-14,17,true,true,true
1718,1997-09-23,1997-10-13,20,true,true,true
464,1997-05-28,1997-06-08,11,true,true,true
1346,1997-07-01,1997-07-09,8,true,true,true
2485,1997-08-18,1997-09-13,26,true,true,true
2118,1997-05-11,1997-06-10,30,true,true,true
3211,1997-06-09,1997-06-13,4,true,true,true
2452,1997-07-14,1997-08-08,25,true,true,true
2507,1996-12-28,1997-03-28,90,false,false,true
605,1997-02-04,1997-04-05,60,false,true,true
453,1997-04-24,1997-06-23,60,false,true,true
736,1997-12-07,1997-12-14,7,true,true,true
3732,1997-05-25,1997-06-08,14,true,true,true
2317,1997-08-28,1997-09-05,8,true,true,true
3082,1997-11-16,1998-01-15,60,false,true,true
850,1997-03-07,1997-03-14,7,true,true,true
2891,1997-05-28,1997-06-27,30,true,true,true
304,1997-03-20,1997-04-08,19,true,true,true
309,1997-04-25,1997-06-24,60,false,true,true
118,1997-09-18,1997-10-09,21,true,true,true
2698,1997-05-21,1997-07-20,60,false,true,true
3332,1997-03-25,1997-05-24,60,false,true,true
3187,1997-12-20,1998-02-18,60,false,true,true
1976,1997-03-25,1997-05-24,60,false,true,true
2398,1996-11-25,1997-02-28,95,false,false,false
1710,1997-05-25,1997-06-10,16,true,true,true
1336,1997-02-26,1997-04-27,60,false,true,true
2797,1997-02-26,1997-04-27,60,false,true,true
2509,1997-06-13,1997-07-13,30,true,true,true
89,1997-09-25,1997-12-24,90,false,false,true
800,1997-12-06,1997-12-07,1,true,true,true
906,1997-12-27,1998-01-06,10,true,true,true
2370,1997-10-01,1997-11-30,60,false,true,true
3988,1997-05-04,1997-06-21,48,false,true,true
2564,1997-06-03,1997-07-03,30,true,true,true
3119,1997-05-02,1997-05-08,6,true,true,true
3062,1997-08-15,1997-09-10,26,true,true,true
6061,1997-03-08,1997-04-07,30,true,true,true
3423,1997-11-10,1998-02-08,90,false,false,true
10812,1997-04-08,1997-05-08,30,true,true,true
2684,1997-09-10,1997-12-09,90,false,false,true
1968,1997-10-14,1997-11-13,30,true,true,true
1746,1997-03-11,1997-04-10,30,true,true,true
1857,1997-08-18,1997-10-17,60,false,true,true
1072,1997-12-09,1998-02-07,60,false,true,true
2338,1997-08-08,1997-10-07,60,false,true,true
3652,1997-03-02,1997-03-06,4,true,true,true
3122,1997-05-12,1997-07-11,60,false,true,true
3,1997-07-07,1997-09-05,60,false,true,true
2007,1997-09-29,1997-11-08,40,false,true,true
4445,1997-08-07,1997-10-06,60,false,true,true
1736,1997-02-26,1997-03-06,8,true,true,true
1033,1997-08-05,1998-01-02,150,false,false,false
64,1997-03-11,1997-07-09,120,false,false,false
2777,1996-12-25,1997-04-24,120,false,false,false
315,1997-12-08,1998-07-06,210,false,false,false
1753,1997-06-14,1997-09-12,90,false,false,true
2378,1993-01-01,1993-01-31,30,true,true,true
435,1993-01-08,1993-02-07,30,true,true,true
465,1993-02-04,1993-02-07,3,true,true,true
1132,1993-02-03,1993-02-09,6,true,true,true
212,1993-01-20,1993-02-09,20,true,true,true
2256,1993-02-06,1993-02-13,7,true,true,true
5065,1993-01-24,1993-02-23,30,true,true,true
1750,1993-01-26,1993-02-25,30,true,true,true
244,1993-02-08,1993-03-05,25,true,true,true
2861,1993-02-10,1993-03-06,24,true,true,true
428,1993-02-27,1993-03-12,13,true,true,true
395,1993-03-12,1993-04-11,30,true,true,true
1874,1993-03-27,1993-04-11,15,true,true,true
1944,1993-02-12,1993-04-13,60,false,true,true
1152,1993-04-15,1993-05-05,20,true,true,true
2817,1993-04-07,1993-05-07,30,true,true,true
11065,1993-03-19,1993-05-18,60,false,true,true
9707,1993-04-24,1993-05-24,30,true,true,true
3586,1993-03-27,1993-05-26,60,false,true,true
3367,1993-04-01,1993-05-31,60,false,true,true
1126,1993-03-08,1993-06-06,90,false,false,true
2523,1993-05-11,1993-06-09,29,true,true,true
1937,1993-05-18,1993-06-12,25,true,true,true
188,1993-04-20,1993-06-19,60,false,true,true
2639,1993-04-26,1993-06-25,60,false,true,true
8934,1993-06-06,1993-07-05,29,true,true,true
1999,1993-06-06,1993-07-06,30,true,true,true
1930,1993-06-27,1993-07-10,13,true,true,true
2687,1993-07-01,1993-07-14,13,true,true,true
3284,1993-05-17,1993-07-16,60,false,true,true
3064,1993-05-23,1993-07-22,60,false,true,true
1534,1993-05-24,1993-07-23,60,false,true,true
8027,1993-07-07,1993-08-06,30,true,true,true
9703,1993-07-15,1993-08-08,24,true,true,true
3629,1993-07-27,1993-08-11,15,true,true,true
3078,1993-07-16,1993-08-11,26,true,true,true
3133,1993-06-14,1993-08-13,60,false,true,true
3493,1993-07-22,1993-08-14,23,true,true,true
6273,1993-07-21,1993-08-20,30,true,true,true
2566,1993-01-27,1993-08-25,210,false,false,false
9041,1993-08-03,1993-09-02,30,true,true,true
78,1993-07-07,1993-09-05,60,false,true,true
552,1993-08-20,1993-09-07,18,true,true,true
3477,1993-08-22,1993-09-08,17,true,true,true
1107,1993-09-08,1993-09-11,3,true,true,true
2697,1993-06-26,1993-09-24,90,false,false,true
381,1993-07-04,1993-10-02,90,false,false,true
3939,1993-07-08,1993-10-06,90,false,false,true
757,1993-07-19,1993-10-17,90,false,false,true
2417,1993-08-20,1993-10-19,60,false,true,true
9869,1993-08-21,1993-10-20,60,false,true,true
2620,1993-08-03,1993-11-01,90,false,false,true
1120,1993-10-05,1993-11-05,31,false,true,true
2140,1993-10-21,1993-11-09,19,true,true,true
861,1993-09-13,1993-11-12,60,false,true,true
8475,1993-09-08,1993-12-07,90,false,false,true
10440,1993-09-13,1993-12-12,90,false,false,true
2072,1993-10-17,1993-12-16,60,false,true,true
6353,1993-11-26,1993-12-26,30,true,true,true
651,1993-11-28,1993-12-28,30,true,true,true
3225,1993-11-01,1993-12-31,60,false,true,true
2588,1993-12-04,1994-01-03,30,true,true,true
3687,1993-11-06,1994-01-05,60,false,true,true
3197,1993-12-25,1994-01-06,12,true,true,true
2504,1993-12-09,1994-01-08,30,true,true,true
931,1993-10-15,1994-01-13,90,false,false,true
9656,1993-11-14,1994-01-28,75,false,false,true
2427,1993-10-08,1994-02-05,120,false,false,false
4119,1993-10-18,1994-02-15,120,false,false,false
2326,1994-01-24,1994-02-23,30,true,true,true
2628,1994-02-06,1994-02-25,19,true,true,true
3003,1993-11-27,1994-02-25,90,false,false,true
391,1993-12-11,1994-02-28,79,false,false,true
2673,1994-01-04,1994-03-05,60,false,true,true
1512,1994-01-08,1994-03-09,60,false,true,true
3184,1994-02-18,1994-03-12,22,true,true,true
10788,1993-11-22,1994-03-22,120,false,false,false
4907,1994-02-06,1994-04-07,60,false,true,true
3445,1994-02-22,1994-04-23,60,false,true,true
2959,1994-02-25,1994-04-26,60,false,true,true
628,1994-01-03,1994-05-03,120,false,false,false
3259,1994-04-11,1994-05-07,26,true,true,true
343,1994-04-26,1994-05-10,14,true,true,true
3378,1994-03-14,1994-05-13,60,false,true,true
3134,1994-04-29,1994-06-28,60,false,true,true
4245,1994-05-02,1994-07-01,60,false,true,true
10942,1994-06-05,1994-07-05,30,true,true,true
2847,1994-05-08,1994-07-07,60,false,true,true
3037,1994-05-26,1994-07-25,60,false,true,true
3536,1994-08-11,1994-08-13,2,true,true,true
3160,1994-06-19,1994-08-18,60,false,true,true
700,1994-06-01,1994-08-30,90,false,false,true
941,1994-06-08,1994-09-06,90,false,false,true
7546,1994-09-03,1994-09-07,4,true,true,true
3425,1994-08-24,1994-09-11,18,true,true,true
3336,1994-09-19,1994-10-06,17,true,true,true
9192,1994-08-16,1994-10-15,60,false,true,true
1105,1994-09-01,1994-10-31,60,false,true,true
1958,1994-10-24,1994-11-10,17,true,true,true
2949,1994-10-21,1994-11-11,21,true,true,true
5422,1994-10-22,1994-11-21,30,true,true,true
1327,1994-08-24,1994-11-22,90,false,false,true
1828,1994-09-28,1994-11-23,56,false,true,true
11186,1994-11-24,1994-12-09,15,true,true,true
2546,1994-12-08,1995-01-07,30,true,true,true
1011,1994-12-17,1995-01-10,24,true,true,true
802,1994-12-20,1995-01-12,23,true,true,true
1295,1994-10-28,1995-01-26,90,false,false,true
11042,1995-01-29,1995-02-05,7,true,true,true
2421,1995-01-11,1995-02-11,31,false,true,true
1548,1995-01-27,1995-02-11,15,true,true,true
2163,1995-01-05,1995-03-06,60,false,true,true
1287,1995-03-04,1995-03-07,3,true,true,true
2688,1995-02-20,1995-03-09,17,true,true,true
393,1995-02-04,1995-04-05,60,false,true,true
7418,1995-04-07,1995-04-10,3,true,true,true
842,1995-04-07,1995-04-11,4,true,true,true
1821,1995-04-07,1995-05-07,30,true,true,true
2931,1995-05-04,1995-05-12,8,true,true,true
6609,1995-03-27,1995-05-26,60,false,true,true
544,1995-05-15,1995-06-10,26,true,true,true
2877,1995-06-04,1995-06-10,6,true,true,true
3624,1995-05-30,1995-06-29,30,true,true,true
1597,1995-07-04,1995-07-06,2,true,true,true
3458,1995-07-07,1995-07-08,1,true,true,true
3453,1995-06-08,1995-07-08,30,true,true,true
3874,1995-06-02,1995-08-01,60,false,true,true
1135,1995-07-17,1995-08-06,20,true,true,true
1252,1995-07-26,1995-08-11,16,true,true,true
223,1995-06-13,1995-08-12,60,false,true,true
3203,1995-08-07,1995-08-14,7,true,true,true
2096,1995-06-17,1995-08-16,60,false,true,true
11382,1995-08-20,1995-09-10,21,true,true,true
3532,1995-07-18,1995-09-16,60,false,true,true
2310,1995-07-19,1995-09-17,60,false,true,true
2957,1995-07-28,1995-09-26,60,false,true,true
5118,1995-08-05,1995-10-04,60,false,true,true
3902,1995-08-08,1995-10-07,60,false,true,true
3270,1995-08-08,1995-10-07,60,false,true,true
619,1995-09-09,1995-10-09,30,true,true,true
3216,1995-08-11,1995-10-10,60,false,true,true
786,1995-08-12,1995-10-11,60,false,true,true
3855,1995-09-04,1995-11-03,60,false,true,true
3061,1995-11-08,1995-11-10,2,true,true,true
8,1995-09-21,1995-11-20,60,false,true,true
479,1995-11-05,1995-12-05,30,true,true,true
257,1995-11-05,1995-12-05,30,true,true,true
2301,1995-10-10,1995-12-09,60,false,true,true
1257,1995-10-11,1995-12-10,60,false,true,true
3689,1995-11-29,1995-12-29,30,true,true,true
1212,1995-12-18,1996-01-05,18,true,true,true
1711,1996-01-05,1996-01-08,3,true,true,true
6678,1996-01-03,1996-02-02,30,true,true,true
2754,1996-01-26,1996-02-12,17,true,true,true
3924,1996-02-24,1996-03-07,12,true,true,true
827,1996-02-23,1996-03-08,14,true,true,true
1580,1996-01-08,1996-03-08,60,false,true,true
3943,1996-03-06,1996-03-14,8,true,true,true
2600,1996-02-13,1996-03-14,30,true,true,true
4981,1996-01-22,1996-03-22,60,false,true,true
2243,1996-01-24,1996-03-24,60,false,true,true
3993,1996-01-24,1996-03-24,60,false,true,true
1759,1996-01-25,1996-03-25,60,false,true,true
3803,1996-01-26,1996-03-26,60,false,true,true
145,1996-01-03,1996-04-02,90,false,false,true
2548,1996-01-06,1996-04-05,90,false,false,true
3170,1996-01-12,1996-04-11,90,false,false,true
1365,1996-03-15,1996-04-13,29,true,true,true
3296,1996-03-15,1996-04-14,30,true,true,true
3016,1996-02-23,1996-04-23,60,false,true,true
2772,1996-02-24,1996-04-24,60,false,true,true
3917,1996-03-30,1996-04-29,30,true,true,true
3709,1996-03-05,1996-05-04,60,false,true,true
1542,1996-04-25,1996-05-08,13,true,true,true
1614,1996-05-07,1996-05-08,1,true,true,true
3422,1996-03-28,1996-05-27,60,false,true,true
3451,1996-04-27,1996-05-27,30,true,true,true
2116,1996-05-02,1996-06-01,30,true,true,true
684,1996-05-12,1996-06-05,24,true,true,true
612,1996-05-27,1996-06-06,10,true,true,true
2982,1996-06-04,1996-06-08,4,true,true,true
9513,1996-05-12,1996-06-11,30,true,true,true
3248,1996-05-11,1996-06-11,31,false,true,true
3998,1996-04-20,1996-06-19,60,false,true,true
251,1996-04-06,1996-07-05,90,false,false,true
732,1996-06-07,1996-07-07,30,true,true,true
878,1996-06-29,1996-07-08,9,true,true,true
1609,1996-07-05,1996-07-11,6,true,true,true
3585,1996-06-23,1996-07-12,19,true,true,true
1733,1996-04-20,1996-07-19,90,false,false,true
1358,1996-04-21,1996-07-20,90,false,false,true
3089,1996-07-02,1996-08-01,30,true,true,true
687,1996-06-02,1996-08-01,60,false,true,true
113,1996-07-22,1996-08-06,15,true,true,true
9510,1996-06-09,1996-08-08,60,false,true,true
81,1996-07-18,1996-08-10,23,true,true,true
2101,1996-08-04,1996-08-13,9,true,true,true
5837,1996-07-18,1996-08-17,30,true,true,true
3696,1996-06-22,1996-08-21,60,false,true,true
58,1996-08-23,1996-09-08,16,true,true,true
2347,1996-08-30,1996-09-10,11,true,true,true
2439,1996-08-13,1996-09-11,29,true,true,true
1139,1996-01-20,1996-09-16,240,false,false,false
1007,1996-06-28,1996-09-23,87,false,false,true
2102,1996-08-05,1996-10-04,60,false,true,true
1823,1996-09-28,1996-10-05,7,true,true,true
503,1996-08-08,1996-10-07,60,false,true,true
2349,1996-09-11,1996-10-08,27,true,true,true
2076,1996-09-17,1996-10-12,25,true,true,true
3904,1996-10-05,1996-10-13,8,true,true,true
10789,1996-09-18,1996-10-18,30,true,true,true
2976,1996-08-19,1996-10-18,60,false,true,true
1538,1996-09-20,1996-10-20,30,true,true,true
1188,1996-07-22,1996-10-20,90,false,false,true
2622,1996-08-21,1996-10-20,60,false,true,true
2706,1996-06-23,1996-10-21,120,false,false,false
242,1996-08-29,1996-10-28,60,false,true,true
3272,1996-08-30,1996-10-29,60,false,true,true
8628,1996-10-15,1996-11-14,30,true,true,true
567,1996-06-19,1996-11-16,150,false,false,false
4480,1996-08-19,1996-11-17,90,false,false,true
2640,1996-09-21,1996-11-20,60,false,true,true
1330,1996-10-22,1996-11-21,30,true,true,true
2983,1996-07-25,1996-11-22,120,false,false,false
1985,1996-07-29,1996-11-26,120,false,false,false
2234,1996-11-21,1996-12-07,16,true,true,true
2258,1996-11-12,1996-12-07,25,true,true,true
1777,1996-10-10,1996-12-09,60,false,true,true
3856,1996-12-03,1996-12-14,11,true,true,true
1754,1996-12-01,1996-12-31,30,true,true,true
826,1996-10-05,1997-01-03,90,false,false,true
4631,1996-12-12,1997-01-08,27,true,true,true
3387,1996-12-28,1997-01-10,13,true,true,true
592,1996-12-27,1997-01-11,15,true,true,true
1195,1996-12-27,1997-01-11,15,true,true,true
3540,1997-01-03,1997-01-12,9,true,true,true
249,1996-12-03,1997-02-01,60,false,true,true
364,1997-01-20,1997-02-08,19,true,true,true
1326,1996-11-11,1997-02-09,90,false,false,true
3437,1996-11-13,1997-02-11,90,false,false,true
2162,1997-11-21,1997-12-21,30,true,true,true
3385,1997-12-21,1998-03-21,90,false,false,true
7437,1997-08-08,1997-08-08,0,true,true,true
1790,1997-09-08,1997-12-07,90,false,false,true
49,1997-04-06,1997-04-12,6,true,true,true
1043,1997-08-13,1997-10-12,60,false,true,true
966,1997-10-14,1997-11-10,27,true,true,true
1390,1996-12-30,1997-02-28,60,false,true,true
1608,1997-10-08,1997-10-14,6,true,true,true
591,1997-08-12,1997-09-08,27,true,true,true
1814,1997-09-23,1997-10-09,16,true,true,true
696,1997-11-09,1997-12-06,27,true,true,true
1665,1997-04-15,1997-05-11,26,true,true,true
2229,1997-01-27,1997-03-28,60,false,true,true
2231,1997-10-14,1998-01-12,90,false,false,true
2372,1997-06-15,1997-07-14,29,true,true,true
1171,1997-12-20,1998-02-18,60,false,true,true
1177,1997-12-20,1998-02-18,60,false,true,true
3293,1997-08-08,1997-08-10,2,true,true,true
2827,1996-12-18,1997-02-16,60,false,true,true
2703,1997-10-28,1997-11-12,15,true,true,true
3773,1997-05-04,1997-05-07,3,true,true,true
10068,1997-04-02,1997-04-30,28,true,true,true
3700,1997-06-03,1997-07-03,30,true,true,true
9156,1997-09-14,1997-10-14,30,true,true,true
579,1997-12-16,1998-03-16,90,false,false,true
2048,1997-03-30,1997-05-29,60,false,true,true
3343,1997-08-03,1997-10-02,60,false,true,true
407,1997-04-18,1997-07-17,90,false,false,true
2172,1997-09-02,1997-09-14,12,true,true,true
2312,1997-09-26,1997-10-08,12,true,true,true
1734,1997-04-10,1997-06-09,60,false,true,true
3851,1997-02-27,1997-04-28,60,false,true,true
3085,1997-07-03,1997-09-01,60,false,true,true
777,1997-12-28,1998-01-27,30,true,true,true
765,1996-12-20,1997-04-19,120,false,false,false
3985,1997-07-13,1997-08-06,24,true,true,true
2442,1997-08-21,1997-09-14,24,true,true,true
4471,1997-06-09,1997-07-05,26,true,true,true
3331,1997-02-20,1997-04-21,60,false,true,true
298,1997-12-02,1998-01-31,60,false,true,true
387,1997-09-19,1998-01-17,120,false,false,false
3577,1997-05-11,1997-07-10,60,false,true,true
2440,1997-12-18,1998-01-17,30,true,true,true
3282,1996-11-24,1997-02-25,93,false,false,false
91,1996-11-06,1997-03-06,120,false,false,false
2049,1997-12-19,1998-02-17,60,false,true,true
3463,1997-09-21,1997-11-20,60,false,true,true
4130,1997-06-01,1997-10-29,150,false,false,false
3934,1997-12-23,1998-01-06,14,true,true,true
6866,1997-10-02,1997-10-07,5,true,true,true
3798,1997-08-27,1997-10-26,60,false,true,true
1514,1997-07-01,1997-07-08,7,true,true,true
232,1997-11-29,1997-12-29,30,true,true,true
10152,1997-09-28,1997-10-28,30,true,true,true
1313,1997-10-01,1997-11-30,60,false,true,true
85,1997-03-23,1997-06-21,90,false,false,true
1956,1997-05-23,1997-08-21,90,false,false,true
1841,1997-06-12,1997-11-09,150,false,false,false
2744,1997-04-19,1997-05-09,20,true,true,true
2127,1997-05-09,1997-06-05,27,true,true,true
3962,1996-12-13,1997-05-12,150,false,false,false
5270,1993-01-13,1993-01-14,1,true,true,true
813,1993-02-10,1993-02-11,1,true,true,true
163,1993-01-27,1993-02-13,17,true,true,true
1276,1993-01-07,1993-03-08,60,false,true,true
1005,1993-02-23,1993-03-09,14,true,true,true
3302,1993-03-02,1993-03-10,8,true,true,true
2423,1993-02-14,1993-03-12,26,true,true,true
11295,1993-01-21,1993-03-22,60,false,true,true
1678,1993-02-22,1993-03-24,30,true,true,true
4296,1993-01-28,1993-03-29,60,false,true,true
423,1993-03-28,1993-04-06,9,true,true,true
361,1993-02-27,1993-04-28,60,false,true,true
3513,1993-03-03,1993-05-02,60,false,true,true
1032,1993-04-26,1993-05-05,9,true,true,true
1372,1993-03-16,1993-05-15,60,false,true,true
9403,1993-03-27,1993-05-26,60,false,true,true
562,1993-02-25,1993-05-26,90,false,false,true
748,1993-04-08,1993-06-07,60,false,true,true
2068,1993-06-02,1993-06-09,7,true,true,true
5546,1993-05-28,1993-06-11,14,true,true,true
115,1993-03-19,1993-06-17,90,false,false,true
2876,1993-04-22,1993-06-21,60,false,true,true
2037,1993-05-06,1993-07-05,60,false,true,true
702,1993-06-23,1993-07-07,14,true,true,true
1373,1993-06-12,1993-07-10,28,true,true,true
2584,1993-07-08,1993-07-14,6,true,true,true
459,1993-01-21,1993-07-20,180,false,false,false
551,1993-05-07,1993-08-05,90,false,false,true
2779,1993-06-15,1993-08-14,60,false,true,true
929,1993-07-03,1993-09-01,60,false,true,true
1236,1993-05-05,1993-09-02,120,false,false,false
3157,1993-09-10,1993-09-11,1,true,true,true
3456,1993-09-06,1993-09-11,5,true,true,true
3465,1993-07-16,1993-09-14,60,false,true,true
2732,1993-07-27,1993-09-25,60,false,true,true
2078,1993-07-08,1993-10-06,90,false,false,true
274,1993-08-20,1993-10-19,60,false,true,true
950,1993-08-26,1993-10-25,60,false,true,true
3892,1993-10-25,1993-11-05,11,true,true,true
10940,1993-09-13,1993-11-12,60,false,true,true
8489,1993-09-18,1993-11-17,60,false,true,true
15,1993-10-02,1993-12-01,60,false,true,true
66,1993-12-03,1993-12-09,6,true,true,true
18,1993-05-26,1993-12-22,210,false,false,false
4511,1993-09-26,1993-12-25,90,false,false,true
173,1993-11-26,1993-12-26,30,true,true,true
4264,1993-12-07,1994-01-06,30,true,true,true
1673,1993-12-08,1994-01-06,29,true,true,true
10906,1993-11-14,1994-01-13,60,false,true,true
3820,1993-11-14,1994-01-13,60,false,true,true
1931,1993-11-23,1994-01-22,60,false,true,true
5256,1993-10-25,1994-01-23,90,false,false,true
3948,1993-11-09,1994-02-07,90,false,false,true
742,1994-01-28,1994-02-07,10,true,true,true
1604,1993-12-16,1994-02-14,60,false,true,true
1686,1993-11-18,1994-02-16,90,false,false,true
1406,1994-03-04,1994-03-05,1,true,true,true
974,1994-02-25,1994-03-27,30,true,true,true
1237,1994-03-13,1994-04-12,30,true,true,true
1788,1994-01-04,1994-05-04,120,false,false,false
3912,1994-05-04,1994-05-13,9,true,true,true
289,1994-03-17,1994-05-16,60,false,true,true
31,1994-04-27,1994-05-27,30,true,true,true
855,1994-03-28,1994-05-27,60,false,true,true
1042,1994-04-03,1994-06-02,60,false,true,true
1184,1994-05-06,1994-06-05,30,true,true,true
2662,1994-05-24,1994-06-08,15,true,true,true
2179,1994-01-14,1994-06-13,150,false,false,false
2375,1994-05-16,1994-06-15,30,true,true,true
2228,1994-03-19,1994-06-17,90,false,false,true
1375,1994-04-27,1994-06-26,60,false,true,true
3747,1994-05-01,1994-06-30,60,false,true,true
2868,1994-06-15,1994-07-06,21,true,true,true
161,1994-07-04,1994-07-10,6,true,true,true
3636,1994-05-22,1994-07-21,60,false,true,true
1634,1994-06-04,1994-08-03,60,false,true,true
610,1994-08-11,1994-09-06,26,true,true,true
1592,1994-08-18,1994-09-13,26,true,true,true
2615,1994-07-17,1994-09-15,60,false,true,true
6,1994-09-27,1994-10-11,14,true,true,true
3288,1994-09-15,1994-10-12,27,true,true,true
3612,1994-08-27,1994-10-26,60,false,true,true
3622,1994-10-15,1994-11-14,30,true,true,true
988,1994-10-22,1994-11-14,23,true,true,true
1838,1994-05-26,1994-11-22,180,false,false,false
4580,1994-08-27,1994-11-25,90,false,false,true
8411,1994-12-02,1994-12-10,8,true,true,true
3058,1994-10-23,1994-12-22,60,false,true,true
2044,1994-11-23,1994-12-23,30,true,true,true
4434,1994-12-09,1995-02-07,60,false,true,true
3641,1995-01-09,1995-02-08,30,true,true,true
775,1994-12-18,1995-02-16,60,false,true,true
7614,1995-02-08,1995-03-07,27,true,true,true
3128,1995-01-06,1995-04-06,90,false,false,true
288,1995-03-18,1995-04-07,20,true,true,true
9493,1995-04-02,1995-04-10,8,true,true,true
2911,1995-02-25,1995-04-26,60,false,true,true
1254,1995-03-28,1995-04-27,30,true,true,true
3826,1995-03-05,1995-05-04,60,false,true,true
789,1995-02-06,1995-05-07,90,false,false,true
3936,1995-05-04,1995-05-14,10,true,true,true
5541,1995-03-24,1995-05-23,60,false,true,true
685,1995-01-04,1995-06-03,150,false,false,false
463,1995-05-08,1995-06-07,30,true,true,true
11349,1995-05-26,1995-06-08,13,true,true,true
3252,1995-06-12,1995-06-14,2,true,true,true
11069,1995-06-02,1995-07-02,30,true,true,true
10019,1995-06-15,1995-07-15,30,true,true,true
4423,1995-04-26,1995-07-25,90,false,false,true
2642,1995-06-05,1995-08-04,60,false,true,true
1183,1995-05-08,1995-08-06,90,false,false,true
4681,1995-08-08,1995-08-08,0,true,true,true
2265,1995-08-03,1995-09-02,30,true,true,true
1103,1995-07-09,1995-09-07,60,false,true,true
8547,1995-07-17,1995-09-15,60,false,true,true
4258,1995-08-26,1995-09-25,30,true,true,true
1690,1995-10-07,1995-10-07,0,true,true,true
3492,1995-09-10,1995-10-10,30,true,true,true
80,1995-09-27,1995-10-14,17,true,true,true
1810,1995-09-03,1995-11-02,60,false,true,true
3925,1995-09-05,1995-11-04,60,false,true,true
6434,1995-05-08,1995-11-04,180,false,false,false
2608,1995-08-09,1995-11-07,90,false,false,true
6400,1995-10-09,1995-11-08,30,true,true,true
372,1995-09-10,1995-11-09,60,false,true,true
3646,1995-10-20,1995-11-19,30,true,true,true
501,1995-10-21,1995-11-20,30,true,true,true
10520,1995-10-24,1995-11-23,30,true,true,true
420,1995-08-26,1995-11-24,90,false,false,true
487,1995-11-14,1995-12-14,30,true,true,true
3772,1995-11-20,1995-12-20,30,true,true,true
3189,1995-11-29,1995-12-29,30,true,true,true
155,1995-11-07,1996-01-06,60,false,true,true
2223,1996-01-05,1996-01-09,4,true,true,true
3051,1996-01-01,1996-01-10,9,true,true,true
968,1995-11-11,1996-01-10,60,false,true,true
3092,1995-12-20,1996-01-13,24,true,true,true
3866,1995-09-05,1996-02-02,150,false,false,false
2522,1996-01-21,1996-02-06,16,true,true,true
5267,1996-01-12,1996-02-11,30,true,true,true
4538,1995-05-07,1996-03-02,300,false,false,false
2716,1996-01-08,1996-03-08,60,false,true,true
8680,1996-02-12,1996-03-11,28,true,true,true
1298,1996-01-20,1996-03-20,60,false,true,true
3947,1996-01-23,1996-03-23,60,false,true,true
4424,1996-01-29,1996-03-29,60,false,true,true
3455,1996-03-13,1996-04-05,23,true,true,true
3115,1996-03-27,1996-04-08,12,true,true,true
3890,1996-02-10,1996-04-10,60,false,true,true
3468,1996-02-14,1996-04-14,60,false,true,true
2904,1996-03-20,1996-04-14,25,true,true,true
1448,1995-10-07,1996-05-04,210,false,false,false
3736,1996-05-08,1996-05-09,1,true,true,true
1510,1996-03-11,1996-05-10,60,false,true,true
2263,1996-03-12,1996-05-11,60,false,true,true
4092,1996-03-13,1996-05-12,60,false,true,true
3802,1996-04-18,1996-05-13,25,true,true,true
2946,1996-05-07,1996-05-14,7,true,true,true
116,1996-03-21,1996-05-20,60,false,true,true
3859,1996-04-23,1996-05-23,30,true,true,true
898,1996-03-27,1996-05-26,60,false,true,true
2659,1996-03-30,1996-05-29,60,false,true,true
514,1996-03-30,1996-05-29,60,false,true,true
3706,1996-04-04,1996-06-03,60,false,true,true
8772,1996-05-16,1996-06-05,20,true,true,true
10345,1996-04-07,1996-06-06,60,false,true,true
3887,1996-05-08,1996-06-08,31,false,true,true
136,1996-05-14,1996-06-11,28,true,true,true
375,1996-06-07,1996-06-13,6,true,true,true
1121,1996-04-17,1996-06-16,60,false,true,true
1304,1996-04-27,1996-06-26,60,false,true,true
1716,1996-05-02,1996-07-01,60,false,true,true
1920,1996-04-08,1996-07-07,90,false,false,true
2604,1996-07-04,1996-07-08,4,true,true,true
265,1996-07-05,1996-07-10,5,true,true,true
1508,1996-01-22,1996-07-20,180,false,false,false
3227,1996-06-24,1996-07-24,30,true,true,true
1905,1996-05-25,1996-07-24,60,false,true,true
2812,1996-07-05,1996-08-04,30,true,true,true
3511,1996-07-23,1996-08-09,17,true,true,true
858,1996-07-13,1996-08-12,30,true,true,true
2752,1996-05-15,1996-08-13,90,false,false,true
76,1996-05-16,1996-08-14,90,false,false,true
507,1996-06-17,1996-08-16,60,false,true,true
1399,1996-05-20,1996-08-18,90,false,false,true
4320,1996-07-23,1996-08-22,30,true,true,true
3928,1996-05-08,1996-08-31,115,false,false,false
613,1996-08-10,1996-09-07,28,true,true,true
3204,1996-07-13,1996-09-11,60,false,true,true
3723,1996-06-14,1996-09-12,90,false,false,true
6495,1996-07-23,1996-09-21,60,false,true,true
3432,1996-06-25,1996-09-23,90,false,false,true
2209,1996-08-15,1996-09-26,42,false,true,true
4803,1996-06-08,1996-10-04,118,false,false,false
1244,1996-05-08,1996-10-05,150,false,false,false
2134,1996-08-06,1996-10-05,60,false,true,true
1374,1996-09-26,1996-10-07,11,true,true,true
2869,1996-09-27,1996-10-07,10,true,true,true
3066,1996-08-12,1996-10-11,60,false,true,true
1463,1996-09-25,1996-10-12,17,true,true,true
814,1996-10-06,1996-10-13,7,true,true,true
945,1996-08-16,1996-10-15,60,false,true,true
1367,1996-08-20,1996-10-19,60,false,true,true
3573,1996-06-27,1996-10-25,120,false,false,false
10,1996-08-28,1996-10-27,60,false,true,true
199,1996-10-26,1996-11-05,10,true,true,true
3800,1996-09-16,1996-11-15,60,false,true,true
3816,1996-04-21,1996-11-17,210,false,false,false
2906,1996-09-20,1996-11-19,60,false,true,true
3399,1996-09-26,1996-11-25,60,false,true,true
10607,1996-10-08,1996-12-07,60,false,true,true
2573,1996-07-16,1996-12-13,150,false,false,false
2013,1996-08-15,1996-12-13,120,false,false,false
6265,1996-11-01,1996-12-20,49,false,true,true
2898,1996-11-23,1996-12-23,30,true,true,true
1683,1996-11-01,1996-12-31,60,false,true,true
6510,1996-12-18,1997-01-07,20,true,true,true
2107,1996-11-09,1997-01-08,60,false,true,true
9424,1996-12-30,1997-01-09,10,true,true,true
333,1996-12-23,1997-01-09,17,true,true,true
1659,1996-12-25,1997-01-10,16,true,true,true
3393,1996-12-22,1997-01-10,19,true,true,true
2990,1996-09-16,1997-01-14,120,false,false,false
595,1996-12-21,1997-01-20,30,true,true,true
7176,1996-12-07,1997-02-05,60,false,true,true
2653,1997-01-08,1997-02-07,30,true,true,true
3910,1997-01-19,1997-02-07,19,true,true,true
2571,1997-01-15,1997-02-10,26,true,true,true
869,1996-07-15,1997-02-10,210,false,false,false
214,1997-03-09,1997-04-05,27,true,true,true
1794,1997-07-23,1997-09-21,60,false,true,true
3911,1997-12-16,1998-01-08,23,true,true,true
768,1997-07-03,1997-10-01,90,false,false,true
1740,1997-03-13,1997-04-10,28,true,true,true
2000,1997-08-06,1997-10-05,60,false,true,true
1391,1996-12-21,1997-02-19,60,false,true,true
3634,1997-04-16,1997-05-09,23,true,true,true
9433,1997-08-14,1997-10-13,60,false,true,true
1355,1997-08-16,1997-10-15,60,false,true,true
1921,1997-06-27,1997-07-08,11,true,true,true
185,1997-07-04,1997-08-03,30,true,true,true
226,1997-02-23,1997-04-24,60,false,true,true
2448,1997-05-11,1997-06-08,28,true,true,true
2721,1997-11-14,1997-12-14,30,true,true,true
2138,1997-08-11,1997-09-10,30,true,true,true
1434,1997-08-08,1997-08-11,3,true,true,true
3953,1997-06-16,1997-07-12,26,true,true,true
3842,1997-03-12,1997-04-08,27,true,true,true
8026,1997-03-23,1997-05-22,60,false,true,true
2920,1997-11-13,1997-12-13,30,true,true,true
384,1997-09-14,1997-11-13,60,false,true,true
10148,1997-01-13,1997-03-14,60,false,true,true
3692,1997-04-21,1997-05-12,21,true,true,true
785,1997-08-09,1997-08-12,3,true,true,true
4794,1996-12-18,1997-02-16,60,false,true,true
2715,1997-10-06,1997-10-14,8,true,true,true
2579,1997-10-18,1998-01-16,90,false,false,true
2594,1997-05-03,1997-06-02,30,true,true,true
9153,1996-12-12,1997-03-12,90,false,false,true
178,1997-09-06,1997-09-13,7,true,true,true
424,1997-02-17,1997-04-18,60,false,true,true
2537,1997-02-09,1997-03-11,30,true,true,true
1491,1997-06-11,1997-07-11,30,true,true,true
1255,1997-07-02,1997-07-05,3,true,true,true
1594,1997-04-06,1997-06-05,60,false,true,true
2085,1997-02-13,1997-04-14,60,false,true,true
367,1997-05-09,1997-07-08,60,false,true,true
801,1997-07-23,1997-10-21,90,false,false,true
3236,1997-02-20,1997-03-14,22,true,true,true
258,1997-07-09,1997-07-14,5,true,true,true
3046,1997-08-11,1997-09-06,26,true,true,true
703,1997-12-21,1998-01-14,24,true,true,true
105,1997-07-10,1997-10-08,90,false,false,true
10243,1997-09-03,1997-10-03,30,true,true,true
1172,1997-10-25,1997-11-24,30,true,true,true
2158,1997-03-29,1997-07-27,120,false,false,false
2901,1997-04-09,1997-06-08,60,false,true,true
144,1997-04-03,1997-05-03,30,true,true,true
3794,1997-02-03,1997-04-04,60,false,true,true
45,1997-09-02,1998-01-19,139,false,false,false
483,1997-07-15,1997-08-06,22,true,true,true
1651,1997-01-23,1997-02-22,30,true,true,true
3516,1997-09-07,1998-02-04,150,false,false,false
876,1997-10-26,1997-11-07,12,true,true,true
727,1997-12-25,1998-06-23,180,false,false,false
4132,1997-10-02,1998-03-01,150,false,false,false
1972,1993-01-02,1993-01-07,5,true,true,true
1806,1993-01-19,1993-02-05,17,true,true,true
1000,1993-01-25,1993-02-07,13,true,true,true
2519,1993-01-15,1993-02-07,23,true,true,true
704,1993-01-01,1993-03-02,60,false,true,true
1726,1993-01-03,1993-03-04,60,false,true,true
346,1993-01-11,1993-03-12,60,false,true,true
112,1993-03-12,1993-03-13,1,true,true,true
2676,1993-01-22,1993-03-23,60,false,true,true
2881,1993-01-04,1993-04-04,90,false,false,true
3935,1993-03-08,1993-04-06,29,true,true,true
1926,1993-01-06,1993-04-06,90,false,false,true
197,1993-02-25,1993-04-26,60,false,true,true
890,1993-02-05,1993-05-06,90,false,false,true
504,1993-04-21,1993-05-09,18,true,true,true
7123,1993-04-14,1993-05-14,30,true,true,true
8261,1993-05-12,1993-05-14,2,true,true,true
5740,1993-04-16,1993-05-16,30,true,true,true
3785,1993-03-24,1993-05-23,60,false,true,true
3883,1993-03-15,1993-05-31,77,false,false,true
1695,1993-01-03,1993-06-02,150,false,false,false
44,1993-05-10,1993-06-05,26,true,true,true
2056,1993-04-07,1993-06-06,60,false,true,true
425,1993-03-19,1993-06-17,90,false,false,true
3678,1993-03-24,1993-06-22,90,false,false,true
2245,1993-03-30,1993-06-28,90,false,false,true
2467,1993-05-29,1993-06-28,30,true,true,true
1713,1993-03-03,1993-07-01,120,false,false,false
3316,1993-05-06,1993-07-05,60,false,true,true
1475,1993-06-14,1993-07-05,21,true,true,true
2862,1993-06-07,1993-07-07,30,true,true,true
1887,1993-05-09,1993-07-08,60,false,true,true
3435,1993-07-01,1993-07-08,7,true,true,true
3713,1993-06-08,1993-07-08,30,true,true,true
1180,1993-05-19,1993-07-18,60,false,true,true
8173,1993-07-05,1993-08-05,31,false,true,true
4035,1993-07-25,1993-08-06,12,true,true,true
1630,1993-07-28,1993-08-11,14,true,true,true
1902,1993-07-17,1993-08-13,27,true,true,true
7485,1993-07-28,1993-08-13,16,true,true,true
2123,1993-07-26,1993-08-13,18,true,true,true
3212,1993-07-25,1993-08-14,20,true,true,true
1805,1993-02-02,1993-08-31,210,false,false,false
4448,1993-06-02,1993-08-31,90,false,false,true
2534,1993-06-03,1993-09-01,90,false,false,true
2938,1993-08-04,1993-09-03,30,true,true,true
3221,1993-08-17,1993-09-09,23,true,true,true
2648,1993-04-13,1993-09-10,150,false,false,false
815,1993-08-25,1993-09-13,19,true,true,true
1425,1993-07-06,1993-10-04,90,false,false,true
1602,1993-09-19,1993-10-07,18,true,true,true
235,1993-10-06,1993-10-09,3,true,true,true
3166,1993-08-10,1993-10-09,60,false,true,true
34,1993-09-17,1993-10-11,24,true,true,true
1811,1993-09-22,1993-10-14,22,true,true,true
207,1993-07-25,1993-10-23,90,false,false,true
730,1993-08-28,1993-10-27,60,false,true,true
1694,1993-08-29,1993-10-28,60,false,true,true
172,1993-08-30,1993-10-29,60,false,true,true
3298,1993-08-04,1993-11-02,90,false,false,true
657,1993-08-08,1993-11-06,90,false,false,true
1684,1993-07-10,1993-11-07,120,false,false,false
2549,1993-11-12,1993-11-12,0,true,true,true
3863,1993-09-14,1993-11-13,60,false,true,true
3505,1993-09-23,1993-11-22,60,false,true,true
3618,1993-09-29,1993-11-28,60,false,true,true
1337,1993-09-01,1993-11-30,90,false,false,true
1485,1993-10-03,1993-12-02,60,false,true,true
2989,1993-11-28,1993-12-07,9,true,true,true
1664,1993-11-15,1993-12-15,30,true,true,true
1051,1993-10-21,1993-12-20,60,false,true,true
426,1993-11-29,1993-12-29,30,true,true,true
1098,1993-12-28,1994-01-05,8,true,true,true
73,1993-11-08,1994-01-07,60,false,true,true
5092,1993-12-21,1994-01-09,19,true,true,true
2738,1993-11-12,1994-01-11,60,false,true,true
719,1993-12-21,1994-01-14,24,true,true,true
2971,1993-12-23,1994-01-22,30,true,true,true
2460,1993-11-22,1994-02-20,90,false,false,true
9104,1994-01-21,1994-02-20,30,true,true,true
2778,1993-12-30,1994-02-28,60,false,true,true
969,1994-01-08,1994-02-28,51,false,true,true
2691,1993-09-08,1994-03-07,180,false,false,false
1091,1993-09-09,1994-03-08,180,false,false,false
1789,1993-10-23,1994-03-22,150,false,false,false
2568,1994-03-02,1994-04-01,30,true,true,true
3599,1994-03-20,1994-04-08,19,true,true,true
2713,1994-04-03,1994-04-13,10,true,true,true
2501,1994-02-26,1994-04-27,60,false,true,true
1371,1994-04-27,1994-05-10,13,true,true,true
266,1994-05-11,1994-05-12,1,true,true,true
493,1994-04-05,1994-06-04,60,false,true,true
535,1994-05-24,1994-06-23,30,true,true,true
2569,1994-06-10,1994-07-08,28,true,true,true
901,1994-07-10,1994-07-11,1,true,true,true
629,1994-07-25,1994-08-10,16,true,true,true
4328,1994-06-17,1994-08-16,60,false,true,true
710,1994-09-02,1994-09-10,8,true,true,true
3503,1994-07-17,1994-09-15,60,false,true,true
2536,1994-10-28,1994-11-08,11,true,true,true
1312,1994-10-15,1994-11-10,26,true,true,true
1993,1994-10-30,1994-11-29,30,true,true,true
2905,1994-10-03,1994-12-02,60,false,true,true
2788,1994-10-12,1994-12-11,60,false,true,true
2924,1994-10-16,1994-12-15,60,false,true,true
2790,1994-10-18,1994-12-17,60,false,true,true
1583,1994-11-17,1994-12-17,30,true,true,true
3752,1994-11-25,1994-12-25,30,true,true,true
4082,1994-11-08,1995-01-07,60,false,true,true
10728,1994-12-23,1995-01-09,17,true,true,true
3777,1995-01-19,1995-02-05,17,true,true,true
2809,1994-12-08,1995-02-06,60,false,true,true
2663,1995-01-25,1995-02-14,20,true,true,true
1417,1994-12-20,1995-02-18,60,false,true,true
10630,1995-01-15,1995-03-16,60,false,true,true
2808,1994-12-18,1995-03-18,90,false,false,true
1414,1995-01-17,1995-03-18,60,false,true,true
2054,1995-01-24,1995-03-25,60,false,true,true
7606,1995-03-15,1995-03-31,16,true,true,true
1479,1995-04-04,1995-04-06,2,true,true,true
1769,1995-01-25,1995-04-25,90,false,false,true
1540,1995-03-29,1995-04-28,30,true,true,true
586,1995-03-16,1995-05-15,60,false,true,true
1174,1995-03-21,1995-05-20,60,false,true,true
568,1995-03-28,1995-05-27,60,false,true,true
3147,1995-04-05,1995-06-04,60,false,true,true
2750,1995-04-13,1995-06-12,60,false,true,true
4852,1995-04-13,1995-06-12,60,false,true,true
1696,1995-06-09,1995-06-13,4,true,true,true
10963,1995-05-20,1995-06-19,30,true,true,true
57,1995-05-21,1995-06-20,30,true,true,true
285,1995-05-08,1995-07-07,60,false,true,true
2244,1995-07-19,1995-08-05,17,true,true,true
3124,1995-06-13,1995-08-12,60,false,true,true
1927,1995-08-04,1995-08-13,9,true,true,true
2144,1995-07-21,1995-08-20,30,true,true,true
11138,1995-08-18,1995-09-17,30,true,true,true
2533,1995-06-27,1995-09-25,90,false,false,true
2236,1995-08-27,1995-09-26,30,true,true,true
1122,1995-08-12,1995-10-11,60,false,true,true
2297,1995-06-18,1995-10-16,120,false,false,false
11079,1995-11-10,1995-11-11,1,true,true,true
5263,1995-07-14,1995-11-11,120,false,false,false
1452,1995-09-16,1995-11-15,60,false,true,true
3944,1995-10-08,1995-12-07,60,false,true,true
1742,1995-10-08,1995-12-07,60,false,true,true
2692,1995-12-08,1995-12-09,1,true,true,true
2003,1995-11-27,1995-12-09,12,true,true,true
1599,1995-11-10,1995-12-10,30,true,true,true
565,1995-11-25,1995-12-11,16,true,true,true
6649,1995-07-08,1996-01-04,180,false,false,false
8533,1995-10-10,1996-01-08,90,false,false,true
2550,1995-11-11,1996-01-10,60,false,true,true
2686,1996-01-11,1996-01-11,0,true,true,true
204,1996-01-13,1996-02-09,27,true,true,true
2237,1995-12-13,1996-02-11,60,false,true,true
2500,1995-10-26,1996-02-23,120,false,false,false
296,1996-02-14,1996-03-06,21,true,true,true
3680,1996-02-16,1996-03-08,21,true,true,true
5593,1996-02-27,1996-03-28,30,true,true,true
2274,1996-01-21,1996-03-31,70,false,false,true
3144,1996-03-09,1996-04-07,29,true,true,true
4863,1996-03-12,1996-04-09,28,true,true,true
3519,1996-02-10,1996-04-10,60,false,true,true
2578,1996-03-25,1996-04-12,18,true,true,true
3568,1996-04-11,1996-04-14,3,true,true,true
3815,1996-03-24,1996-04-23,30,true,true,true
9353,1995-11-03,1996-05-01,180,false,false,false
3462,1996-03-04,1996-05-03,60,false,true,true
986,1996-05-02,1996-05-05,3,true,true,true
798,1996-04-22,1996-05-12,20,true,true,true
1213,1996-05-08,1996-05-14,6,true,true,true
5395,1996-04-26,1996-05-26,30,true,true,true
3308,1996-04-02,1996-06-01,60,false,true,true
3769,1996-05-14,1996-06-07,24,true,true,true
2805,1996-05-20,1996-06-09,20,true,true,true
3055,1996-05-26,1996-06-13,18,true,true,true
9263,1996-06-04,1996-06-14,10,true,true,true
1074,1996-05-16,1996-06-15,30,true,true,true
3280,1996-04-24,1996-06-23,60,false,true,true
1543,1996-04-14,1996-06-24,71,false,false,true
780,1996-04-26,1996-06-25,60,false,true,true
1082,1996-06-08,1996-07-05,27,true,true,true
1672,1996-05-08,1996-07-07,60,false,true,true
913,1996-05-10,1996-07-09,60,false,true,true
1895,1996-07-12,1996-07-12,0,true,true,true
194,1996-08-01,1996-08-09,8,true,true,true
3647,1996-06-17,1996-08-16,60,false,true,true
137,1996-07-19,1996-08-18,30,true,true,true
4458,1996-04-23,1996-08-21,120,false,false,false
5362,1996-09-06,1996-09-09,3,true,true,true
3614,1996-08-07,1996-09-06,30,true,true,true
506,1996-07-08,1996-09-06,60,false,true,true
25,1996-07-28,1996-09-06,40,false,true,true
833,1996-08-29,1996-09-07,9,true,true,true
2397,1996-06-14,1996-09-12,90,false,false,true
1997,1996-09-05,1996-09-13,8,true,true,true
5250,1996-07-20,1996-09-18,60,false,true,true
2955,1996-09-27,1996-10-06,9,true,true,true
831,1996-09-18,1996-10-07,19,true,true,true
2724,1996-08-09,1996-10-08,60,false,true,true
3512,1996-05-11,1996-10-08,150,false,false,false
573,1996-07-11,1996-10-09,90,false,false,true
1155,1996-10-04,1996-10-12,8,true,true,true
3175,1996-10-08,1996-10-12,4,true,true,true
921,1996-10-08,1996-10-13,5,true,true,true
2034,1996-08-21,1996-10-20,60,false,true,true
2113,1996-08-28,1996-10-27,60,false,true,true
2065,1996-08-28,1996-10-27,60,false,true,true
3864,1996-07-01,1996-10-29,120,false,false,false
1502,1996-10-02,1996-11-01,30,true,true,true
536,1996-10-13,1996-11-06,24,true,true,true
2084,1996-09-08,1996-11-07,60,false,true,true
4375,1996-10-28,1996-11-13,16,true,true,true
1855,1996-10-27,1996-11-14,18,true,true,true
1063,1996-09-19,1996-11-18,60,false,true,true
1819,1996-10-21,1996-11-20,30,true,true,true
2759,1996-10-23,1996-11-22,30,true,true,true
3249,1996-10-11,1996-12-10,60,false,true,true
2115,1996-12-05,1996-12-11,6,true,true,true
508,1996-11-19,1996-12-13,24,true,true,true
805,1996-12-02,1996-12-14,12,true,true,true
466,1996-02-18,1996-12-14,300,false,false,false
3690,1996-10-18,1996-12-17,60,false,true,true
4969,1996-08-19,1996-12-17,120,false,false,false
1226,1996-10-23,1996-12-22,60,false,true,true
431,1996-11-05,1997-01-04,60,false,true,true
11328,1996-11-05,1997-01-04,60,false,true,true
3137,1996-12-15,1997-01-05,21,true,true,true
2531,1996-12-21,1997-01-08,18,true,true,true
880,1996-12-08,1997-01-08,31,false,true,true
1745,1996-10-19,1997-01-17,90,false,false,true
1362,1996-12-19,1997-01-18,30,true,true,true
3708,1996-11-24,1997-01-19,56,false,true,true
399,1996-08-27,1997-01-24,150,false,false,false
549,1996-11-27,1997-01-26,60,false,true,true
24,1996-12-05,1997-02-03,60,false,true,true
52,1997-01-29,1997-02-06,8,true,true,true
1616,1997-02-07,1997-02-09,2,true,true,true
2575,1997-04-13,1997-05-10,27,true,true,true
3070,1997-08-21,1997-10-20,60,false,true,true
3214,1997-05-10,1997-05-10,0,true,true,true
3857,1997-10-22,1997-11-09,18,true,true,true
867,1997-11-09,1997-12-09,30,true,true,true
291,1997-06-08,1997-07-08,30,true,true,true
3059,1997-02-15,1997-04-16,60,false,true,true
1854,1997-02-02,1997-04-03,60,false,true,true
1064,1997-09-29,1997-10-11,12,true,true,true
912,1997-04-27,1997-05-13,16,true,true,true
1693,1997-04-29,1997-06-28,60,false,true,true
2386,1996-12-17,1997-02-15,60,false,true,true
2081,1997-07-02,1997-07-11,9,true,true,true
3897,1997-04-16,1997-06-15,60,false,true,true
4858,1997-06-21,1997-07-11,20,true,true,true
284,1997-07-18,1997-08-14,27,true,true,true
293,1997-05-04,1997-07-03,60,false,true,true
3140,1997-05-13,1997-07-12,60,false,true,true
121,1997-10-11,1997-10-12,1,true,true,true
2194,1997-02-25,1997-04-26,60,false,true,true
589,1997-04-26,1997-06-25,60,false,true,true
3395,1997-11-05,1997-12-05,30,true,true,true
1723,1997-11-04,1997-12-04,30,true,true,true
2197,1997-07-26,1997-09-24,60,false,true,true
3337,1997-02-22,1997-03-24,30,true,true,true
1928,1997-03-02,1997-03-13,11,true,true,true
3381,1997-08-02,1997-10-01,60,false,true,true
2782,1997-02-27,1997-03-13,14,true,true,true
1650,1997-12-06,1997-12-08,2,true,true,true
5,1997-05-30,1997-06-13,14,true,true,true
2135,1997-06-17,1997-08-16,60,false,true,true
1845,1997-08-20,1997-09-19,30,true,true,true
1214,1997-01-19,1997-03-20,60,false,true,true
1209,1997-10-23,1997-11-08,16,true,true,true
2340,1997-06-22,1997-08-21,60,false,true,true
3360,1997-11-10,1998-01-09,60,false,true,true
3671,1997-09-17,1997-10-05,18,true,true,true
3719,1997-06-19,1997-08-18,60,false,true,true
2646,1997-07-24,1997-09-22,60,false,true,true
1178,1997-05-04,1997-07-03,60,false,true,true
2351,1997-09-08,1997-11-07,60,false,true,true
2200,1997-06-26,1997-08-25,60,false,true,true
2174,1997-10-24,1998-01-22,90,false,false,true
3524,1997-06-28,1997-07-06,8,true,true,true
1853,1997-01-29,1997-04-16,77,false,false,true
755,1997-09-27,1997-11-26,60,false,true,true
3963,1997-10-27,1997-12-26,60,false,true,true
3951,1997-06-02,1997-08-01,60,false,true,true
3901,1997-08-30,1997-10-29,60,false,true,true
41,1997-08-02,1997-10-01,60,false,true,true
2136,1997-10-02,1997-12-01,60,false,true,true
4150,1997-07-05,1997-09-03,60,false,true,true
383,1997-05-15,1997-06-08,24,true,true,true
7559,1997-05-24,1997-07-23,60,false,true,true
1506,1997-10-13,1997-12-12,60,false,true,true
952,1997-11-09,1998-01-08,60,false,true,true
316,1997-05-08,1997-07-31,84,false,false,true
2300,1997-01-13,1997-08-11,210,false,false,false
2449,1997-08-05,1997-12-03,120,false,false,false
5891,1993-01-25,1993-02-12,18,true,true,true
443,1993-01-28,1993-02-14,17,true,true,true
2670,1993-01-27,1993-02-26,30,true,true,true
3008,1993-02-27,1993-03-06,7,true,true,true
1601,1993-02-09,1993-03-07,26,true,true,true
1775,1993-02-27,1993-03-07,8,true,true,true
2763,1993-02-11,1993-03-13,30,true,true,true
3693,1993-01-29,1993-03-30,60,false,true,true
2488,1993-04-06,1993-04-08,2,true,true,true
3675,1993-03-20,1993-04-09,20,true,true,true
892,1993-03-20,1993-04-09,20,true,true,true
2585,1993-02-10,1993-04-11,60,false,true,true
1801,1993-02-13,1993-04-13,59,false,true,true
322,1993-02-20,1993-04-21,60,false,true,true
925,1993-02-23,1993-04-24,60,false,true,true
1780,1993-04-02,1993-05-02,30,true,true,true
2694,1993-03-08,1993-05-07,60,false,true,true
1822,1993-05-05,1993-05-10,5,true,true,true
7445,1993-03-18,1993-05-17,60,false,true,true
6897,1993-04-23,1993-05-23,30,true,true,true
1402,1993-03-26,1993-05-25,60,false,true,true
5313,1993-04-29,1993-05-29,30,true,true,true
362,1993-04-04,1993-06-03,60,false,true,true
3670,1993-06-04,1993-06-07,3,true,true,true
1584,1993-05-27,1993-06-07,11,true,true,true
1071,1993-05-10,1993-06-09,30,true,true,true
1039,1993-05-10,1993-06-09,30,true,true,true
1782,1993-05-12,1993-06-10,29,true,true,true
555,1993-05-15,1993-06-14,30,true,true,true
863,1993-05-16,1993-06-15,30,true,true,true
3999,1993-05-06,1993-07-05,60,false,true,true
1978,1993-06-11,1993-07-09,28,true,true,true
35,1993-07-07,1993-08-05,29,true,true,true
1925,1993-08-03,1993-08-06,3,true,true,true
1416,1993-07-12,1993-08-11,30,true,true,true
4478,1993-07-23,1993-08-22,30,true,true,true
5215,1993-07-01,1993-08-30,60,false,true,true
3868,1993-08-21,1993-09-05,15,true,true,true
721,1993-08-29,1993-09-14,16,true,true,true
3699,1993-08-05,1993-10-04,60,false,true,true
3310,1993-09-15,1993-10-06,21,true,true,true
1816,1993-10-08,1993-10-12,4,true,true,true
3053,1993-08-23,1993-10-22,60,false,true,true
10451,1993-08-29,1993-10-28,60,false,true,true
1106,1993-08-29,1993-10-28,60,false,true,true
2951,1993-09-06,1993-11-05,60,false,true,true
397,1993-10-26,1993-11-14,19,true,true,true
965,1993-08-25,1993-11-23,90,false,false,true
3361,1993-08-26,1993-11-24,90,false,false,true
6051,1993-08-28,1993-11-26,90,false,false,true
2132,1993-10-08,1993-12-07,60,false,true,true
2063,1993-12-04,1993-12-09,5,true,true,true
3218,1993-11-14,1993-12-14,30,true,true,true
3617,1993-11-15,1993-12-15,30,true,true,true
8212,1993-08-21,1993-12-19,120,false,false,false
498,1993-11-21,1993-12-21,30,true,true,true
10131,1993-11-27,1993-12-27,30,true,true,true
4237,1993-11-29,1993-12-29,30,true,true,true
1940,1993-12-22,1994-01-05,14,true,true,true
1792,1993-12-16,1994-01-12,27,true,true,true
4287,1993-10-17,1994-01-15,90,false,false,true
2972,1993-11-23,1994-01-22,60,false,true,true
10904,1993-11-26,1994-01-25,60,false,true,true
243,1993-11-06,1994-02-04,90,false,false,true
3094,1993-12-20,1994-02-18,60,false,true,true
3594,1993-12-30,1994-02-28,60,false,true,true
3355,1994-02-26,1994-03-09,11,true,true,true
2315,1994-02-13,1994-03-10,25,true,true,true
8558,1994-02-27,1994-04-28,60,false,true,true
4329,1994-02-17,1994-04-30,72,false,false,true
844,1994-04-28,1994-05-06,8,true,true,true
2009,1994-04-14,1994-05-14,30,true,true,true
838,1993-10-23,1994-05-21,210,false,false,false
572,1994-03-27,1994-05-26,60,false,true,true
2155,1994-06-08,1994-06-11,3,true,true,true
8377,1993-11-20,1994-06-18,210,false,false,false
4195,1994-05-21,1994-06-20,30,true,true,true
1256,1994-04-21,1994-06-20,60,false,true,true
1826,1994-05-22,1994-06-21,30,true,true,true
575,1994-04-26,1994-06-25,60,false,true,true
11333,1994-05-26,1994-06-25,30,true,true,true
2638,1994-06-02,1994-07-02,30,true,true,true
50,1994-05-06,1994-07-05,60,false,true,true
3030,1994-06-22,1994-07-05,13,true,true,true
2471,1994-07-03,1994-07-06,3,true,true,true
2260,1994-06-07,1994-08-06,60,false,true,true
2654,1994-07-21,1994-08-14,24,true,true,true
9006,1994-09-02,1994-09-11,9,true,true,true
427,1994-07-24,1994-09-22,60,false,true,true
1714,1994-09-08,1994-10-06,28,true,true,true
3926,1994-09-11,1994-10-10,29,true,true,true
3712,1994-09-13,1994-10-10,27,true,true,true
2365,1994-11-04,1994-11-05,1,true,true,true
1360,1994-08-14,1994-11-12,90,false,false,true
973,1994-11-05,1994-11-14,9,true,true,true
577,1994-09-20,1994-11-19,60,false,true,true
1333,1994-09-29,1994-11-28,60,false,true,true
3478,1994-09-04,1994-12-03,90,false,false,true
2059,1994-10-08,1994-12-07,60,false,true,true
8127,1994-10-13,1995-01-11,90,false,false,true
3244,1995-01-14,1995-01-14,0,true,true,true
3364,1994-12-08,1995-02-06,60,false,true,true
2343,1994-12-09,1995-02-07,60,false,true,true
8856,1994-12-18,1995-02-16,60,false,true,true
1835,1994-12-24,1995-02-22,60,false,true,true
9897,1995-03-04,1995-03-06,2,true,true,true
3839,1995-02-21,1995-03-10,17,true,true,true
2203,1995-04-04,1995-04-07,3,true,true,true
608,1995-03-27,1995-04-09,13,true,true,true
19,1995-04-07,1995-04-10,3,true,true,true
231,1995-04-03,1995-04-11,8,true,true,true
7859,1995-03-14,1995-04-13,30,true,true,true
2367,1995-03-04,1995-05-03,60,false,true,true
30,1995-03-04,1995-05-03,60,false,true,true
1038,1995-04-20,1995-05-10,20,true,true,true
2364,1995-05-03,1995-05-13,10,true,true,true
5724,1995-04-19,1995-05-14,25,true,true,true
767,1995-03-26,1995-05-25,60,false,true,true
2547,1995-04-28,1995-05-28,30,true,true,true
3845,1995-05-14,1995-06-13,30,true,true,true
733,1995-05-17,1995-06-16,30,true,true,true
3186,1995-05-28,1995-06-27,30,true,true,true
5126,1995-04-03,1995-07-02,90,false,false,true
4001,1995-02-04,1995-07-04,150,false,false,false
2323,1995-05-08,1995-07-07,60,false,true,true
3392,1995-06-08,1995-08-07,60,false,true,true
5794,1995-07-14,1995-08-13,30,true,true,true
638,1995-06-28,1995-08-27,60,false,true,true
454,1995-05-07,1995-09-04,120,false,false,false
3896,1995-08-17,1995-09-10,24,true,true,true
2148,1995-09-22,1995-10-11,19,true,true,true
11,1995-10-10,1995-10-12,2,true,true,true
429,1995-09-03,1995-11-02,60,false,true,true
521,1995-10-08,1995-11-07,30,true,true,true
3572,1995-11-12,1995-11-14,2,true,true,true
3770,1995-09-20,1995-11-19,60,false,true,true
4473,1995-10-09,1995-12-08,60,false,true,true
2358,1995-09-13,1995-12-12,90,false,false,true
138,1995-09-19,1995-12-18,90,false,false,true
3758,1995-09-19,1995-12-18,90,false,false,true
2487,1995-10-22,1995-12-21,60,false,true,true
2674,1995-10-10,1996-01-08,90,false,false,true
2580,1995-11-09,1996-01-08,60,false,true,true
917,1995-10-13,1996-01-11,90,false,false,true
1825,1995-12-05,1996-02-03,60,false,true,true
355,1996-02-01,1996-02-06,5,true,true,true
3661,1996-01-11,1996-02-07,27,true,true,true
2225,1996-01-24,1996-02-08,15,true,true,true
6686,1996-02-10,1996-03-08,27,true,true,true
2473,1996-02-16,1996-03-09,22,true,true,true
1962,1996-02-24,1996-03-13,18,true,true,true
2863,1996-01-21,1996-03-21,60,false,true,true
3784,1996-01-22,1996-03-22,60,false,true,true
3286,1996-02-26,1996-03-27,30,true,true,true
1455,1996-01-03,1996-04-02,90,false,false,true
5591,1996-03-16,1996-04-08,23,true,true,true
1461,1996-04-07,1996-04-14,7,true,true,true
3979,1996-02-14,1996-04-14,60,false,true,true
1384,1996-03-28,1996-04-14,17,true,true,true
2304,1996-02-19,1996-04-19,60,false,true,true
7894,1996-04-09,1996-04-27,18,true,true,true
2109,1996-02-02,1996-05-02,90,false,false,true
1763,1996-03-06,1996-05-05,60,false,true,true
846,1996-03-09,1996-05-08,60,false,true,true
2205,1996-04-13,1996-05-12,29,true,true,true
1641,1996-04-22,1996-05-22,30,true,true,true
1369,1996-03-23,1996-05-22,60,false,true,true
286,1996-03-27,1996-05-26,60,false,true,true
132,1996-05-11,1996-06-10,30,true,true,true
3019,1996-04-21,1996-06-20,60,false,true,true
1709,1996-04-23,1996-06-22,60,false,true,true
3596,1996-04-23,1996-06-22,60,false,true,true
1715,1996-05-26,1996-06-25,30,true,true,true
3448,1996-06-06,1996-07-06,30,true,true,true
3015,1996-06-15,1996-07-07,22,true,true,true
1904,1996-05-18,1996-07-17,60,false,true,true
3494,1996-07-22,1996-08-05,14,true,true,true
9548,1996-06-07,1996-08-06,60,false,true,true
1591,1996-01-10,1996-08-07,210,false,false,false
3543,1996-07-21,1996-08-07,17,true,true,true
3880,1996-07-28,1996-08-13,16,true,true,true
11027,1996-07-26,1996-08-14,19,true,true,true
2602,1996-06-17,1996-08-16,60,false,true,true
406,1996-09-03,1996-09-05,2,true,true,true
2149,1996-08-11,1996-09-10,30,true,true,true
1935,1996-08-15,1996-09-06,22,true,true,true
1219,1996-06-08,1996-09-06,90,false,false,true
3004,1996-08-22,1996-09-11,20,true,true,true
3353,1996-08-27,1996-09-26,30,true,true,true
325,1996-10-06,1996-10-08,2,true,true,true
3749,1996-08-10,1996-10-09,60,false,true,true
5305,1996-09-16,1996-10-10,24,true,true,true
2339,1996-09-22,1996-10-11,19,true,true,true
2156,1996-09-11,1996-10-11,30,true,true,true
987,1996-08-27,1996-10-26,60,false,true,true
2083,1996-09-28,1996-10-28,30,true,true,true
806,1996-10-29,1996-11-05,7,true,true,true
9201,1996-10-28,1996-11-07,10,true,true,true
1577,1996-10-16,1996-11-08,23,true,true,true
2629,1996-09-10,1996-11-09,60,false,true,true
3224,1996-11-10,1996-11-10,0,true,true,true
2709,1996-10-18,1996-11-11,24,true,true,true
6592,1996-10-20,1996-11-19,30,true,true,true
1500,1996-10-01,1996-11-30,60,false,true,true
3126,1996-09-03,1996-12-02,90,false,false,true
1586,1996-10-03,1996-12-02,60,false,true,true
2914,1996-09-08,1996-12-07,90,false,false,true
2636,1996-11-26,1996-12-11,15,true,true,true
209,1996-11-24,1996-12-12,18,true,true,true
1218,1996-12-12,1996-12-14,2,true,true,true
1296,1996-12-02,1996-12-14,12,true,true,true
2286,1996-12-06,1996-12-14,8,true,true,true
3191,1996-09-17,1996-12-16,90,false,false,true
48,1996-11-17,1996-12-17,30,true,true,true
3956,1996-10-28,1996-12-27,60,false,true,true
3799,1996-11-29,1996-12-29,30,true,true,true
6440,1996-11-01,1996-12-31,60,false,true,true
2981,1997-01-11,1997-01-12,1,true,true,true
3884,1996-11-14,1997-01-13,60,false,true,true
1751,1996-10-04,1997-01-15,103,false,false,false
1549,1996-11-21,1997-01-20,60,false,true,true
7745,1996-11-29,1997-01-28,60,false,true,true
2637,1997-01-01,1997-01-31,30,true,true,true
11096,1996-12-10,1997-02-08,60,false,true,true
872,1997-01-18,1997-05-18,120,false,false,false
3172,1997-05-27,1997-06-10,14,true,true,true
4091,1997-08-04,1997-10-03,60,false,true,true
600,1997-03-13,1997-05-12,60,false,true,true
614,1997-06-07,1997-06-11,4,true,true,true
7966,1996-12-27,1997-02-25,60,false,true,true
8639,1997-08-22,1997-09-07,16,true,true,true
1795,1997-08-21,1997-10-20,60,false,true,true
5283,1997-09-18,1997-10-14,26,true,true,true
7156,1997-09-11,1997-09-13,2,true,true,true
5572,1997-08-11,1997-09-10,30,true,true,true
3875,1997-10-18,1997-11-08,21,true,true,true
566,1997-11-13,1997-12-10,27,true,true,true
3906,1997-07-08,1997-07-14,6,true,true,true
5758,1997-07-28,1997-08-08,11,true,true,true
2874,1997-04-02,1997-04-12,10,true,true,true
157,1997-03-28,1997-04-06,9,true,true,true
1717,1997-12-02,1997-12-13,11,true,true,true
2042,1997-02-12,1997-03-06,22,true,true,true
2166,1997-04-12,1997-06-11,60,false,true,true
4534,1997-01-18,1997-04-18,90,false,false,true
3104,1997-04-29,1997-05-13,14,true,true,true
2103,1997-02-01,1997-04-02,60,false,true,true
5698,1997-09-04,1997-10-04,30,true,true,true
845,1997-12-27,1998-01-26,30,true,true,true
2607,1997-08-19,1997-10-18,60,false,true,true
4332,1997-12-23,1998-01-22,30,true,true,true
3190,1996-12-30,1997-02-28,60,false,true,true
2381,1997-02-13,1997-04-14,60,false,true,true
2556,1997-10-19,1997-11-08,20,true,true,true
1839,1997-06-22,1997-08-21,60,false,true,true
1101,1997-09-22,1997-11-21,60,false,true,true
3379,1997-01-24,1997-03-25,60,false,true,true
3872,1997-05-21,1997-06-07,17,true,true,true
636,1997-04-24,1997-05-07,13,true,true,true
1318,1997-12-22,1998-03-22,90,false,false,true
442,1997-03-30,1997-08-27,150,false,false,false
3383,1997-09-28,1997-12-19,82,false,false,true
159,1997-02-11,1997-03-13,30,true,true,true
3990,1997-02-04,1997-02-15,11,true,true,true
1026,1997-09-03,1997-11-02,60,false,true,true
1156,1997-12-09,1998-01-08,30,true,true,true
1182,1997-02-11,1997-03-05,22,true,true,true
1085,1997-09-11,1997-10-11,30,true,true,true
529,1997-08-18,1997-10-17,60,false,true,true
1522,1997-08-02,1997-12-26,146,false,false,false
2956,1997-06-10,1997-09-08,90,false,false,true
488,1996-06-20,1997-07-15,390,false,false,false
182,1996-08-24,1997-06-20,300,false,false,false
2357,1993-01-04,1993-01-12,8,true,true,true
943,1993-02-03,1993-02-06,3,true,true,true
1730,1993-01-09,1993-02-06,28,true,true,true
1536,1993-01-22,1993-02-12,21,true,true,true
3818,1993-01-01,1993-03-02,60,false,true,true
2433,1993-02-19,1993-03-05,14,true,true,true
142,1993-02-15,1993-03-07,20,true,true,true
2,1993-02-26,1993-03-12,14,true,true,true
744,1993-03-06,1993-03-13,7,true,true,true
3007,1993-02-02,1993-04-03,60,false,true,true
2011,1993-03-25,1993-04-05,11,true,true,true
222,1993-03-15,1993-04-10,26,true,true,true
385,1993-04-07,1993-04-11,4,true,true,true
7231,1993-03-14,1993-04-13,30,true,true,true
2985,1993-04-06,1993-04-14,8,true,true,true
3026,1993-02-18,1993-04-19,60,false,true,true
9203,1993-02-27,1993-04-28,60,false,true,true
4355,1993-02-21,1993-04-30,68,false,false,true
882,1993-03-06,1993-05-05,60,false,true,true
3788,1993-04-10,1993-05-10,30,true,true,true
1773,1993-04-19,1993-05-14,25,true,true,true
4321,1993-04-18,1993-05-18,30,true,true,true
4093,1993-03-25,1993-05-24,60,false,true,true
3781,1993-03-26,1993-05-25,60,false,true,true
1077,1993-03-03,1993-06-01,90,false,false,true
10079,1993-05-06,1993-06-05,30,true,true,true
9828,1993-05-20,1993-06-05,16,true,true,true
3063,1993-05-26,1993-06-06,11,true,true,true
1147,1993-04-10,1993-06-09,60,false,true,true
494,1993-03-11,1993-06-09,90,false,false,true
2410,1993-05-11,1993-06-11,31,false,true,true
3558,1993-05-23,1993-06-12,20,true,true,true
3542,1993-06-11,1993-06-13,2,true,true,true
1990,1993-06-09,1993-06-14,5,true,true,true
2711,1993-05-19,1993-06-18,30,true,true,true
2222,1993-05-01,1993-06-30,60,false,true,true
2176,1993-06-06,1993-07-06,30,true,true,true
1299,1993-06-21,1993-07-08,17,true,true,true
2186,1993-07-07,1993-07-11,4,true,true,true
2758,1993-05-19,1993-07-18,60,false,true,true
2940,1993-06-24,1993-07-24,30,true,true,true
5423,1993-05-02,1993-07-31,90,false,false,true
3771,1993-06-11,1993-08-10,60,false,true,true
1382,1993-08-03,1993-08-13,10,true,true,true
3720,1993-07-30,1993-08-14,15,true,true,true
947,1993-05-17,1993-08-15,90,false,false,true
3258,1993-06-05,1993-09-03,90,false,false,true
5952,1993-09-07,1993-09-10,3,true,true,true
1875,1993-08-21,1993-09-10,20,true,true,true
432,1993-06-16,1993-09-14,90,false,false,true
5767,1993-06-16,1993-09-14,90,false,false,true
2841,1993-07-27,1993-09-25,60,false,true,true
563,1993-07-27,1993-09-25,60,false,true,true
1834,1993-08-03,1993-10-02,60,false,true,true
930,1993-08-03,1993-10-02,60,false,true,true
3261,1993-07-07,1993-10-05,90,false,false,true
3220,1993-08-14,1993-10-13,60,false,true,true
699,1993-09-17,1993-10-17,30,true,true,true
517,1993-09-22,1993-10-22,30,true,true,true
3306,1993-08-24,1993-10-23,60,false,true,true
2592,1993-09-01,1993-10-31,60,false,true,true
7607,1993-09-05,1993-11-04,60,false,true,true
2542,1993-08-07,1993-11-05,90,false,false,true
520,1993-11-04,1993-11-11,7,true,true,true
3042,1993-09-16,1993-11-15,60,false,true,true
2859,1993-10-23,1993-11-18,26,true,true,true
228,1993-09-28,1993-11-27,60,false,true,true
4463,1993-09-03,1993-12-02,90,false,false,true
1809,1993-11-12,1993-12-06,24,true,true,true
3107,1993-11-20,1993-12-11,21,true,true,true
8759,1993-09-18,1993-12-17,90,false,false,true
1527,1993-11-17,1993-12-17,30,true,true,true
1052,1993-09-27,1993-12-26,90,false,false,true
354,1993-10-28,1993-12-27,60,false,true,true
107,1993-11-05,1994-01-04,60,false,true,true
4659,1993-10-08,1994-01-06,90,false,false,true
2318,1993-11-08,1994-01-07,60,false,true,true
5984,1993-11-11,1994-01-10,60,false,true,true
3918,1993-12-09,1994-02-07,60,false,true,true
626,1993-11-11,1994-02-09,90,false,false,true
4774,1994-01-14,1994-02-13,30,true,true,true
1768,1993-12-20,1994-02-18,60,false,true,true
7449,1993-11-24,1994-02-22,90,false,false,true
3570,1993-11-29,1994-02-27,90,false,false,true
4173,1993-11-08,1994-03-08,120,false,false,false
4009,1994-02-20,1994-03-22,30,true,true,true
1159,1994-02-09,1994-04-10,60,false,true,true
1158,1994-04-03,1994-04-11,8,true,true,true
2482,1994-02-23,1994-04-24,60,false,true,true
4416,1994-02-12,1994-04-30,77,false,false,true
3405,1994-03-07,1994-05-06,60,false,true,true
3036,1994-04-10,1994-05-10,30,true,true,true
543,1994-05-03,1994-05-12,9,true,true,true
3824,1994-03-20,1994-05-19,60,false,true,true
2001,1994-05-19,1994-06-06,18,true,true,true
3595,1994-05-01,1994-06-30,60,false,true,true
1291,1994-07-04,1994-07-07,3,true,true,true
1938,1994-06-25,1994-07-25,30,true,true,true
2606,1994-07-27,1994-08-05,9,true,true,true
3539,1994-06-08,1994-08-26,79,false,false,true
377,1994-08-19,1994-09-18,30,true,true,true
3275,1994-06-29,1994-09-27,90,false,false,true
3827,1994-10-04,1994-12-03,60,false,true,true
4283,1994-10-16,1994-12-15,60,false,true,true
2322,1995-01-02,1995-02-01,30,true,true,true
2923,1995-01-10,1995-02-05,26,true,true,true
2185,1995-01-18,1995-02-14,27,true,true,true
3279,1994-12-17,1995-02-15,60,false,true,true
7795,1995-01-05,1995-02-28,54,false,true,true
2680,1995-03-03,1995-03-05,2,true,true,true
1772,1995-02-20,1995-03-08,16,true,true,true
1633,1995-02-22,1995-03-14,20,true,true,true
1446,1995-01-18,1995-03-19,60,false,true,true
227,1995-03-28,1995-04-12,15,true,true,true
158,1995-03-15,1995-04-14,30,true,true,true
1778,1995-02-25,1995-04-26,60,false,true,true
1692,1995-03-29,1995-04-28,30,true,true,true
2978,1995-01-06,1995-05-06,120,false,false,false
3729,1995-04-14,1995-05-07,23,true,true,true
2810,1995-03-16,1995-05-15,60,false,true,true
893,1995-04-12,1995-06-11,60,false,true,true
1315,1995-04-17,1995-06-16,60,false,true,true
754,1995-06-08,1995-07-05,27,true,true,true
3474,1995-07-12,1995-07-12,0,true,true,true
731,1995-07-11,1995-07-13,2,true,true,true
922,1995-04-27,1995-07-26,90,false,false,true
1092,1995-06-06,1995-08-05,60,false,true,true
533,1995-05-07,1995-08-05,90,false,false,true
353,1995-08-30,1995-09-06,7,true,true,true
2855,1995-08-21,1995-09-11,21,true,true,true
1472,1995-07-20,1995-09-18,60,false,true,true
3449,1995-04-27,1995-09-24,150,false,false,false
11271,1995-09-20,1995-10-05,15,true,true,true
301,1995-09-10,1995-10-07,27,true,true,true
1075,1995-07-13,1995-10-11,90,false,false,true
418,1995-08-27,1995-10-26,60,false,true,true
3254,1995-08-27,1995-10-26,60,false,true,true
3628,1995-09-12,1995-11-11,60,false,true,true
5066,1995-08-27,1995-11-25,90,false,false,true
1030,1995-11-12,1995-12-10,28,true,true,true
3320,1995-12-01,1995-12-14,13,true,true,true
2119,1995-09-21,1995-12-20,90,false,false,true
2235,1995-10-22,1995-12-21,60,false,true,true
3139,1995-08-30,1995-12-28,120,false,false,false
2567,1996-01-07,1996-01-11,4,true,true,true
3767,1995-11-15,1996-01-14,60,false,true,true
728,1995-11-28,1996-01-27,60,false,true,true
8931,1996-01-01,1996-01-31,30,true,true,true
2783,1995-11-23,1996-01-31,69,false,false,true
335,1996-01-20,1996-02-07,18,true,true,true
4650,1995-10-15,1996-02-12,120,false,false,false
1311,1996-01-03,1996-03-03,60,false,true,true
2893,1996-02-08,1996-03-05,26,true,true,true
949,1996-02-13,1996-03-05,21,true,true,true
2230,1996-02-11,1996-03-10,28,true,true,true
10233,1996-02-21,1996-03-11,19,true,true,true
2993,1996-02-13,1996-03-14,30,true,true,true
2074,1996-02-18,1996-03-19,30,true,true,true
1606,1996-03-07,1996-04-06,30,true,true,true
1170,1996-03-26,1996-04-06,11,true,true,true
821,1996-03-16,1996-04-10,25,true,true,true
3949,1996-01-11,1996-04-10,90,false,false,true
1847,1996-04-04,1996-04-10,6,true,true,true
3578,1996-02-17,1996-04-17,60,false,true,true
4214,1996-03-21,1996-04-20,30,true,true,true
3285,1996-05-12,1996-05-14,2,true,true,true
1102,1996-02-19,1996-05-19,90,false,false,true
2650,1996-03-26,1996-05-25,60,false,true,true
10065,1996-03-30,1996-05-29,60,false,true,true
3881,1996-03-04,1996-06-02,90,false,false,true
1243,1996-01-07,1996-06-05,150,false,false,false
10445,1996-05-29,1996-06-28,30,true,true,true
3041,1996-04-04,1996-07-03,90,false,false,true
3263,1996-03-07,1996-07-05,120,false,false,false
1078,1996-07-12,1996-07-12,0,true,true,true
2400,1996-06-15,1996-07-12,27,true,true,true
2977,1996-06-20,1996-07-13,23,true,true,true
10694,1996-05-15,1996-07-14,60,false,true,true
788,1996-06-25,1996-07-14,19,true,true,true
1029,1996-06-25,1996-07-25,30,true,true,true
708,1996-03-30,1996-07-28,120,false,false,false
7101,1996-07-06,1996-08-05,30,true,true,true
2961,1996-07-12,1996-08-09,28,true,true,true
9491,1996-08-08,1996-08-13,5,true,true,true
2870,1996-06-18,1996-08-17,60,false,true,true
1900,1996-07-27,1996-08-26,30,true,true,true
3149,1996-06-27,1996-08-26,60,false,true,true
877,1996-05-29,1996-08-27,90,false,false,true
1004,1996-07-02,1996-08-31,60,false,true,true
3694,1996-07-06,1996-09-04,60,false,true,true
2593,1996-07-06,1996-09-04,60,false,true,true
1117,1996-08-29,1996-09-09,11,true,true,true
920,1996-09-05,1996-09-10,5,true,true,true
1274,1996-08-19,1996-09-18,30,true,true,true
1471,1996-07-21,1996-09-19,60,false,true,true
2407,1996-07-21,1996-09-19,60,false,true,true
2652,1996-07-22,1996-09-20,60,false,true,true
303,1996-07-25,1996-09-23,60,false,true,true
1679,1996-09-05,1996-10-05,30,true,true,true
1100,1996-09-23,1996-10-07,14,true,true,true
2373,1996-09-29,1996-10-08,9,true,true,true
963,1996-08-09,1996-10-08,60,false,true,true
2657,1996-10-07,1996-10-10,3,true,true,true
4349,1996-09-16,1996-10-10,24,true,true,true
9241,1996-09-25,1996-10-11,16,true,true,true
261,1996-10-07,1996-10-12,5,true,true,true
10220,1996-08-26,1996-10-25,60,false,true,true
2360,1996-08-27,1996-10-26,60,false,true,true
1894,1996-08-29,1996-10-28,60,false,true,true
3155,1996-08-29,1996-10-28,60,false,true,true
1293,1996-09-03,1996-11-02,60,false,true,true
2314,1996-09-07,1996-11-06,60,false,true,true
1190,1996-09-09,1996-11-08,60,false,true,true
4949,1996-10-14,1996-11-08,25,true,true,true
2046,1996-10-17,1996-11-13,27,true,true,true
2026,1996-09-14,1996-11-13,60,false,true,true
3454,1996-10-17,1996-11-13,27,true,true,true
8268,1996-09-19,1996-11-18,60,false,true,true
122,1996-10-30,1996-11-29,30,true,true,true
1712,1996-11-25,1996-12-05,10,true,true,true
1021,1996-11-17,1996-12-06,19,true,true,true
1555,1996-11-10,1996-12-07,27,true,true,true
4286,1996-11-11,1996-12-11,30,true,true,true
79,1996-11-29,1996-12-12,13,true,true,true
9677,1996-10-13,1996-12-12,60,false,true,true
3143,1996-10-18,1996-12-17,60,false,true,true
1113,1996-09-23,1996-12-22,90,false,false,true
3569,1996-09-18,1996-12-31,104,false,false,false
1055,1996-12-12,1997-01-06,25,true,true,true
3018,1996-12-03,1997-02-01,60,false,true,true
4090,1996-10-11,1997-02-08,120,false,false,false
2024,1997-03-02,1997-05-01,60,false,true,true
2796,1997-12-08,1997-12-10,2,true,true,true
1319,1997-08-08,1997-11-06,90,false,false,true
2016,1997-02-23,1997-03-08,13,true,true,true
3031,1997-03-10,1997-03-10,0,true,true,true
1432,1997-07-19,1997-08-10,22,true,true,true
3176,1997-03-26,1997-04-07,12,true,true,true
10915,1997-02-15,1997-03-12,25,true,true,true
3304,1997-01-16,1997-03-17,60,false,true,true
2678,1997-07-15,1997-08-07,23,true,true,true
2806,1997-06-26,1997-09-24,90,false,false,true
3411,1996-12-17,1997-02-15,60,false,true,true
7274,1997-09-28,1997-10-28,30,true,true,true
3077,1997-04-16,1997-06-15,60,false,true,true
1636,1997-04-08,1997-06-07,60,false,true,true
3703,1997-06-18,1997-07-06,18,true,true,true
2444,1997-09-07,1997-09-08,1,true,true,true
6505,1997-09-13,1997-10-13,30,true,true,true
292,1997-02-26,1997-03-11,13,true,true,true
1677,1997-01-08,1997-03-09,60,false,true,true
9031,1997-01-15,1997-04-11,86,false,false,true
7180,1997-06-12,1997-07-09,27,true,true,true
1140,1997-11-07,1998-02-05,90,false,false,true
10652,1997-03-18,1997-04-10,23,true,true,true
2165,1997-04-08,1997-04-13,5,true,true,true
550,1997-10-17,1997-11-08,22,true,true,true
859,1997-08-26,1997-10-25,60,false,true,true
782,1997-10-30,1997-12-29,60,false,true,true
2447,1997-07-14,1997-09-12,60,false,true,true
2272,1997-10-08,1998-01-06,90,false,false,true
1946,1997-09-16,1997-11-15,60,false,true,true
2816,1997-05-04,1997-07-03,60,false,true,true
1389,1997-08-05,1997-09-04,30,true,true,true
639,1997-11-03,1997-11-09,6,true,true,true
1681,1997-07-11,1997-09-09,60,false,true,true
843,1997-04-09,1997-04-14,5,true,true,true
6706,1996-12-28,1997-02-26,60,false,true,true
1560,1997-04-14,1997-07-13,90,false,false,true
3992,1997-12-16,1998-02-14,60,false,true,true
3156,1997-11-16,1998-01-15,60,false,true,true
2438,1997-11-16,1998-01-15,60,false,true,true
2055,1997-04-17,1997-06-16,60,false,true,true
2644,1997-08-08,1997-08-10,2,true,true,true
2845,1997-08-21,1997-10-20,60,false,true,true
2756,1997-10-21,1997-12-20,60,false,true,true
3103,1997-09-21,1998-02-18,150,false,false,false
2910,1997-10-21,1997-11-09,19,true,true,true
2612,1997-04-29,1997-05-05,6,true,true,true
3885,1997-04-01,1997-06-30,90,false,false,true
1221,1997-01-02,1997-05-02,120,false,false,false
918,1996-08-23,1997-04-20,240,false,false,false
4266,1997-02-05,1997-03-07,30,true,true,true
1056,1996-12-28,1997-02-26,60,false,true,true
215,1997-11-25,1997-12-08,13,true,true,true
3686,1997-08-03,1997-08-06,3,true,true,true
673,1997-12-08,1998-02-06,60,false,true,true
1764,1997-09-04,1997-11-03,60,false,true,true
3724,1997-08-06,1997-12-04,120,false,false,false
796,1997-02-13,1997-10-11,240,false,false,false
