account_id,owner_client_id,owner_gender,owner_birth_date,owner_age_at_dataset_end,opened_date,statement_frequency,district_name,region_name,first_transaction_date,last_transaction_date,lifetime_transaction_count,lifetime_credit_value_czk,lifetime_debit_value_czk,active_months,latest_balance_czk,card_count,latest_card_type,loan_count,total_loan_amount_czk,latest_loan_status
34,42,M,1935-08-17,63,1993-09-17,weekly,Frydek - Mistek,north Moravia,1993-09-17,1998-12-31,409,2196372.5,2146258.0,64,50114.2,1,classic,0,0.0,
181,221,F,1977-02-25,21,1996-06-11,monthly,Tabor,south Bohemia,1996-06-11,1998-12-31,169,371136.7,338645.0,31,32491.8,1,junior,0,0.0,
361,439,F,1968-09-12,30,1993-02-27,monthly,Trutnov,east Bohemia,1993-02-27,1998-12-31,468,1812934.7,1777963.0,71,34971.3,1,classic,0,0.0,
405,490,M,1950-10-23,48,1997-03-13,monthly,Brno - venkov,south Moravia,1997-03-13,1998-12-31,154,796750.5,782922.1,22,13828.2,1,classic,0,0.0,
2472,2984,F,1963-05-24,35,1994-02-08,monthly,Prostejov,south Moravia,1994-02-08,1998-12-31,344,1056900.4,972123.4,59,84776.1,1,classic,0,0.0,
2555,3085,F,1946-06-29,52,1993-03-10,monthly,Uherske Hradiste,south Moravia,1993-03-10,1998-12-31,472,1482698.0,1398814.0,70,83883.9,1,classic,0,0.0,
2635,3181,M,1943-02-15,55,1996-02-04,monthly,Plzen - jih,west Bohemia,1996-02-04,1998-12-31,183,1152440.4,1102715.0,35,49725.2,1,classic,0,0.0,
5708,6906,M,1949-09-25,49,1997-10-12,weekly,Zlin,south Moravia,1997-10-12,1998-12-31,70,480296.1,405003.4,15,75292.6,1,classic,0,0.0,
6910,8342,M,1979-07-30,19,1995-04-04,monthly,Sumperk,north Moravia,1995-04-04,1998-12-31,234,1536360.4,1467334.2,45,69026.0,1,junior,0,0.0,
3300,3992,F,1948-11-10,50,1997-09-19,monthly,Novy Jicin,north Moravia,1997-09-19,1998-12-31,87,775054.2,691528.0,16,83526.2,1,classic,0,0.0,
3325,4019,M,1945-09-16,53,1997-11-03,monthly,Praha - zapad,central Bohemia,1997-11-03,1998-12-31,66,571419.8,481379.4,14,90040.3,1,classic,0,0.0,
3422,4137,M,1949-08-30,49,1996-03-28,monthly,Tabor,south Bohemia,1996-03-28,1998-12-31,177,859060.5,823044.8,34,36015.8,1,classic,0,0.0,
3485,4212,M,1945-05-27,53,1996-06-19,monthly,Blansko,south Moravia,1996-06-19,1998-12-31,186,471502.0,427467.0,31,44034.7,1,classic,0,0.0,
3534,4265,M,1978-01-19,20,1996-04-08,monthly,Kromeriz,south Moravia,1996-04-08,1998-12-31,211,485557.6,444046.2,33,41511.2,1,junior,0,0.0,
3586,4328,F,1976-06-13,22,1993-03-27,monthly,Kromeriz,south Moravia,1993-03-27,1998-12-08,335,990247.5,903534.4,70,86712.9,1,junior,0,0.0,
530,638,F,1961-02-03,37,1996-11-19,monthly,Brno - mesto,south Moravia,1996-11-19,1998-12-31,127,688709.7,655724.0,26,32985.6,1,classic,0,0.0,
539,649,F,1978-05-02,20,1993-02-16,after_transaction,Rakovnik,central Bohemia,1993-02-16,1998-12-31,353,2053694.5,2045795.8,71,7898.0,1,junior,0,0.0,
660,791,F,1950-09-29,48,1996-01-20,monthly,Frydek - Mistek,north Moravia,1996-01-20,1998-12-31,233,651382.6,572052.0,36,79330.4,1,classic,0,0.0,
673,808,M,1963-11-28,35,1997-12-08,monthly,Tachov,west Bohemia,1997-12-08,1998-12-31,60,225871.4,185824.8,13,40046.5,1,classic,0,0.0,
717,859,F,1968-07-29,30,1993-04-24,monthly,Hl.m. Praha,Prague,1993-04-24,1998-12-31,391,1522637.6,1498262.8,69,24374.9,1,classic,0,0.0,
796,954,F,1942-10-20,56,1997-02-13,monthly,Hl.m. Praha,Prague,1997-02-13,1998-12-31,57,198585.8,175512.4,22,23073.1,1,classic,0,0.0,
853,1027,F,1940-11-04,58,1996-03-20,monthly,Hl.m. Praha,Prague,1996-03-20,1998-12-31,215,604119.9,577567.8,34,26551.7,1,classic,0,0.0,
4527,5461,F,1968-09-20,30,1997-06-01,monthly,Nymburk,central Bohemia,1997-06-01,1998-12-31,85,462592.7,438942.0,19,23650.5,1,classic,0,0.0,
978,1179,F,1930-10-05,68,1993-08-18,monthly,Hl.m. Praha,Prague,1993-08-18,1998-12-31,321,432279.7,350039.4,65,82240.2,1,gold,0,0.0,
1092,1310,F,1977-09-24,21,1995-06-06,monthly,Usti nad Labem,north Bohemia,1995-06-06,1998-12-31,235,558136.4,538072.2,43,20064.2,1,junior,0,0.0,
1178,1418,F,1974-06-16,24,1997-05-04,monthly,Usti nad Labem,north Bohemia,1997-05-04,1998-12-31,109,458853.9,406104.0,20,52749.9,1,classic,0,0.0,
1197,1445,M,1941-07-24,57,1993-09-07,monthly,Frydek - Mistek,north Moravia,1993-09-07,1998-12-31,380,317669.7,271259.4,64,46409.8,1,classic,0,0.0,
1203,1452,F,1940-05-28,58,1995-08-09,monthly,Olomouc,north Moravia,1995-08-09,1998-12-31,348,929603.5,838786.6,41,90816.7,1,gold,0,0.0,
1328,1607,F,1941-05-26,57,1996-05-04,monthly,Mlada Boleslav,central Bohemia,1996-05-04,1998-12-31,168,1153994.3,1091664.2,32,62329.9,1,classic,0,0.0,
3696,4457,M,1943-01-17,55,1996-06-22,monthly,Hl.m. Praha,Prague,1996-06-22,1998-12-31,176,733876.1,681471.0,31,52404.9,1,classic,0,0.0,
3724,4492,F,1965-09-08,33,1997-08-06,monthly,Jindrichuv Hradec,south Bohemia,1997-08-06,1998-12-31,53,172880.1,140258.6,17,32621.5,1,classic,0,0.0,
3727,4495,M,1979-04-11,19,1996-01-19,monthly,Zdar nad Sazavou,south Moravia,1996-01-19,1998-12-31,241,520129.5,441458.0,36,78671.5,1,junior,0,0.0,
3839,4627,M,1942-03-24,56,1995-02-21,monthly,Hl.m. Praha,Prague,1995-02-21,1998-12-31,234,1546467.1,1469373.6,47,77093.3,1,classic,0,0.0,
1273,1536,F,1967-10-13,31,1994-03-25,monthly,Litomerice,north Bohemia,1994-03-25,1998-12-31,327,1283895.9,1204398.2,58,79497.7,1,gold,0,0.0,
1314,1589,F,1951-11-27,47,1993-12-03,monthly,Rychnov nad Kneznou,east Bohemia,1993-12-03,1998-12-31,324,1120195.8,1069850.6,61,50344.8,1,classic,0,0.0,
1388,1680,F,1975-03-28,23,1994-05-02,monthly,Rokycany,west Bohemia,1994-05-02,1998-12-31,243,1305244.8,1241844.6,56,63399.6,1,classic,0,0.0,
1431,1736,F,1979-04-17,19,1996-06-11,monthly,Usti nad Labem,north Bohemia,1996-06-11,1998-12-31,181,225968.6,205708.8,31,20259.6,1,junior,0,0.0,
1526,1850,F,1942-07-05,56,1995-01-22,monthly,Usti nad Orlici,east Bohemia,1995-01-22,1998-12-31,248,412370.0,331639.2,48,80730.5,1,classic,0,0.0,
1535,1861,M,1957-07-15,41,1993-03-20,monthly,Rokycany,west Bohemia,1993-03-20,1998-12-31,403,497929.2,439902.4,70,58026.5,1,classic,0,0.0,
1554,1885,F,1970-01-07,28,1994-11-15,monthly,Pardubice,east Bohemia,1994-11-15,1998-12-31,286,962364.4,905646.4,50,56717.9,1,classic,0,0.0,
1559,1890,F,1955-08-14,43,1994-10-08,monthly,Ceske Budejovice,south Bohemia,1994-10-08,1998-12-31,293,1287152.5,1232859.6,51,54292.6,1,classic,0,0.0,
1605,1946,M,1935-07-19,63,1993-12-16,monthly,Olomouc,north Moravia,1993-12-16,1998-12-31,441,3038756.6,2989046.2,61,49710.0,1,classic,0,0.0,
1678,2038,F,1980-03-29,18,1993-02-22,monthly,Hl.m. Praha,Prague,1993-02-22,1998-12-31,479,1770958.5,1704499.0,71,66459.5,1,junior,0,0.0,
2097,2540,M,1981-06-26,17,1997-10-11,monthly,Nachod,east Bohemia,1997-10-11,1998-12-31,80,100520.9,59425.2,15,41095.7,1,junior,0,0.0,
2118,2562,M,1952-11-01,46,1997-05-11,monthly,Havlickuv Brod,east Bohemia,1997-05-11,1998-12-31,108,484845.4,434895.0,20,49950.4,1,classic,0,0.0,
2164,2619,F,1969-07-09,29,1996-09-12,monthly,Vyskov,south Moravia,1996-09-12,1998-12-31,145,644516.1,566357.2,28,78158.7,1,classic,0,0.0,
2184,2644,F,1964-03-23,34,1997-05-07,monthly,Kutna Hora,central Bohemia,1997-05-07,1998-12-31,107,542775.2,496054.0,20,46721.1,1,classic,0,0.0,
2321,2808,F,1974-03-31,24,1993-05-13,monthly,Mlada Boleslav,central Bohemia,1993-05-13,1998-12-31,424,2987945.2,2923114.6,68,64830.5,1,classic,0,0.0,
2409,2910,M,1936-09-28,62,1996-02-13,monthly,Sumperk,north Moravia,1996-02-13,1998-12-31,192,409008.3,338603.4,35,70404.8,1,classic,0,0.0,
2592,3128,F,1944-02-09,54,1993-09-01,monthly,Jesenik,north Moravia,1993-09-01,1998-12-31,374,892642.0,803501.4,64,89140.3,1,gold,0,0.0,
2611,3151,F,1951-07-27,47,1996-03-06,monthly,Hl.m. Praha,Prague,1996-03-06,1998-12-31,145,588589.9,520823.4,34,67766.3,1,classic,0,0.0,
3770,4546,F,1951-04-20,47,1995-09-20,monthly,Cheb,west Bohemia,1995-09-20,1998-12-31,220,820516.6,744976.4,40,75539.9,1,classic,0,0.0,
3917,4723,F,1941-02-06,57,1996-03-30,monthly,Hl.m. Praha,Prague,1996-03-30,1998-12-31,268,764176.4,699683.8,34,64492.3,1,classic,0,0.0,
3948,4763,F,1944-02-23,54,1993-11-09,monthly,Vsetin,north Moravia,1993-11-09,1998-12-31,523,1019721.2,944314.6,62,75406.1,1,classic,0,0.0,
4035,4863,F,1974-03-02,24,1993-07-25,monthly,Hl.m. Praha,Prague,1993-07-25,1998-12-31,365,2206467.2,2128313.7,66,78153.2,1,classic,0,0.0,
4092,4929,M,1943-07-30,55,1996-03-13,monthly,Ostrava - mesto,north Moravia,1996-03-13,1998-12-31,145,439013.5,356188.8,34,82824.3,1,classic,0,0.0,
1058,1271,M,1935-11-29,63,1996-06-11,monthly,Pardubice,east Bohemia,1996-06-11,1998-12-31,198,797814.4,715550.0,31,82264.1,1,classic,0,0.0,
1108,1329,M,1918-02-16,80,1995-03-09,monthly,Plzen - mesto,west Bohemia,1995-03-09,1998-12-31,241,220543.7,164115.0,46,56428.5,1,classic,0,0.0,
1417,1718,M,1938-07-27,60,1994-12-20,monthly,Prerov,north Moravia,1994-12-20,1998-12-31,279,1281916.4,1179563.8,49,102352.6,1,gold,0,0.0,
1449,1758,M,1947-11-13,51,1993-08-26,monthly,Jablonec n. Nisou,north Bohemia,1993-08-26,1998-12-31,441,495627.7,436741.4,65,58886.1,1,classic,0,0.0,
2998,3620,M,1937-09-14,61,1997-11-09,monthly,Tabor,south Bohemia,1997-11-09,1998-12-31,83,349749.2,302393.4,14,47355.6,1,classic,0,0.0,
3401,4112,M,1974-11-28,24,1997-10-04,weekly,Louny,north Bohemia,1997-10-04,1998-12-31,70,348601.4,324831.0,15,23770.2,1,classic,0,0.0,
7487,9276,M,1946-11-06,52,1995-10-01,monthly,Kladno,central Bohemia,1995-10-01,1998-12-31,230,1245801.3,1211020.1,39,34780.8,1,classic,0,0.0,
3167,3830,F,1968-02-24,30,1994-08-08,monthly,Pisek,south Bohemia,1994-08-08,1998-12-31,254,1215699.7,1115586.2,53,100113.2,1,classic,0,0.0,
3259,3943,M,1945-12-04,53,1994-04-11,monthly,Hl.m. Praha,Prague,1994-04-11,1998-12-31,378,262553.1,210848.6,57,51704.1,1,classic,0,0.0,
3372,4078,M,1951-06-04,47,1994-05-26,monthly,Cheb,west Bohemia,1994-05-26,1998-12-31,301,1452459.1,1364568.0,56,87890.7,1,classic,0,0.0,
880,1059,M,1960-06-03,38,1996-12-08,monthly,Plzen - mesto,west Bohemia,1996-12-08,1998-12-31,129,471871.5,436661.4,25,35209.7,1,classic,0,0.0,
970,1169,F,1941-01-24,57,1997-07-20,monthly,Pisek,south Bohemia,1997-07-20,1998-12-31,93,332154.3,256195.2,18,75959.0,1,classic,0,0.0,
1044,1253,F,1967-08-28,31,1995-11-09,monthly,Ceske Budejovice,south Bohemia,1995-11-09,1998-12-31,242,626341.5,592111.2,38,34230.3,1,classic,0,0.0,
1132,1359,F,1951-09-04,47,1993-02-03,weekly,Hl.m. Praha,Prague,1993-02-03,1998-12-31,414,3728414.3,3658026.0,71,70388.6,1,classic,0,0.0,
10,13,F,1974-05-29,24,1996-08-28,monthly,Brno - mesto,south Moravia,1996-08-28,1998-12-31,156,549950.3,490654.8,29,59295.2,0,,0,0.0,
18,24,F,1939-07-29,59,1993-05-26,weekly,Hradec Kralove,east Bohemia,1993-05-26,1998-12-31,328,1905128.3,1823570.0,67,81557.7,0,,0,0.0,
29,36,F,1978-07-17,20,1994-11-24,monthly,Melnik,central Bohemia,1994-11-24,1998-12-31,367,961743.3,924191.4,50,37551.4,0,,0,0.0,
47,55,F,1948-09-18,50,1993-08-08,monthly,Jicin,east Bohemia,1993-08-08,1998-12-31,565,2506324.4,2427569.0,65,78755.0,0,,0,0.0,
49,58,F,1927-04-29,71,1997-04-06,monthly,Hl.m. Praha,Prague,1997-04-06,1998-12-31,93,99236.2,83925.6,21,15310.5,0,,0,0.0,
93,110,F,1967-04-13,31,1996-06-12,monthly,Benesov,central Bohemia,1996-06-12,1998-12-14,143,261388.5,227379.6,31,34008.9,0,,0,0.0,
131,157,F,1943-07-09,55,1995-06-13,monthly,Usti nad Orlici,east Bohemia,1995-06-13,1998-12-31,212,496062.2,459706.8,43,36355.1,0,,0,0.0,
137,164,F,1962-04-04,36,1996-07-19,monthly,Karvina,north Moravia,1996-07-19,1998-12-31,181,736250.3,686681.4,30,49568.9,0,,0,0.0,
156,188,M,1960-09-02,38,1997-10-22,monthly,Zlin,south Moravia,1997-10-22,1998-12-31,49,50366.6,34051.4,15,16314.9,0,,0,0.0,
158,190,F,1947-10-31,51,1995-03-15,monthly,Litomerice,north Bohemia,1995-03-15,1998-12-31,260,1211329.8,1194064.0,46,17265.4,0,,0,0.0,
208,251,F,1976-03-03,22,1996-03-27,monthly,Brno - mesto,south Moravia,1996-03-27,1998-12-31,274,551438.1,531697.8,34,19740.1,0,,0,0.0,
230,276,M,1957-06-11,41,1996-02-26,monthly,Hl.m. Praha,Prague,1996-02-26,1998-12-31,251,655356.5,643543.4,35,11813.2,0,,0,0.0,
242,293,M,1943-09-27,55,1996-08-29,monthly,Jesenik,north Moravia,1996-08-29,1998-12-31,178,717800.3,664689.8,29,53110.5,0,,0,0.0,
285,345,M,1953-12-07,45,1995-05-08,monthly,Pelhrimov,south Bohemia,1995-05-08,1998-12-31,203,963318.2,862169.4,44,101148.6,0,,0,0.0,
321,391,F,1933-05-22,65,1993-11-11,monthly,Pardubice,east Bohemia,1993-11-11,1998-12-31,310,321989.5,304023.6,62,17965.6,0,,0,0.0,
324,396,M,1920-05-02,78,1996-08-23,monthly,Hl.m. Praha,Prague,1996-08-23,1998-12-31,154,150641.8,112531.8,29,38109.8,0,,0,0.0,
354,432,F,1952-03-26,46,1993-10-28,monthly,Kromeriz,south Moravia,1993-10-28,1998-12-31,364,810803.4,728150.2,63,82652.9,0,,0,0.0,
396,478,M,1978-06-21,20,1993-03-08,monthly,Tabor,south Bohemia,1993-03-08,1998-12-31,596,1761080.7,1707024.4,70,54056.3,0,,0,0.0,
2285,2765,F,1981-04-20,17,1996-11-21,monthly,Liberec,north Bohemia,1996-11-21,1998-12-31,130,213987.9,163792.0,26,50195.9,0,,0,0.0,
2303,2787,F,1976-10-14,22,1996-11-24,monthly,Usti nad Labem,north Bohemia,1996-11-24,1998-12-31,134,548576.0,510704.0,26,37872.0,0,,0,0.0,
2314,2800,M,1949-08-26,49,1996-09-07,monthly,Benesov,central Bohemia,1996-09-07,1998-12-31,125,382953.5,336221.2,28,46732.0,0,,0,0.0,
2338,2826,M,1935-01-28,63,1997-08-08,monthly,Kromeriz,south Moravia,1997-08-08,1998-12-31,80,625711.3,571167.8,17,54543.1,0,,0,0.0,
2342,2830,M,1974-11-14,24,1993-02-11,monthly,Trutnov,east Bohemia,1993-02-11,1998-12-31,343,233659.5,205043.0,71,28616.1,0,,0,0.0,
2357,2849,M,1928-04-02,70,1993-01-04,monthly,Prachatice,south Bohemia,1993-01-04,1998-12-31,357,471137.8,432841.2,72,38296.6,0,,0,0.0,
2363,2856,M,1923-11-11,75,1994-10-07,monthly,Pardubice,east Bohemia,1994-10-07,1998-12-31,307,355298.5,326105.6,51,29192.8,0,,0,0.0,
2364,2857,M,1927-02-03,71,1995-05-03,monthly,Decin,north Bohemia,1995-05-03,1998-12-31,235,264558.4,243456.4,44,21101.7,0,,0,0.0,
2366,2859,F,1928-09-24,70,1997-05-20,monthly,Frydek - Mistek,north Moravia,1997-05-20,1998-12-31,99,101140.0,87261.4,20,13878.4,0,,0,0.0,
2380,2875,M,1936-08-17,62,1997-02-27,monthly,Nachod,east Bohemia,1997-02-27,1998-12-31,116,201180.9,166256.2,23,34924.4,0,,0,0.0,
2470,2981,F,1949-02-05,49,1994-07-23,monthly,Jindrichuv Hradec,south Bohemia,1994-07-23,1998-12-31,400,1092722.1,1048260.8,54,44461.2,0,,0,0.0,
2487,3002,F,1955-05-13,43,1995-10-22,monthly,Havlickuv Brod,east Bohemia,1995-10-22,1998-12-31,311,257774.5,217921.8,39,39852.3,0,,0,0.0,
2546,3074,M,1958-11-07,40,1994-12-08,monthly,Hl.m. Praha,Prague,1994-12-08,1998-12-31,334,916228.8,904105.6,49,12122.7,0,,0,0.0,
2579,3112,M,1939-09-12,59,1997-10-18,monthly,Karlovy Vary,west Bohemia,1997-10-18,1998-12-31,70,85774.1,67271.4,15,18502.7,0,,0,0.0,
2584,3119,F,1936-01-26,62,1993-07-08,monthly,Svitavy,east Bohemia,1993-07-08,1998-12-31,394,281164.0,254966.6,66,26197.0,0,,0,0.0,
2601,3137,M,1947-02-26,51,1996-11-24,monthly,Karvina,north Moravia,1996-11-24,1998-11-14,24,40000.0,19900.0,24,20100.0,0,,0,0.0,
2606,3144,M,1919-08-04,79,1994-07-27,monthly,Hl.m. Praha,Prague,1994-07-27,1998-12-31,298,244048.2,213376.8,54,30671.2,0,,0,0.0,
2628,3172,M,1951-12-23,47,1994-02-06,after_transaction,Zlin,south Moravia,1994-02-06,1998-12-31,364,2374112.0,2365458.6,59,8653.2,0,,0,0.0,
5878,7112,M,1961-06-24,37,1996-11-19,monthly,Sumperk,north Moravia,1996-11-19,1998-12-31,115,323642.2,241872.4,26,81769.6,0,,0,0.0,
6281,7586,F,1973-01-28,25,1993-06-08,monthly,Breclav,south Moravia,1993-06-08,1998-12-31,363,928242.2,929995.5,67,-1753.5,0,,0,0.0,
6463,7800,F,1957-08-30,41,1995-09-11,monthly,Jindrichuv Hradec,south Bohemia,1995-09-11,1998-12-31,233,1410633.2,1295012.5,40,115620.3,0,,0,0.0,
6602,7970,M,1967-11-20,31,1997-08-04,monthly,Ostrava - mesto,north Moravia,1997-08-04,1998-12-31,99,307700.5,272315.3,17,35385.2,0,,0,0.0,
7828,9680,M,1977-08-21,21,1996-01-05,monthly,Liberec,north Bohemia,1996-01-05,1998-12-31,236,379747.0,326118.0,36,53421.2,0,,0,0.0,
3245,3925,F,1936-08-14,62,1997-06-26,monthly,Jicin,east Bohemia,1997-06-26,1998-12-31,83,123116.4,103523.8,19,19592.5,0,,0,0.0,
3264,3950,M,1924-03-21,74,1993-10-23,monthly,Louny,north Bohemia,1993-10-23,1998-12-31,327,321663.4,293830.2,63,27832.8,0,,0,0.0,
3266,3953,F,1925-06-09,73,1997-03-29,monthly,Ceske Budejovice,south Bohemia,1997-03-29,1998-12-31,107,97630.0,62015.6,22,35614.2,0,,0,0.0,
3291,3982,F,1919-01-15,79,1996-11-16,monthly,Jicin,east Bohemia,1996-11-16,1998-12-31,115,136706.7,120012.0,26,16694.4,0,,0,0.0,
3316,4009,M,1966-06-29,32,1993-05-06,monthly,Kladno,central Bohemia,1993-05-06,1998-12-31,389,1161194.1,1122219.8,68,38973.6,0,,0,0.0,
3331,4027,F,1965-06-28,33,1997-02-20,monthly,Jindrichuv Hradec,south Bohemia,1997-02-20,1998-12-31,132,338391.5,321700.2,23,16691.2,0,,0,0.0,
3344,4043,F,1953-05-09,45,1997-05-15,monthly,Karvina,north Moravia,1997-05-15,1998-12-31,139,936969.0,850657.2,20,86311.8,0,,0,0.0,
3364,4067,F,1959-07-08,39,1994-12-08,weekly,Tabor,south Bohemia,1994-12-08,1998-12-31,366,2100990.9,2012062.0,49,88928.9,0,,0,0.0,
3367,4071,F,1942-12-15,56,1993-04-01,monthly,Jicin,east Bohemia,1993-04-01,1998-12-31,441,1751806.4,1686950.4,69,64855.6,0,,0,0.0,
3369,4075,F,1944-09-18,54,1994-12-01,monthly,Mlada Boleslav,central Bohemia,1994-12-01,1998-12-31,309,325389.6,271394.4,49,53995.0,0,,0,0.0,
3370,4076,M,1969-11-17,29,1993-11-15,monthly,Semily,east Bohemia,1993-11-15,1998-12-31,316,1636073.7,1614757.6,62,21315.6,0,,0,0.0,
3397,4107,M,1954-09-09,44,1996-08-04,monthly,Semily,east Bohemia,1996-08-04,1998-12-31,164,634298.8,600090.4,29,34208.5,0,,0,0.0,
3435,4155,M,1923-05-13,75,1993-07-01,monthly,Hl.m. Praha,Prague,1993-07-01,1998-12-31,316,311766.9,283870.6,66,27896.3,0,,0,0.0,
3439,4160,F,1969-06-27,29,1996-02-16,monthly,Jindrichuv Hradec,south Bohemia,1996-02-16,1998-12-31,181,667416.5,596512.4,35,70903.8,0,,0,0.0,
3451,4173,F,1978-06-04,20,1996-04-27,monthly,Usti nad Orlici,east Bohemia,1996-04-27,1998-12-31,161,661472.6,621730.2,33,39742.5,0,,0,0.0,
3458,4180,M,1932-06-17,66,1995-07-07,monthly,Vyskov,south Moravia,1995-07-07,1998-12-31,238,183316.7,158254.2,42,25062.3,0,,0,0.0,
3478,4205,M,1935-02-05,63,1994-09-04,monthly,Sokolov,west Bohemia,1994-09-04,1998-12-31,298,486121.6,447308.2,52,38813.1,0,,0,0.0,
3517,4247,F,1975-01-16,23,1996-11-22,monthly,Plzen - mesto,west Bohemia,1996-11-22,1998-12-31,115,345256.7,306812.0,26,38444.5,0,,0,0.0,
3526,4257,F,1968-06-29,30,1996-07-22,monthly,Hl.m. Praha,Prague,1996-07-22,1998-12-31,223,1802767.4,1708543.0,30,94224.1,0,,0,0.0,
3544,4278,M,1949-11-18,49,1997-04-07,monthly,Decin,north Bohemia,1997-04-07,1998-12-31,95,397910.0,371095.0,21,26815.1,0,,0,0.0,
3554,4289,M,1981-11-23,17,1993-02-16,monthly,Zdar nad Sazavou,south Moravia,1993-02-16,1998-12-31,425,510687.0,479392.8,71,31293.9,0,,0,0.0,
3574,4312,F,1979-10-20,19,1997-03-08,monthly,Olomouc,north Moravia,1997-03-08,1998-12-31,105,96159.3,81291.6,22,14867.4,0,,0,0.0,
568,682,M,1979-10-21,19,1995-03-28,monthly,Pisek,south Bohemia,1995-03-28,1998-12-31,214,614289.7,548884.0,46,65405.4,0,,0,0.0,
580,698,M,1954-02-27,44,1996-05-20,monthly,Prerov,north Moravia,1996-05-20,1998-12-31,185,304910.3,275046.6,32,29863.3,0,,0,0.0,
584,702,F,1968-11-07,30,1996-07-14,monthly,Tachov,west Bohemia,1996-07-14,1998-12-31,138,115738.7,100670.4,30,15068.3,0,,0,0.0,
592,710,M,1925-11-28,73,1996-12-27,monthly,Cheb,west Bohemia,1996-12-27,1998-12-31,132,139999.7,120649.4,25,19350.3,0,,0,0.0,
630,757,F,1970-12-20,28,1993-06-29,monthly,Novy Jicin,north Moravia,1993-06-29,1998-12-31,349,272662.0,240211.6,67,32450.3,0,,0,0.0,
631,758,F,1961-07-26,37,1996-03-25,monthly,Frydek - Mistek,north Moravia,1996-03-25,1998-12-31,185,172695.4,130330.8,34,42364.6,0,,0,0.0,
653,783,F,1971-03-25,27,1997-08-19,monthly,Plzen - jih,west Bohemia,1997-08-19,1998-12-31,75,270980.6,240367.6,17,30612.8,0,,0,0.0,
690,827,F,1965-09-04,33,1996-07-11,monthly,Praha - vychod,central Bohemia,1996-07-11,1998-12-31,150,605245.9,560190.4,30,45055.2,0,,0,0.0,
725,870,M,1957-05-06,41,1996-07-08,monthly,Karvina,north Moravia,1996-07-08,1998-12-31,169,155282.3,119087.0,30,36195.3,0,,0,0.0,
734,881,F,1975-02-22,23,1996-04-08,monthly,Kolin,central Bohemia,1996-04-08,1998-12-31,156,114955.3,97412.8,33,17542.1,0,,0,0.0,
752,902,M,1950-08-15,48,1997-01-10,monthly,Cheb,west Bohemia,1997-01-10,1998-12-31,122,296475.2,271755.8,24,24719.1,0,,0,0.0,
762,912,M,1920-10-29,78,1995-10-18,monthly,Sumperk,north Moravia,1995-10-18,1998-12-31,183,230866.2,216566.8,39,14299.4,0,,0,0.0,
770,921,F,1954-02-13,44,1996-09-24,monthly,Melnik,central Bohemia,1996-09-24,1998-12-31,121,292895.0,245921.2,28,46973.6,0,,0,0.0,
775,927,M,1974-10-26,24,1994-12-18,monthly,Hl.m. Praha,Prague,1994-12-18,1998-12-31,320,1068561.2,983435.8,49,85125.2,0,,0,0.0,
848,1022,M,1940-07-23,58,1996-06-16,monthly,Tachov,west Bohemia,1996-06-16,1998-12-31,212,331295.1,276225.0,31,55070.0,0,,0,0.0,
850,1024,M,1956-03-29,42,1997-03-07,monthly,Klatovy,west Bohemia,1997-03-07,1998-12-31,115,695837.6,647055.2,22,48782.1,0,,0,0.0,
883,1064,F,1951-02-03,47,1993-12-17,monthly,Hl.m. Praha,Prague,1993-12-17,1998-12-31,436,1087443.0,1056208.0,61,31234.4,0,,0,0.0,
941,1135,M,1952-07-21,46,1994-06-08,monthly,Mlada Boleslav,central Bohemia,1994-06-08,1998-12-31,278,381454.1,355880.0,55,25573.8,0,,0,0.0,
959,1156,F,1933-11-11,65,1996-02-23,monthly,Hl.m. Praha,Prague,1996-02-23,1998-12-31,180,163209.5,139064.4,35,24144.7,0,,0,0.0,
980,1181,M,1939-11-12,59,1996-12-11,monthly,Hl.m. Praha,Prague,1996-12-11,1998-12-31,147,316386.0,259076.4,25,57309.4,0,,0,0.0,
984,1186,F,1947-08-05,51,1996-07-10,monthly,Benesov,central Bohemia,1996-07-10,1998-12-31,163,376433.8,349940.0,30,26493.5,0,,0,0.0,
988,1192,F,1925-01-01,73,1994-10-22,monthly,Praha - vychod,central Bohemia,1994-10-22,1998-12-31,263,348591.2,315397.0,51,33193.8,0,,0,0.0,
1008,1212,F,1927-09-19,71,1996-10-05,monthly,Rakovnik,central Bohemia,1996-10-05,1998-12-31,131,162593.5,143184.2,27,19409.1,0,,0,0.0,
4346,5236,M,1978-06-03,20,1996-03-15,monthly,Klatovy,west Bohemia,1996-03-15,1998-12-31,255,1596606.1,1527097.0,34,69508.8,0,,0,0.0,
4418,5325,F,1970-09-18,28,1994-02-09,monthly,Zdar nad Sazavou,south Moravia,1994-02-09,1998-12-31,463,871524.3,842407.8,59,29116.4,0,,0,0.0,
4475,5397,F,1969-07-30,29,1997-04-16,monthly,Olomouc,north Moravia,1997-04-16,1998-12-31,88,379131.4,347049.0,21,32082.3,0,,0,0.0,
4488,5413,M,1946-04-10,52,1996-04-24,monthly,Decin,north Bohemia,1996-04-24,1998-12-31,156,325888.6,289194.2,33,36694.4,0,,0,0.0,
5387,6501,M,1970-11-04,28,1993-10-05,monthly,Hl.m. Praha,Prague,1993-10-05,1998-12-31,353,713876.9,705782.9,63,8093.7,0,,0,0.0,
5546,6698,F,1952-07-13,46,1993-05-28,monthly,Hradec Kralove,east Bohemia,1993-05-28,1998-12-31,369,1892427.7,1831284.4,68,61142.9,0,,0,0.0,
5984,7234,M,1965-08-04,33,1993-11-11,monthly,Plzen - sever,west Bohemia,1993-11-11,1998-12-31,304,1073667.6,1062542.9,62,11124.3,0,,0,0.0,
6321,7632,M,1948-01-11,50,1994-09-10,monthly,Hl.m. Praha,Prague,1994-09-10,1998-12-08,264,1439809.0,1420540.3,52,19268.6,0,,0,0.0,
7618,9433,F,1945-03-22,53,1995-06-13,weekly,Olomouc,north Moravia,1995-06-13,1998-12-31,274,1116454.2,1103110.1,43,13294.5,0,,0,0.0,
955,1151,M,1973-03-06,25,1996-07-08,monthly,Kromeriz,south Moravia,1996-07-08,1998-12-31,160,465289.4,410014.4,30,55274.8,0,,0,0.0,
957,1153,F,1980-11-15,18,1995-12-22,monthly,Karvina,north Moravia,1995-12-22,1998-12-31,204,157212.2,144174.6,37,13037.5,0,,0,0.0,
991,1195,F,1939-01-22,59,1993-05-18,monthly,Most,north Bohemia,1993-05-18,1998-12-31,390,1566392.0,1511729.2,68,54662.6,0,,0,0.0,
1005,1209,F,1957-04-09,41,1993-02-23,weekly,Liberec,north Bohemia,1993-02-23,1998-12-31,420,2723135.5,2616013.0,71,107122.4,0,,0,0.0,
1030,1237,M,1923-11-07,75,1995-11-12,monthly,Hodonin,south Moravia,1995-11-12,1998-12-31,221,240885.9,193699.2,38,47186.2,0,,0,0.0,
1082,1299,F,1920-10-16,78,1996-06-08,monthly,Benesov,central Bohemia,1996-06-08,1998-12-31,133,157848.2,140579.0,31,17268.9,0,,0,0.0,
1107,1328,F,1937-06-05,61,1993-09-08,monthly,Havlickuv Brod,east Bohemia,1993-09-08,1998-12-31,354,416805.4,383311.4,64,33493.4,0,,0,0.0,
1115,1337,F,1979-03-29,19,1993-03-27,monthly,Breclav,south Moravia,1993-03-27,1998-12-31,337,242549.1,218746.4,70,23802.3,0,,0,0.0,
1140,1371,F,1948-10-22,50,1997-11-07,monthly,Semily,east Bohemia,1997-11-07,1998-12-31,63,93200.6,50721.4,14,42478.9,0,,0,0.0,
1150,1383,M,1982-10-05,16,1997-10-08,monthly,Rokycany,west Bohemia,1997-10-08,1998-12-31,62,85739.1,38646.0,15,47092.9,0,,0,0.0,
1186,1430,F,1982-05-29,16,1997-12-17,monthly,Zlin,south Moravia,1997-12-17,1998-12-31,70,119658.5,84496.0,13,35162.3,0,,0,0.0,
1200,1449,M,1949-06-29,49,1993-05-07,monthly,Usti nad Labem,north Bohemia,1993-05-07,1998-12-31,520,1743682.7,1686112.8,68,57569.6,0,,0,0.0,
1206,1456,M,1928-04-24,70,1995-10-21,monthly,Karvina,north Moravia,1995-10-21,1998-12-31,172,208019.1,190867.8,39,17150.8,0,,0,0.0,
1216,1468,F,1940-04-16,58,1996-03-01,monthly,Vsetin,north Moravia,1996-03-01,1998-12-31,174,154324.7,133213.4,34,21111.0,0,,0,0.0,
1258,1518,F,1960-07-28,38,1996-09-01,monthly,Beroun,central Bohemia,1996-09-01,1998-12-31,153,83592.9,65414.8,28,18178.2,0,,0,0.0,
1296,1567,M,1930-04-19,68,1996-12-02,monthly,Svitavy,east Bohemia,1996-12-02,1998-12-31,112,128180.7,93122.0,25,35058.5,0,,0,0.0,
1316,1591,F,1953-07-07,45,1996-12-13,monthly,Havlickuv Brod,east Bohemia,1996-12-13,1998-12-31,144,72956.3,54587.4,25,18368.8,0,,0,0.0,
1339,1621,F,1952-04-05,46,1997-07-06,monthly,Sumperk,north Moravia,1997-07-06,1998-12-31,64,404099.5,369953.2,18,34146.3,0,,0,0.0,
1347,1632,F,1943-02-20,55,1996-11-24,monthly,Mlada Boleslav,central Bohemia,1996-11-24,1998-12-31,105,79128.1,66068.0,26,13060.0,0,,0,0.0,
1355,1642,F,1959-10-10,39,1997-08-16,monthly,Hl.m. Praha,Prague,1997-08-16,1998-12-31,85,335809.0,277512.6,17,58296.1,0,,0,0.0,
1382,1673,M,1972-07-09,26,1993-08-03,monthly,Rychnov nad Kneznou,east Bohemia,1993-08-03,1998-12-31,324,206670.1,181686.0,65,24983.6,0,,0,0.0,
3615,4361,M,1955-05-04,43,1996-11-05,monthly,Nachod,east Bohemia,1996-11-05,1998-12-31,137,296358.0,265688.6,26,30669.3,0,,0,0.0,
3643,4393,F,1941-09-11,57,1994-12-22,monthly,Hl.m. Praha,Prague,1994-12-22,1998-12-01,47,59600.0,27800.0,47,31800.0,0,,0,0.0,
3661,4414,M,1933-06-19,65,1996-01-11,monthly,Svitavy,east Bohemia,1996-01-11,1998-12-31,152,177097.8,148418.0,36,28679.8,0,,0,0.0,
3667,4420,M,1957-05-06,41,1994-01-26,monthly,Brno - venkov,south Moravia,1994-01-26,1998-12-31,320,355637.8,339093.4,60,16543.8,0,,0,0.0,
3716,4481,M,1975-06-16,23,1997-04-14,monthly,Hl.m. Praha,Prague,1997-04-14,1998-12-05,20,38800.0,20400.0,20,18400.0,0,,0,0.0,
3737,4510,F,1938-12-28,60,1995-03-01,monthly,Chomutov,north Bohemia,1995-03-01,1998-12-31,273,321559.3,280876.6,46,40682.3,0,,0,0.0,
3773,4549,F,1920-10-30,78,1997-05-04,monthly,Praha - vychod,central Bohemia,1997-05-04,1998-12-31,91,118005.2,94685.0,20,23320.2,0,,0,0.0,
3775,4551,M,1924-04-29,74,1993-06-27,monthly,Prostejov,south Moravia,1993-06-27,1998-12-31,359,410510.9,390768.6,67,19742.0,0,,0,0.0,
3789,4569,F,1971-07-09,27,1996-08-18,monthly,Kutna Hora,central Bohemia,1996-08-18,1998-12-31,154,880143.1,833447.0,29,46695.8,0,,0,0.0,
3792,4572,F,1936-05-21,62,1993-08-11,monthly,Plzen - sever,west Bohemia,1993-08-11,1998-12-31,324,348151.4,331156.0,65,16995.5,0,,0,0.0,
3795,4575,F,1964-09-20,34,1996-03-18,monthly,Liberec,north Bohemia,1996-03-18,1998-12-31,206,698202.0,637171.8,34,61030.3,0,,0,0.0,
3796,4576,M,1958-06-27,40,1993-05-25,monthly,Blansko,south Moravia,1993-05-25,1998-12-31,398,1162156.4,1087668.2,68,74488.0,0,,0,0.0,
3803,4583,F,1941-08-24,57,1996-01-26,monthly,Trebic,south Moravia,1996-01-26,1998-12-31,181,323546.3,298978.0,36,24568.0,0,,0,0.0,
3816,4598,F,1941-04-12,57,1996-04-21,monthly,Klatovy,west Bohemia,1996-04-21,1998-12-07,33,70500.0,25900.0,33,44600.0,0,,0,0.0,
3818,4601,M,1935-04-02,63,1993-01-01,monthly,Hl.m. Praha,Prague,1993-01-01,1998-12-31,560,1407698.0,1345498.2,72,62199.8,0,,0,0.0,
3821,4605,F,1980-09-09,18,1996-04-18,monthly,Pisek,south Bohemia,1996-04-18,1998-12-31,177,317388.4,301338.0,33,16050.0,0,,0,0.0,
3888,4686,M,1944-07-02,54,1993-05-27,monthly,Most,north Bohemia,1993-05-27,1998-01-31,55,59801.3,50500.0,53,10501.3,0,,0,0.0,
3892,4692,F,1955-04-06,43,1993-10-25,monthly,Sumperk,north Moravia,1993-10-25,1998-12-31,300,211150.2,199766.2,63,11383.4,0,,0,0.0,
3913,4719,M,1937-02-18,61,1996-10-04,monthly,Cheb,west Bohemia,1996-10-04,1998-12-31,141,438340.1,385207.2,27,53132.5,0,,0,0.0,
3921,4729,M,1945-07-07,53,1994-07-17,monthly,Pisek,south Bohemia,1994-07-17,1998-12-31,277,1708400.6,1675983.4,54,32417.0,0,,0,0.0,
3930,4739,F,1960-03-08,38,1995-04-25,monthly,Litomerice,north Bohemia,1995-04-25,1998-12-31,240,930528.8,880068.4,45,50460.1,0,,0,0.0,
3937,4747,F,1922-04-27,76,1996-01-10,monthly,Sumperk,north Moravia,1996-01-10,1998-12-31,163,192730.6,164707.6,36,28022.8,0,,0,0.0,
1292,1563,M,1978-08-06,20,1994-09-03,monthly,Beroun,central Bohemia,1994-09-03,1998-12-31,403,709434.5,632463.2,52,76971.2,0,,0,0.0,
1298,1571,F,1967-10-15,31,1996-01-20,monthly,Melnik,central Bohemia,1996-01-20,1998-12-31,199,487774.2,446798.0,36,40976.0,0,,0,0.0,
1310,1584,F,1962-01-29,36,1996-02-22,monthly,Hl.m. Praha,Prague,1996-02-22,1998-12-31,158,265160.1,247923.4,35,17236.5,0,,0,0.0,
1363,1651,F,1966-07-10,32,1997-03-23,monthly,Praha - zapad,central Bohemia,1997-03-23,1998-12-31,158,544642.4,512849.6,22,31792.8,0,,0,0.0,
1381,1671,F,1931-09-15,67,1993-11-01,monthly,Hodonin,south Moravia,1993-11-01,1998-12-31,287,257263.0,237027.2,62,20235.3,0,,0,0.0,
1445,1753,F,1979-02-26,19,1996-03-16,monthly,Prostejov,south Moravia,1996-03-16,1998-12-31,266,274767.2,259323.8,34,15443.3,0,,0,0.0,
1470,1782,M,1948-12-24,50,1994-02-10,monthly,Prachatice,south Bohemia,1994-02-10,1998-12-31,313,806991.6,748913.8,59,58077.8,0,,0,0.0,
1471,1783,F,1946-10-05,52,1996-07-21,monthly,Hl.m. Praha,Prague,1996-07-21,1998-12-31,197,590222.1,530825.4,30,59396.5,0,,0,0.0,
1632,1978,F,1952-05-22,46,1996-01-13,weekly,Pisek,south Bohemia,1996-01-13,1998-12-31,221,1774410.4,1732094.0,36,42316.2,0,,0,0.0,
1635,1981,F,1970-09-22,28,1993-12-29,monthly,Prachatice,south Bohemia,1993-12-29,1998-12-31,348,1200323.0,1150648.0,61,49674.5,0,,0,0.0,
1680,2040,M,1944-08-07,54,1993-12-10,monthly,Kromeriz,south Moravia,1993-12-10,1998-12-31,350,1303866.5,1231597.6,61,72268.4,0,,0,0.0,
2175,2633,F,1967-07-12,31,1993-04-27,monthly,Hl.m. Praha,Prague,1993-04-27,1998-12-31,401,2473943.5,2379372.2,69,94570.8,0,,0,0.0,
2185,2645,M,1920-04-22,78,1995-01-18,monthly,Bruntal,north Moravia,1995-01-18,1998-12-31,236,253374.4,223151.2,48,30222.6,0,,0,0.0,
2221,2690,F,1971-12-25,27,1997-11-15,monthly,Jihlava,south Moravia,1997-11-15,1998-12-31,55,43162.5,27033.8,14,16128.8,0,,0,0.0,
2229,2701,M,1952-03-29,46,1997-01-27,monthly,Hl.m. Praha,Prague,1997-01-27,1998-12-31,128,391139.6,364357.8,24,26781.7,0,,0,0.0,
2234,2706,M,1967-07-02,31,1996-11-21,monthly,Beroun,central Bohemia,1996-11-21,1998-12-31,140,81833.5,51409.0,26,30424.2,0,,0,0.0,
2271,2751,F,1957-01-24,41,1993-11-13,monthly,Frydek - Mistek,north Moravia,1993-11-13,1998-12-31,291,191153.0,164859.6,62,26293.0,0,,0,0.0,
2313,2799,F,1961-12-02,37,1993-04-13,weekly,Kladno,central Bohemia,1993-04-13,1998-12-31,453,977781.8,941588.0,69,36193.6,0,,0,0.0,
2317,2803,M,1931-10-12,67,1997-08-28,monthly,Frydek - Mistek,north Moravia,1997-08-28,1998-12-31,77,85911.8,63832.6,17,22079.1,0,,0,0.0,
2356,2847,F,1942-07-25,56,1996-12-23,weekly,Chomutov,north Bohemia,1996-12-23,1998-12-31,101,436028.1,409417.0,25,26611.0,0,,0,0.0,
2359,2851,M,1939-08-10,59,1996-07-14,monthly,Brno - mesto,south Moravia,1996-07-14,1998-12-31,165,197677.5,182425.4,30,15251.9,0,,0,0.0,
2372,2867,F,1960-01-23,38,1997-06-15,monthly,Hl.m. Praha,Prague,1997-06-15,1998-12-31,128,82872.6,69173.8,19,13698.7,0,,0,0.0,
2399,2896,F,1975-05-16,23,1994-04-26,monthly,Hl.m. Praha,Prague,1994-04-26,1998-12-31,327,410012.0,372338.4,57,37673.3,0,,0,0.0,
2406,2906,M,1934-12-16,64,1996-03-22,monthly,Kolin,central Bohemia,1996-03-22,1998-12-31,140,160429.3,131442.8,34,28986.5,0,,0,0.0,
2432,2938,F,1921-06-01,77,1996-04-18,monthly,Mlada Boleslav,central Bohemia,1996-04-18,1998-12-31,158,192559.4,151772.2,33,40786.8,0,,0,0.0,
2437,2943,F,1980-06-28,18,1995-12-04,monthly,Hl.m. Praha,Prague,1995-12-04,1998-12-31,206,113481.3,96305.2,37,17176.3,0,,0,0.0,
2443,2950,M,1944-06-06,54,1997-06-25,monthly,Nachod,east Bohemia,1997-06-25,1998-12-31,98,478365.4,445965.8,19,32399.6,0,,0,0.0,
2446,2953,M,1936-07-07,62,1995-01-16,monthly,Beroun,central Bohemia,1995-01-16,1998-12-31,269,635477.5,579549.2,48,55927.8,0,,0,0.0,
2481,2996,M,1965-01-29,33,1995-10-28,monthly,Hl.m. Praha,Prague,1995-10-28,1998-12-11,39,50000.0,35100.0,39,14900.0,0,,0,0.0,
2517,3039,F,1969-06-01,29,1996-11-10,after_transaction,Brno - venkov,south Moravia,1996-11-10,1998-12-31,134,861514.3,797797.0,26,63717.1,0,,0,0.0,
2541,3067,F,1952-06-21,46,1994-11-08,monthly,Hodonin,south Moravia,1994-11-08,1998-12-31,378,776274.9,708560.0,50,67714.4,0,,0,0.0,
2566,3097,M,1948-08-22,50,1993-01-27,monthly,Rychnov nad Kneznou,east Bohemia,1993-01-27,1998-11-27,80,74706.8,68700.0,70,6007.1,0,,0,0.0,
2591,3127,F,1920-06-18,78,1996-05-06,monthly,Hl.m. Praha,Prague,1996-05-06,1998-12-31,163,186420.4,160561.2,32,25858.9,0,,0,0.0,
2605,3143,F,1944-02-02,54,1996-01-10,monthly,Tabor,south Bohemia,1996-01-10,1998-12-31,189,281885.4,243033.0,36,38852.2,0,,0,0.0,
2649,3195,F,1971-06-13,27,1993-09-08,monthly,Benesov,central Bohemia,1993-09-08,1998-12-31,546,821173.2,752764.4,64,68408.6,0,,0,0.0,
3557,4292,M,1952-07-19,46,1996-11-02,monthly,Olomouc,north Moravia,1996-11-02,1998-12-31,114,90463.6,64668.6,26,25795.0,0,,0,0.0,
3568,4305,F,1939-06-21,59,1996-04-11,monthly,Teplice,north Bohemia,1996-04-11,1998-12-31,160,175773.8,159716.8,33,16056.7,0,,0,0.0,
3569,4307,M,1977-04-14,21,1996-09-18,monthly,Hl.m. Praha,Prague,1996-09-18,1998-12-31,164,205377.2,163900.4,28,41476.6,0,,0,0.0,
3577,4315,F,1959-04-25,39,1997-05-11,monthly,Ostrava - mesto,north Moravia,1997-05-11,1998-12-31,109,295857.1,238779.0,20,57078.1,0,,0,0.0,
3594,4337,M,1966-04-21,32,1993-12-30,monthly,Rychnov nad Kneznou,east Bohemia,1993-12-30,1998-12-05,298,1573491.7,1562453.2,61,11038.1,0,,0,0.0,
3641,4390,F,1972-04-29,26,1995-01-09,monthly,Melnik,central Bohemia,1995-01-09,1998-12-31,226,162747.4,135139.2,48,27608.3,0,,0,0.0,
3693,4453,F,1976-05-29,22,1993-01-29,monthly,Trebic,south Moravia,1993-01-29,1998-12-31,416,1340169.5,1240715.6,72,99453.5,0,,0,0.0,
3702,4464,M,1964-11-19,34,1995-04-13,monthly,Blansko,south Moravia,1995-04-13,1998-12-31,251,842719.2,762869.4,45,79849.8,0,,0,0.0,
3719,4484,M,1955-04-11,43,1997-06-19,monthly,Litomerice,north Bohemia,1997-06-19,1998-12-31,98,256709.9,231547.8,19,25162.1,0,,0,0.0,
3723,4491,F,1977-07-13,21,1996-06-14,monthly,Benesov,central Bohemia,1996-06-14,1998-12-31,159,314577.0,239444.2,31,75132.8,0,,0,0.0,
3728,4496,M,1971-02-19,27,1994-08-18,monthly,Praha - vychod,central Bohemia,1994-08-18,1998-12-31,245,658071.0,627833.2,53,30237.5,0,,0,0.0,
3766,4542,M,1954-02-06,44,1996-10-18,after_transaction,Rokycany,west Bohemia,1996-10-18,1998-12-31,109,661553.8,553602.0,27,107951.6,0,,0,0.0,
3780,4557,F,1932-10-24,66,1995-11-25,monthly,Chrudim,east Bohemia,1995-11-25,1998-12-31,220,234591.6,215640.2,38,18951.2,0,,0,0.0,
3787,4567,M,1937-02-12,61,1993-02-19,monthly,Karvina,north Moravia,1993-02-19,1998-12-31,413,1608604.5,1526811.0,71,81792.8,0,,0,0.0,
3817,4600,M,1967-03-13,31,1995-02-10,monthly,Karvina,north Moravia,1995-02-10,1998-12-31,264,533498.0,505420.2,47,28077.5,0,,0,0.0,
3823,4607,F,1976-11-16,22,1995-04-19,monthly,Ostrava - mesto,north Moravia,1995-04-19,1998-12-22,94,185369.0,153406.6,39,31962.2,0,,0,0.0,
3826,4610,F,1966-01-02,32,1995-03-05,monthly,Chomutov,north Bohemia,1995-03-05,1998-12-31,260,432521.1,375496.6,46,57024.5,0,,0,0.0,
3880,4677,F,1921-09-29,77,1996-07-28,monthly,Beroun,central Bohemia,1996-07-28,1998-12-31,152,203376.7,168968.4,30,34408.1,0,,0,0.0,
3884,4681,F,1949-10-08,49,1996-11-14,monthly,Hl.m. Praha,Prague,1996-11-14,1998-12-31,124,243513.8,225243.0,26,18270.6,0,,0,0.0,
3991,4812,M,1925-06-26,73,1996-12-28,monthly,Hl.m. Praha,Prague,1996-12-28,1998-12-31,120,168951.2,138910.4,25,30040.7,0,,0,0.0,
4008,4831,M,1958-08-14,40,1996-03-23,monthly,Plzen - jih,west Bohemia,1996-03-23,1998-12-08,33,78400.0,10900.0,33,67500.0,0,,0,0.0,
4088,4925,M,1951-06-18,47,1996-03-01,monthly,Jicin,east Bohemia,1996-03-01,1998-12-31,251,1020755.5,1005830.8,34,14924.4,0,,0,0.0,
4186,5046,M,1937-08-22,61,1996-08-25,monthly,Hl.m. Praha,Prague,1996-08-25,1998-12-31,155,637999.3,599159.8,29,38839.2,0,,0,0.0,
4301,5180,M,1943-12-20,55,1997-06-26,monthly,Hl.m. Praha,Prague,1997-06-26,1998-12-31,83,260803.4,223889.8,19,36913.5,0,,0,0.0,
994,1198,F,1975-02-17,23,1995-09-15,monthly,Olomouc,north Moravia,1995-09-15,1998-12-31,237,383185.9,337440.2,40,45745.6,0,,0,0.0,
1087,1305,F,1945-04-28,53,1996-06-26,monthly,Brno - venkov,south Moravia,1996-06-26,1998-12-05,143,591225.0,513665.0,31,77559.7,0,,0,0.0,
1109,1330,M,1968-09-17,30,1994-10-27,monthly,Zdar nad Sazavou,south Moravia,1994-10-27,1998-12-31,238,987764.0,924197.0,51,63567.0,0,,0,0.0,
1130,1356,M,1932-09-18,66,1997-05-11,monthly,Hl.m. Praha,Prague,1997-05-11,1998-12-31,90,127527.4,89119.4,20,38407.9,0,,0,0.0,
1137,1367,F,1965-10-27,33,1995-12-19,monthly,Prostejov,south Moravia,1995-12-19,1998-12-31,166,117619.4,97083.6,37,20535.7,0,,0,0.0,
1142,1373,F,1975-02-08,23,1995-10-19,monthly,Ostrava - mesto,north Moravia,1995-10-19,1998-12-31,211,164051.1,138352.8,39,25698.2,0,,0,0.0,
1164,1401,M,1981-07-24,17,1994-01-14,monthly,Jablonec n. Nisou,north Bohemia,1994-01-14,1998-12-31,369,447609.2,425532.2,60,22076.8,0,,0,0.0,
1172,1412,M,1979-11-05,19,1997-10-25,monthly,Kutna Hora,central Bohemia,1997-10-25,1998-10-31,26,94347.7,82500.0,12,11847.5,0,,0,0.0,
1205,1454,M,1925-10-03,73,1994-10-08,monthly,Opava,north Moravia,1994-10-08,1998-12-31,257,273242.2,239855.6,51,33386.5,0,,0,0.0,
1228,1481,F,1933-11-23,65,1995-04-09,monthly,Uherske Hradiste,south Moravia,1995-04-09,1998-12-31,226,235519.5,197324.0,45,38195.7,0,,0,0.0,
1248,1506,M,1931-06-25,67,1995-04-29,monthly,Domazlice,west Bohemia,1995-04-29,1998-12-31,221,284901.5,258763.4,45,26137.9,0,,0,0.0,
1302,1575,F,1923-10-06,75,1993-11-21,monthly,Brno - venkov,south Moravia,1993-11-21,1998-12-31,292,377901.5,342451.6,62,35450.0,0,,0,0.0,
1327,1606,M,1982-09-02,16,1994-08-24,monthly,Znojmo,south Moravia,1994-08-24,1998-12-31,268,335226.3,315900.8,53,19325.1,0,,0,0.0,
1337,1618,F,1979-12-07,19,1993-09-01,monthly,Pelhrimov,south Bohemia,1993-09-01,1998-12-31,376,501206.4,432901.4,64,68304.6,0,,0,0.0,
1403,1699,M,1955-03-11,43,1995-11-02,monthly,Pelhrimov,south Bohemia,1995-11-02,1998-12-31,203,653656.3,628441.8,38,25214.2,0,,0,0.0,
1410,1709,F,1952-12-13,46,1993-09-11,monthly,Ostrava - mesto,north Moravia,1993-09-11,1998-12-31,380,1465956.6,1379721.4,64,86235.1,0,,0,0.0,
1439,1746,F,1959-09-10,39,1996-01-27,monthly,Praha - zapad,central Bohemia,1996-01-27,1998-12-31,161,114083.8,94590.0,36,19493.5,0,,0,0.0,
1441,1749,F,1928-11-17,70,1994-10-25,monthly,Svitavy,east Bohemia,1994-10-25,1998-12-31,270,323205.2,280737.0,51,42468.0,0,,0,0.0,
1444,1752,M,1978-11-23,20,1996-06-16,monthly,Karvina,north Moravia,1996-06-16,1998-12-31,171,151408.3,93299.0,31,58109.4,0,,0,0.0,
1448,1756,M,1936-07-08,62,1995-10-07,monthly,Hl.m. Praha,Prague,1995-10-07,1998-11-20,62,56693.3,31900.0,37,24793.3,0,,0,0.0,
1463,1774,F,1971-10-05,27,1996-09-25,monthly,Ceska Lipa,north Bohemia,1996-09-25,1998-12-31,167,139102.3,102079.2,28,37022.7,0,,0,0.0,
1497,1815,F,1977-02-24,21,1993-07-16,monthly,Jindrichuv Hradec,south Bohemia,1993-07-16,1998-12-31,380,629334.0,595416.0,66,33918.1,0,,0,0.0,
3042,3676,F,1965-10-14,33,1993-09-16,monthly,Praha - vychod,central Bohemia,1993-09-16,1998-12-31,398,1060376.5,1015219.8,64,45156.2,0,,0,0.0,
3049,3686,F,1962-10-11,36,1994-09-08,monthly,Trebic,south Moravia,1994-09-08,1998-12-31,305,242467.0,179503.2,52,62963.2,0,,0,0.0,
3090,3738,F,1978-03-31,20,1996-12-10,monthly,Hl.m. Praha,Prague,1996-12-10,1998-12-31,168,846615.7,784711.2,25,61904.4,0,,0,0.0,
3097,3746,M,1975-01-25,23,1997-08-14,monthly,Zdar nad Sazavou,south Moravia,1997-08-14,1998-12-31,86,81253.1,70681.6,17,10571.3,0,,0,0.0,
3152,3812,M,1967-02-08,31,1993-07-16,monthly,Hl.m. Praha,Prague,1993-07-16,1998-12-31,330,855889.4,813655.0,66,42234.1,0,,0,0.0,
3168,3831,M,1918-02-11,80,1993-02-20,monthly,Praha - zapad,central Bohemia,1993-02-20,1998-12-31,364,449268.3,410041.0,71,39226.7,0,,0,0.0,
3170,3834,F,1976-09-12,22,1996-01-12,monthly,Hl.m. Praha,Prague,1996-01-12,1998-12-31,198,336631.1,293248.0,36,43383.4,0,,0,0.0,
3197,3865,M,1977-11-06,21,1993-12-25,monthly,Prerov,north Moravia,1993-12-25,1998-12-31,263,185919.4,157991.0,61,27927.8,0,,0,0.0,
3200,3869,F,1946-02-24,52,1995-10-20,after_transaction,Pelhrimov,south Bohemia,1995-10-20,1998-12-31,171,1049766.0,996415.0,39,53351.4,0,,0,0.0,
3218,3892,M,1979-04-19,19,1993-11-14,monthly,Hl.m. Praha,Prague,1993-11-14,1998-12-31,354,198738.9,176933.6,62,21804.9,0,,0,0.0,
3227,3903,F,1948-03-18,50,1996-06-24,monthly,Hl.m. Praha,Prague,1996-06-24,1998-12-31,218,807160.8,712502.0,31,94658.9,0,,0,0.0,
3236,3914,F,1920-08-24,78,1997-02-20,monthly,Usti nad Orlici,east Bohemia,1997-02-20,1998-12-31,109,98976.1,81644.2,23,17331.6,0,,0,0.0,
3241,3920,F,1925-08-13,73,1993-07-16,monthly,Chrudim,east Bohemia,1993-07-16,1998-12-31,327,418111.5,345716.0,66,72395.2,0,,0,0.0,
3256,3939,M,1953-11-06,45,1996-11-19,monthly,Teplice,north Bohemia,1996-11-19,1998-12-31,143,296955.0,266632.0,26,30322.8,0,,0,0.0,
3311,4003,M,1949-04-23,49,1996-08-18,monthly,Mlada Boleslav,central Bohemia,1996-08-18,1998-12-31,212,1227310.8,1149829.6,29,77481.0,0,,0,0.0,
3314,4006,F,1978-05-07,20,1996-10-14,monthly,Klatovy,west Bohemia,1996-10-14,1998-12-03,53,185882.4,133200.0,27,52681.9,0,,0,0.0,
3339,4037,F,1966-10-22,32,1996-09-27,monthly,Hl.m. Praha,Prague,1996-09-27,1998-12-31,144,247065.3,214963.2,28,32101.9,0,,0,0.0,
3362,4065,M,1942-06-27,56,1995-01-25,monthly,Opava,north Moravia,1995-01-25,1998-12-31,276,608272.6,578955.2,48,29317.1,0,,0,0.0,
3406,4117,F,1918-07-01,80,1997-12-08,monthly,Blansko,south Moravia,1997-12-08,1998-12-31,56,81262.0,59296.8,13,21964.9,0,,0,0.0,
3408,4119,F,1962-02-20,36,1993-09-19,monthly,Uherske Hradiste,south Moravia,1993-09-19,1998-12-31,301,1418789.1,1372286.8,64,46502.2,0,,0,0.0,
3413,4126,M,1975-09-09,23,1993-07-13,monthly,Ostrava - mesto,north Moravia,1993-07-13,1998-12-31,529,752816.6,651175.0,66,101641.3,0,,0,0.0,
3415,4129,F,1952-03-31,46,1997-12-06,monthly,Prerov,north Moravia,1997-12-06,1998-12-31,60,116311.7,87726.2,13,28585.4,0,,0,0.0,
3417,4131,M,1976-06-02,22,1995-09-28,monthly,Rychnov nad Kneznou,east Bohemia,1995-09-28,1998-12-31,223,262034.0,240875.6,40,21158.2,0,,0,0.0,
8628,10639,M,1954-01-29,44,1996-10-15,after_transaction,Benesov,central Bohemia,1996-10-15,1998-12-31,184,793225.3,737042.4,27,56078.2,0,,0,0.0,
10343,12726,F,1945-08-09,53,1997-05-22,monthly,Mlada Boleslav,central Bohemia,1997-05-22,1998-12-31,112,175420.3,182399.9,20,-6979.7,0,,0,0.0,
10656,13102,M,1949-04-15,49,1993-05-05,monthly,Mlada Boleslav,central Bohemia,1993-05-05,1998-12-31,380,1399169.5,1379645.8,68,19523.3,0,,0,0.0,
4768,5753,M,1948-05-23,50,1996-06-17,monthly,Most,north Bohemia,1996-06-17,1998-12-31,187,1338192.6,1300365.7,31,37826.8,0,,0,0.0,
5024,6067,F,1950-03-13,48,1995-08-20,monthly,Karvina,north Moravia,1995-08-20,1998-12-31,185,389361.6,382891.0,41,6470.6,0,,0,0.0,
5740,6944,M,1970-03-13,28,1993-04-16,monthly,Hradec Kralove,east Bohemia,1993-04-16,1998-12-31,348,1838306.0,1824257.1,69,14048.3,0,,0,0.0,
7449,9231,F,1972-09-24,26,1993-11-24,monthly,Rokycany,west Bohemia,1993-11-24,1998-12-31,333,436259.0,388310.6,62,47780.5,0,,0,0.0,
7944,9820,F,1968-01-21,30,1993-12-27,monthly,Kromeriz,south Moravia,1993-12-27,1998-12-31,331,1368940.0,1254956.6,61,113572.3,0,,0,0.0,
3157,3817,F,1937-10-21,61,1993-09-10,monthly,Vsetin,north Moravia,1993-09-10,1998-12-31,410,410430.1,364331.4,64,46098.7,0,,0,0.0,
3178,3843,F,1942-04-21,56,1996-04-27,monthly,Kladno,central Bohemia,1996-04-27,1998-12-31,169,96185.3,76645.2,33,19540.0,0,,0,0.0,
3184,3849,F,1932-12-11,66,1994-02-18,monthly,Hl.m. Praha,Prague,1994-02-18,1998-12-31,275,302595.1,276323.8,59,26270.9,0,,0,0.0,
3194,3861,F,1951-01-27,47,1997-04-19,monthly,Praha - zapad,central Bohemia,1997-04-19,1998-12-31,99,302355.1,277423.0,21,24932.0,0,,0,0.0,
3195,3862,F,1947-07-13,51,1993-09-02,monthly,Teplice,north Bohemia,1993-09-02,1998-12-31,459,395831.7,340362.4,64,55469.0,0,,0,0.0,
3242,3921,F,1958-01-21,40,1997-03-02,monthly,Plzen - sever,west Bohemia,1997-03-02,1998-12-31,137,245827.8,223432.2,22,22395.4,0,,0,0.0,
3244,3924,M,1971-01-09,27,1995-01-14,monthly,Breclav,south Moravia,1995-01-14,1998-12-31,272,154005.7,135998.8,48,18006.8,0,,0,0.0,
3261,3946,M,1975-05-11,23,1993-07-07,monthly,Hl.m. Praha,Prague,1993-07-07,1998-12-31,445,700726.9,678398.6,66,22328.0,0,,0,0.0,
3277,3967,F,1960-09-26,38,1993-07-12,monthly,Pisek,south Bohemia,1993-07-12,1998-12-31,331,1207890.3,1155330.6,66,52559.3,0,,0,0.0,
3288,3979,F,1928-10-14,70,1994-09-15,monthly,Brno - mesto,south Moravia,1994-09-15,1998-12-31,259,284290.0,266057.6,52,18232.4,0,,0,0.0,
3308,4000,M,1957-10-22,41,1996-04-02,monthly,Teplice,north Bohemia,1996-04-02,1998-12-31,147,544719.3,495948.8,33,48770.4,0,,0,0.0,
3312,4004,F,1957-08-12,41,1996-12-04,monthly,Sokolov,west Bohemia,1996-12-04,1998-12-31,200,109620.8,84703.0,25,24917.6,0,,0,0.0,
3333,4030,F,1976-09-21,22,1997-11-27,monthly,Chrudim,east Bohemia,1997-11-27,1998-12-31,57,108092.7,74166.8,14,33925.6,0,,0,0.0,
3438,4158,F,1920-07-10,78,1996-12-21,monthly,Jablonec n. Nisou,north Bohemia,1996-12-21,1998-12-31,109,134707.4,115610.4,25,19097.1,0,,0,0.0,
3459,4181,F,1964-05-15,34,1996-06-02,monthly,Sumperk,north Moravia,1996-06-02,1998-12-31,146,660835.0,575379.6,31,85455.2,0,,0,0.0,
3463,4186,M,1978-10-14,20,1997-09-21,monthly,Louny,north Bohemia,1997-09-21,1998-12-31,94,219756.2,189038.0,16,30718.2,0,,0,0.0,
3468,4191,F,1957-01-06,41,1996-02-14,monthly,Ceska Lipa,north Bohemia,1996-02-14,1998-12-31,220,431860.5,347687.4,35,84172.9,0,,0,0.0,
3487,4215,F,1952-06-08,46,1993-01-08,monthly,Semily,east Bohemia,1993-01-08,1998-12-31,469,1279088.3,1198383.2,72,80704.8,0,,0,0.0,
3505,4233,M,1938-02-15,60,1993-09-23,monthly,Nachod,east Bohemia,1993-09-23,1998-12-31,370,1636956.9,1545643.8,64,91312.8,0,,0,0.0,
3565,4302,F,1944-01-04,54,1997-02-12,monthly,Sokolov,west Bohemia,1997-02-12,1998-12-31,156,114237.2,88586.2,23,25650.8,0,,0,0.0,
3612,4358,M,1942-10-24,56,1994-08-27,monthly,Karvina,north Moravia,1994-08-27,1998-12-31,397,836496.3,760764.2,53,75731.7,0,,0,0.0,
547,659,M,1965-12-07,33,1997-07-27,monthly,Karlovy Vary,west Bohemia,1997-07-27,1998-12-31,71,59647.2,42204.2,18,17442.9,0,,0,0.0,
557,670,M,1959-01-21,39,1995-11-26,monthly,Hl.m. Praha,Prague,1995-11-26,1998-12-31,167,116831.9,97337.2,38,19494.7,0,,0,0.0,
587,705,M,1938-12-10,60,1996-06-21,monthly,Prachatice,south Bohemia,1996-06-21,1998-12-08,28,52300.0,18400.0,28,33900.0,0,,0,0.0,
602,721,M,1940-02-15,58,1995-10-27,monthly,Hradec Kralove,east Bohemia,1995-10-27,1998-12-31,180,214753.3,196175.8,39,18577.1,0,,0,0.0,
619,743,M,1941-02-17,57,1995-09-09,weekly,Hl.m. Praha,Prague,1995-09-09,1998-12-31,260,1102762.4,1064386.0,40,38376.1,0,,0,0.0,
676,812,M,1940-12-06,58,1995-09-22,monthly,Most,north Bohemia,1995-09-22,1998-12-31,213,272752.6,230271.4,40,42481.1,0,,0,0.0,
693,831,M,1948-05-02,50,1994-06-06,monthly,Benesov,central Bohemia,1994-06-06,1998-12-31,311,1056212.5,1038005.4,55,18206.5,0,,0,0.0,
710,851,M,1919-06-16,79,1994-09-02,monthly,Klatovy,west Bohemia,1994-09-02,1998-12-31,244,253613.5,228366.2,52,25246.9,0,,0,0.0,
713,855,M,1930-01-28,68,1996-10-15,monthly,Jihlava,south Moravia,1996-10-15,1998-12-31,113,148988.6,136408.6,27,12579.6,0,,0,0.0,
715,857,M,1948-02-21,50,1996-08-08,monthly,Ceska Lipa,north Bohemia,1996-08-08,1998-12-31,205,497590.4,463747.8,29,33842.2,0,,0,0.0,
719,862,M,1952-01-05,46,1993-12-21,monthly,Sokolov,west Bohemia,1993-12-21,1998-12-31,357,277120.9,216308.0,61,60812.6,0,,0,0.0,
728,873,M,1944-01-05,54,1995-11-28,monthly,Prostejov,south Moravia,1995-11-28,1998-12-31,223,339969.6,318451.2,38,21518.0,0,,0,0.0,
760,910,M,1961-09-27,37,1997-05-24,monthly,Hl.m. Praha,Prague,1997-05-24,1998-12-31,127,231883.2,200134.4,20,31748.8,0,,0,0.0,
772,924,M,1953-07-12,45,1993-01-21,monthly,Hl.m. Praha,Prague,1993-01-21,1998-12-31,558,1867271.2,1794553.6,72,72717.1,0,,0,0.0,
780,932,M,1947-09-27,51,1996-04-26,monthly,Beroun,central Bohemia,1996-04-26,1998-12-31,178,718296.9,666994.2,33,51302.4,0,,0,0.0,
802,961,F,1931-10-04,67,1994-12-20,monthly,Cesky Krumlov,south Bohemia,1994-12-20,1998-12-31,240,264808.1,219895.8,49,44912.1,0,,0,0.0,
806,965,F,1972-12-01,26,1996-10-29,monthly,Rakovnik,central Bohemia,1996-10-29,1998-12-31,112,91554.5,72342.6,27,19211.9,0,,0,0.0,
823,990,M,1961-12-24,37,1997-09-19,monthly,Novy Jicin,north Moravia,1997-09-19,1998-12-31,72,51244.9,26236.0,16,25008.9,0,,0,0.0,
859,1035,F,1971-03-28,27,1997-08-26,monthly,Rakovnik,central Bohemia,1997-08-26,1998-12-31,117,204331.0,163705.6,17,40625.3,0,,0,0.0,
865,1042,F,1966-09-25,32,1996-03-18,monthly,Pelhrimov,south Bohemia,1996-03-18,1998-12-31,166,116962.5,95874.8,34,21087.5,0,,0,0.0,
869,1047,F,1963-07-11,35,1996-07-15,monthly,Jindrichuv Hradec,south Bohemia,1996-07-15,1997-10-08,16,25800.0,15500.0,16,10300.0,0,,0,0.0,
907,1092,F,1962-07-20,36,1993-07-09,monthly,Usti nad Labem,north Bohemia,1993-07-09,1998-12-31,353,263494.2,247136.6,66,16357.5,0,,0,0.0,
953,1149,F,1976-09-25,22,1995-07-22,monthly,Ceske Budejovice,south Bohemia,1995-07-22,1998-12-31,269,169372.0,143073.6,42,26298.0,0,,0,0.0,
956,1152,M,1981-03-12,17,1993-12-05,monthly,Ostrava - mesto,north Moravia,1993-12-05,1998-12-31,321,468646.9,396817.6,61,71828.9,0,,0,0.0,
958,1154,M,1924-01-31,74,1996-06-06,monthly,Olomouc,north Moravia,1996-06-06,1998-12-31,153,204423.3,187039.6,31,17383.1,0,,0,0.0,
1086,1304,M,1936-07-28,62,1996-06-17,monthly,Litomerice,north Bohemia,1996-06-17,1998-12-31,183,89783.7,64565.0,31,25218.5,0,,0,0.0,
5952,7195,M,1962-09-11,36,1993-09-07,monthly,Svitavy,east Bohemia,1993-09-07,1998-12-31,628,2480265.6,2407937.6,64,72327.1,1,classic,1,141240.0,A
6265,7567,M,1937-03-15,61,1996-11-01,monthly,Kolin,central Bohemia,1996-11-01,1998-12-31,198,1135083.1,1100673.9,26,34409.0,1,classic,1,87360.0,C
6353,7672,M,1953-04-05,45,1993-11-26,monthly,Plzen - mesto,west Bohemia,1993-11-26,1998-12-31,462,1636522.7,1570321.6,62,66200.6,1,classic,1,79920.0,C
7795,9641,M,1945-01-26,53,1995-01-05,monthly,Zlin,south Moravia,1995-01-05,1998-12-31,355,2535228.1,2462044.6,48,73183.4,1,gold,1,372120.0,C
7861,9721,M,1954-12-05,44,1995-04-22,monthly,Chomutov,north Bohemia,1995-04-22,1998-12-31,414,909230.8,818864.4,45,90366.2,1,classic,1,21852.0,A
7894,9760,M,1969-02-17,29,1996-04-09,monthly,Plzen - jih,west Bohemia,1996-04-09,1998-12-31,286,1467092.2,1422492.4,33,44600.1,1,classic,1,153144.0,C
8039,9930,M,1972-06-23,26,1995-12-17,monthly,Nymburk,central Bohemia,1995-12-17,1998-12-31,289,983278.9,918529.0,37,64749.6,1,classic,1,93600.0,A
675,810,F,1945-09-24,53,1995-08-03,monthly,Jihlava,south Moravia,1995-08-03,1998-12-31,263,527454.1,460497.6,41,66956.4,1,classic,1,102240.0,C
5215,6301,F,1949-03-08,49,1993-07-01,monthly,Brno - venkov,south Moravia,1993-07-01,1998-12-31,637,1147850.9,1078567.6,66,69283.0,1,classic,1,14628.0,A
3166,3829,M,1972-03-13,26,1993-08-10,monthly,Kromeriz,south Moravia,1993-08-10,1998-12-31,427,2109232.1,2043866.8,65,65363.9,1,classic,1,177744.0,D
10663,13113,M,1976-11-25,22,1993-12-08,monthly,Praha - zapad,central Bohemia,1993-12-08,1998-12-31,473,2848040.5,2810074.2,61,37967.4,1,classic,1,260028.0,A
11013,13539,M,1978-09-07,20,1993-02-14,weekly,Vyskov,south Moravia,1993-02-14,1998-12-31,571,3230707.8,3145576.0,71,85131.6,1,junior,1,274740.0,A
5213,6299,M,1936-08-09,62,1995-08-18,monthly,Hl.m. Praha,Prague,1995-08-18,1998-12-31,301,2061197.2,1972104.4,41,89092.2,1,classic,1,320976.0,D
6510,7862,M,1965-10-17,33,1996-12-18,monthly,Ostrava - mesto,north Moravia,1996-12-18,1998-12-31,164,909381.0,865673.8,25,43706.7,1,classic,1,76992.0,C
7156,8636,F,1941-11-12,57,1997-09-11,monthly,Novy Jicin,north Moravia,1997-09-11,1998-12-31,87,400932.6,341172.6,16,59759.7,1,classic,1,49488.0,C
7753,9593,F,1968-01-28,30,1993-02-08,monthly,Ostrava - mesto,north Moravia,1993-02-08,1998-12-31,500,3203362.4,3143260.8,71,60100.6,1,classic,1,51696.0,A
8127,10040,F,1968-10-30,30,1994-10-13,monthly,Litomerice,north Bohemia,1994-10-13,1998-12-31,392,2452240.6,2346120.2,51,106119.3,1,classic,1,155880.0,A
8173,10095,F,1976-02-06,22,1993-07-05,monthly,Hl.m. Praha,Prague,1993-07-05,1998-12-31,423,2909186.2,2838356.0,66,70830.1,1,junior,1,80340.0,A
9093,11195,M,1953-12-05,45,1993-06-16,monthly,Jihlava,south Moravia,1993-06-16,1998-12-31,580,1382209.8,1323121.6,67,59088.0,1,classic,1,189300.0,C
9265,11409,F,1980-05-02,18,1993-02-04,monthly,Ceska Lipa,north Bohemia,1993-02-04,1998-12-31,643,2838378.3,2752472.9,71,85904.4,1,junior,1,39576.0,A
9504,11701,M,1949-04-14,49,1996-01-29,monthly,Nymburk,central Bohemia,1996-01-29,1998-12-31,198,1415431.9,1397675.0,36,17756.8,1,classic,1,341280.0,C
3293,3984,F,1964-03-13,34,1997-08-08,monthly,Hl.m. Praha,Prague,1997-08-08,1998-12-31,155,859609.2,794359.9,17,65249.4,1,classic,1,276084.0,C
426,512,F,1965-08-03,33,1993-11-29,monthly,Prostejov,south Moravia,1993-11-29,1998-12-31,444,1568235.8,1539207.5,62,29030.2,0,,1,252060.0,D
2322,2809,M,1979-02-14,19,1995-01-02,monthly,Decin,north Bohemia,1995-01-02,1998-12-31,460,1574882.6,1557894.6,48,16987.7,0,,1,46320.0,A
2486,3001,M,1958-10-07,40,1993-02-27,monthly,Hl.m. Praha,Prague,1993-02-27,1998-12-31,534,3493036.2,3417366.2,71,75669.7,0,,1,24516.0,A
5735,6936,F,1959-02-27,39,1995-01-25,monthly,Usti nad Orlici,east Bohemia,1995-01-25,1998-12-31,315,1653138.5,1564113.4,48,89024.8,0,,1,290700.0,D
6034,7291,F,1940-12-02,58,1993-03-19,weekly,Vsetin,north Moravia,1993-03-19,1998-12-31,441,2266300.5,2202406.9,70,63892.0,0,,1,464520.0,B
6922,8356,M,1969-09-04,29,1997-05-12,weekly,Beroun,central Bohemia,1997-05-12,1998-12-31,108,753487.2,673549.7,20,79937.2,0,,1,139488.0,C
7136,8615,F,1939-04-13,59,1995-04-09,weekly,Pribram,central Bohemia,1995-04-09,1998-12-31,379,1578962.6,1548598.0,45,30364.0,0,,1,74124.0,C
7542,9340,M,1967-08-22,31,1996-05-16,monthly,Brno - mesto,south Moravia,1996-05-16,1998-12-31,220,579716.6,514989.6,32,64726.6,0,,1,590820.0,C
7965,9844,M,1945-08-03,53,1993-11-08,monthly,Brno - venkov,south Moravia,1993-11-08,1998-12-31,406,1706912.1,1645380.0,62,61531.7,0,,1,71460.0,A
8381,10355,F,1976-07-10,22,1996-09-17,monthly,Ceske Budejovice,south Bohemia,1996-09-17,1998-12-31,267,1380978.2,1369923.3,28,11054.7,0,,1,333648.0,D
4981,6015,M,1973-11-21,25,1996-01-22,monthly,Brno - mesto,south Moravia,1996-01-22,1998-12-31,227,894458.5,878688.0,36,15770.4,0,,1,179328.0,C
4994,6033,M,1966-05-27,32,1996-01-11,weekly,Hl.m. Praha,Prague,1996-01-11,1998-12-31,206,1066531.9,1033797.4,36,32733.6,0,,1,258444.0,C
5574,6731,M,1943-11-26,55,1994-07-14,weekly,Rakovnik,central Bohemia,1994-07-14,1998-12-31,382,2758468.8,2701249.0,54,57219.8,0,,1,44628.0,A
6040,7299,M,1938-09-16,60,1993-04-22,monthly,Hl.m. Praha,Prague,1993-04-22,1998-12-31,580,1645690.3,1623078.8,69,22611.3,0,,1,11736.0,A
6706,8096,F,1979-11-02,19,1996-12-28,monthly,Louny,north Bohemia,1996-12-28,1998-12-31,180,360142.1,313997.4,25,46144.7,0,,1,64860.0,C
7181,8667,F,1967-02-12,31,1996-07-02,after_transaction,Vsetin,north Moravia,1996-07-02,1998-12-31,296,1027164.7,943557.5,30,83607.3,0,,1,49872.0,C
7713,9546,F,1955-11-02,43,1996-05-25,weekly,Svitavy,east Bohemia,1996-05-25,1998-12-31,149,692069.1,605744.0,32,86325.5,0,,1,220440.0,C
8051,9945,F,1968-04-14,30,1993-02-07,weekly,Tachov,west Bohemia,1993-02-07,1998-12-31,416,1994934.3,1971140.0,71,23793.7,0,,1,208320.0,A
8982,11063,F,1955-11-04,43,1993-09-25,monthly,Zlin,south Moravia,1993-09-25,1998-12-31,477,2240621.8,2148583.0,64,92039.6,0,,1,227880.0,A
1244,1501,M,1946-01-22,52,1996-05-08,monthly,Frydek - Mistek,north Moravia,1996-05-08,1998-12-31,254,202744.9,183902.6,32,18842.1,0,,1,35904.0,C
3754,4529,M,1976-09-16,22,1996-02-19,weekly,Litomerice,north Bohemia,1996-02-19,1998-12-31,312,1106947.0,1029563.0,35,77383.8,0,,1,68544.0,A
3834,4620,F,1940-11-01,58,1993-01-19,monthly,Brno - mesto,south Moravia,1993-01-19,1998-12-31,665,1123735.9,1093077.6,72,30658.0,0,,1,23052.0,A
1318,1594,M,1939-09-29,59,1997-12-22,monthly,Breclav,south Moravia,1997-12-22,1998-12-31,57,206161.2,171964.4,13,34196.7,0,,1,185544.0,C
2073,2514,M,1957-02-11,41,1997-08-14,monthly,Kromeriz,south Moravia,1997-08-14,1998-12-31,83,306712.3,269820.6,17,36891.5,0,,1,44640.0,C
4320,5203,F,1945-09-08,53,1996-07-23,monthly,Trebic,south Moravia,1996-07-23,1998-12-31,196,1458873.0,1418845.4,30,40027.4,0,,1,51360.0,B
1011,1215,M,1944-05-06,54,1994-12-17,monthly,Jicin,east Bohemia,1994-12-17,1998-12-31,323,1114347.3,1057753.8,49,56593.8,0,,1,204000.0,C
3037,3670,F,1980-09-17,18,1994-05-26,monthly,Chrudim,east Bohemia,1994-05-26,1998-11-30,269,1164790.2,1158763.4,55,6041.7,0,,1,277884.0,D
9006,11093,M,1959-01-29,39,1994-09-02,weekly,Teplice,north Bohemia,1994-09-02,1998-12-31,433,2293530.1,2216265.0,52,77264.6,0,,1,186384.0,C
9024,11114,M,1952-07-26,46,1996-01-05,monthly,Hl.m. Praha,Prague,1996-01-05,1998-12-31,263,593010.2,555846.6,36,37163.3,0,,1,70656.0,C
9153,11266,M,1938-09-25,60,1996-12-12,monthly,Nymburk,central Bohemia,1996-12-12,1998-12-31,174,261236.3,207147.4,25,53869.2,0,,1,52236.0,C
10005,12308,M,1978-11-29,20,1997-11-29,monthly,Zlin,south Moravia,1997-11-29,1998-12-31,73,511787.9,457976.8,14,53811.1,0,,1,210744.0,C
11054,13590,M,1977-08-03,21,1996-02-01,weekly,Kromeriz,south Moravia,1996-02-01,1998-12-31,232,765349.7,712299.0,35,53050.4,0,,1,148920.0,C
6792,8200,F,1944-05-31,54,1996-05-11,monthly,Hl.m. Praha,Prague,1996-05-11,1998-12-31,256,433749.3,392862.2,32,40887.1,0,,1,17184.0,A
6985,8432,F,1968-01-06,30,1995-07-27,monthly,Louny,north Bohemia,1995-07-27,1998-12-31,283,1867213.5,1802254.1,42,64959.0,0,,1,96768.0,C
7180,8666,F,1971-08-28,27,1997-06-12,weekly,Melnik,central Bohemia,1997-06-12,1998-12-31,111,516358.7,434018.5,19,82340.2,0,,1,99744.0,C
7674,9505,M,1958-08-21,40,1996-07-21,monthly,Hl.m. Praha,Prague,1996-07-21,1998-12-31,258,1415700.7,1390411.5,30,25288.3,0,,1,94488.0,C
8225,10159,M,1938-01-06,60,1996-12-07,monthly,Svitavy,east Bohemia,1996-12-07,1998-12-31,196,512298.5,474730.0,25,37568.5,0,,1,36204.0,D
9591,11804,M,1944-12-12,54,1993-05-20,monthly,Ostrava - mesto,north Moravia,1993-05-20,1998-11-30,457,2188322.2,2182755.1,67,5567.8,0,,1,104712.0,A
915,1102,M,1935-01-29,63,1995-01-18,monthly,Olomouc,north Moravia,1995-01-18,1998-12-31,330,2011533.8,1930206.2,48,81327.2,0,,1,309552.0,C
3975,4794,F,1945-11-16,53,1994-10-02,monthly,Strakonice,south Bohemia,1994-10-02,1998-12-31,247,177651.3,154804.6,51,22846.5,0,,0,0.0,
3977,4796,M,1928-03-11,70,1993-09-25,monthly,Melnik,central Bohemia,1993-09-25,1998-12-31,286,297825.9,280462.8,64,17362.6,0,,0,0.0,
4082,4919,F,1951-05-26,47,1994-11-08,monthly,Semily,east Bohemia,1994-11-08,1998-12-31,226,1129080.3,1043963.2,50,85116.2,0,,0,0.0,
4130,4972,F,1977-07-13,21,1997-06-01,monthly,Karvina,north Moravia,1997-06-01,1998-12-31,74,406334.0,360597.7,19,45735.9,0,,0,0.0,
4143,4992,F,1972-07-14,26,1997-10-07,monthly,Brno - venkov,south Moravia,1997-10-07,1998-12-31,61,361507.8,283146.0,15,78361.9,0,,0,0.0,
4204,5067,F,1975-09-10,23,1996-01-29,monthly,Tabor,south Bohemia,1996-01-29,1998-11-30,57,117256.2,102587.6,26,14683.1,0,,0,0.0,
4329,5213,M,1980-10-10,18,1994-02-17,monthly,Hl.m. Praha,Prague,1994-02-17,1998-12-31,342,542870.7,519017.6,59,23852.8,0,,0,0.0,
4330,5214,M,1976-09-12,22,1995-07-05,monthly,Pardubice,east Bohemia,1995-07-05,1998-12-31,250,1386523.9,1309000.8,42,77523.0,0,,0,0.0,
4385,5283,M,1982-03-10,16,1993-11-23,monthly,Pelhrimov,south Bohemia,1993-11-23,1998-12-31,316,472119.7,444232.2,62,27887.2,0,,0,0.0,
4389,5287,M,1971-01-02,27,1996-07-28,monthly,Vsetin,north Moravia,1996-07-28,1998-12-31,138,461314.4,411150.4,30,50163.6,0,,0,0.0,
4434,5347,M,1949-03-31,49,1994-12-09,monthly,Usti nad Labem,north Bohemia,1994-12-09,1998-12-31,357,2530640.9,2459064.6,49,71576.0,0,,0,0.0,
4659,5617,F,1958-08-01,40,1993-10-08,monthly,Breclav,south Moravia,1993-10-08,1998-12-31,325,1891376.9,1797915.5,63,93461.5,0,,0,0.0,
5092,6144,F,1956-12-19,42,1993-12-21,monthly,Brno - mesto,south Moravia,1993-12-21,1998-12-09,337,269693.6,289813.1,61,-20119.6,0,,0,0.0,
1905,2314,F,1959-12-16,39,1996-05-25,monthly,Chomutov,north Bohemia,1996-05-25,1998-12-31,224,520593.4,500257.6,32,20335.5,0,,0,0.0,
1911,2321,F,1968-01-12,30,1994-08-21,monthly,Frydek - Mistek,north Moravia,1994-08-21,1998-12-31,259,938739.0,905054.1,53,33684.5,0,,0,0.0,
1964,2389,M,1924-07-20,74,1996-02-12,monthly,Klatovy,west Bohemia,1996-02-12,1998-12-31,172,226348.4,210635.4,35,15713.0,0,,0,0.0,
1979,2404,F,1977-07-05,21,1993-01-11,monthly,Plzen - jih,west Bohemia,1993-01-11,1998-12-31,358,220991.3,201207.6,72,19783.3,0,,0,0.0,
1985,2412,M,1980-10-26,18,1996-07-29,monthly,Strakonice,south Bohemia,1996-07-29,1998-12-31,127,166679.8,150565.0,30,16114.6,0,,0,0.0,
1995,2424,M,1920-11-10,78,1997-07-18,monthly,Brno - mesto,south Moravia,1997-07-18,1998-12-31,73,95256.7,71447.2,18,23809.5,0,,0,0.0,
2021,2454,F,1940-09-04,58,1997-02-05,monthly,Jesenik,north Moravia,1997-02-05,1998-10-28,16,28700.0,18400.0,16,10300.0,0,,0,0.0,
2056,2495,F,1939-12-14,59,1993-04-07,monthly,Jihlava,south Moravia,1993-04-07,1998-12-31,311,1511605.5,1479700.6,69,31904.5,0,,0,0.0,
2068,2507,F,1952-08-26,46,1993-06-02,monthly,Litomerice,north Bohemia,1993-06-02,1998-12-31,490,305140.6,290807.2,67,14333.2,0,,0,0.0,
2091,2534,M,1943-01-10,55,1996-09-25,monthly,Hl.m. Praha,Prague,1996-09-25,1998-12-31,124,178830.3,127421.2,28,51409.0,0,,0,0.0,
2144,2594,M,1963-07-31,35,1995-07-21,after_transaction,Brno - venkov,south Moravia,1995-07-21,1998-12-31,220,1240899.2,1229344.9,42,11554.2,0,,0,0.0,
2146,2596,M,1961-10-08,37,1993-06-05,monthly,Tachov,west Bohemia,1993-06-05,1998-12-31,428,1459318.1,1406395.2,67,52922.3,0,,0,0.0,
2166,2622,M,1973-06-07,25,1997-04-12,monthly,Novy Jicin,north Moravia,1997-04-12,1998-12-31,129,284216.8,257262.0,21,26954.4,0,,0,0.0,
2180,2639,F,1950-03-04,48,1993-10-27,monthly,Jicin,east Bohemia,1993-10-27,1997-03-10,41,44900.0,33600.0,41,11300.0,0,,0,0.0,
2182,2642,M,1973-09-04,25,1997-07-12,monthly,Domazlice,west Bohemia,1997-07-12,1998-12-31,88,190417.0,145141.2,18,45275.7,0,,0,0.0,
2191,2653,M,1950-01-25,48,1996-08-08,monthly,Hl.m. Praha,Prague,1996-08-08,1998-12-31,160,421332.2,398360.4,29,22971.4,0,,0,0.0,
2194,2656,M,1955-09-15,43,1997-02-25,monthly,Brno - mesto,south Moravia,1997-02-25,1998-12-31,117,474810.1,432016.2,23,42793.8,0,,0,0.0,
2203,2666,F,1935-07-06,63,1995-04-04,monthly,Pardubice,east Bohemia,1995-04-04,1998-12-31,247,305754.3,286144.0,45,19609.6,0,,0,0.0,
2223,2692,M,1925-05-30,73,1996-01-05,monthly,Chrudim,east Bohemia,1996-01-05,1998-12-31,164,161132.3,147342.6,36,13789.5,0,,0,0.0,
1631,1977,F,1935-10-25,63,1996-09-27,monthly,Praha - vychod,central Bohemia,1996-09-27,1998-12-31,111,113091.2,90600.2,28,22491.0,0,,0,0.0,
1637,1984,M,1926-08-29,72,1993-01-08,monthly,Hl.m. Praha,Prague,1993-01-08,1998-12-31,426,418636.8,384269.2,72,34367.0,0,,0,0.0,
1669,2025,M,1941-12-31,57,1996-09-19,monthly,Most,north Bohemia,1996-09-19,1998-12-31,134,256669.5,245587.2,28,11082.3,0,,0,0.0,
1702,2067,M,1979-10-20,19,1995-02-27,monthly,Breclav,south Moravia,1995-02-27,1998-12-31,264,453299.9,425847.6,47,27452.3,0,,0,0.0,
1705,2070,F,1972-07-23,26,1993-09-15,monthly,Karvina,north Moravia,1993-09-15,1998-12-31,320,1053447.6,999324.8,64,54122.3,0,,0,0.0,
1769,2145,F,1968-12-24,30,1995-01-25,monthly,Most,north Bohemia,1995-01-25,1998-12-31,209,289537.3,271073.2,48,18464.2,0,,0,0.0,
1784,2161,F,1920-03-06,78,1993-05-08,monthly,Hl.m. Praha,Prague,1993-05-08,1998-12-31,357,462111.0,430074.8,68,32036.1,0,,0,0.0,
1829,2218,M,1968-11-08,30,1993-02-27,monthly,Hradec Kralove,east Bohemia,1993-02-27,1998-12-31,370,598165.9,571713.0,71,26452.8,0,,0,0.0,
1865,2263,M,1934-08-17,64,1994-05-04,monthly,Hl.m. Praha,Prague,1994-05-04,1998-12-31,313,357568.4,335734.6,56,21833.4,0,,0,0.0,
1890,2293,M,1969-11-22,29,1997-07-20,weekly,Hl.m. Praha,Prague,1997-07-20,1998-12-31,89,626166.5,621241.4,18,4925.0,0,,0,0.0,
1912,2322,M,1928-06-11,70,1993-08-15,monthly,Cesky Krumlov,south Bohemia,1993-08-15,1998-12-31,325,412492.9,370981.4,65,41511.5,0,,0,0.0,
1940,2356,M,1930-07-10,68,1993-12-22,monthly,Usti nad Orlici,east Bohemia,1993-12-22,1998-12-31,270,284114.7,265599.0,61,18515.5,0,,0,0.0,
1966,2391,M,1942-01-24,56,1993-02-12,monthly,Hl.m. Praha,Prague,1993-02-12,1998-12-31,423,1600543.5,1537677.6,71,62865.4,0,,0,0.0,
1974,2399,F,1943-05-02,55,1995-06-01,monthly,Havlickuv Brod,east Bohemia,1995-06-01,1998-11-12,63,43624.5,27300.0,32,16325.1,0,,0,0.0,
1980,2406,F,1956-10-06,42,1996-03-16,monthly,Semily,east Bohemia,1996-03-16,1998-12-31,185,412797.4,369319.8,34,43477.7,0,,0,0.0,
2037,2473,F,1976-10-17,22,1993-05-06,monthly,Strakonice,south Bohemia,1993-05-06,1998-12-31,438,1254779.5,1188792.8,68,65985.9,0,,0,0.0,
2049,2487,F,1967-09-25,31,1997-12-19,monthly,Bruntal,north Moravia,1997-12-19,1998-12-31,65,124402.9,102399.2,13,22003.7,0,,0,0.0,
2081,2524,M,1959-07-31,39,1997-07-02,monthly,Liberec,north Bohemia,1997-07-02,1998-12-31,95,83252.7,67233.8,18,16018.7,0,,0,0.0,
2087,2530,M,1950-02-11,48,1993-01-08,weekly,Mlada Boleslav,central Bohemia,1993-01-08,1998-12-31,380,2006955.9,1945001.0,72,61954.5,0,,0,0.0,
2088,2531,F,1954-01-24,44,1993-07-28,monthly,Kolin,central Bohemia,1993-07-28,1998-12-31,348,401686.5,381436.0,66,20250.1,0,,0,0.0,
3632,4381,M,1959-01-25,39,1996-04-06,weekly,Breclav,south Moravia,1996-04-06,1998-12-31,107,512677.1,422965.0,33,89712.1,0,,0,0.0,
3634,4383,M,1963-08-01,35,1997-04-16,monthly,Tabor,south Bohemia,1997-04-16,1998-12-31,101,1073503.2,975494.0,21,98009.1,0,,0,0.0,
3639,4388,F,1936-09-16,62,1997-01-08,monthly,Kladno,central Bohemia,1997-01-08,1998-12-31,102,117574.3,99754.8,24,17819.4,0,,0,0.0,
3665,4418,M,1970-05-19,28,1997-06-28,monthly,Plzen - sever,west Bohemia,1997-06-28,1998-12-31,63,300965.6,268669.0,19,32296.6,0,,0,0.0,
3703,4465,M,1937-06-02,61,1997-06-18,monthly,Ostrava - mesto,north Moravia,1997-06-18,1998-12-31,88,55498.2,42867.8,19,12630.2,0,,0,0.0,
3715,4480,M,1963-03-30,35,1997-11-27,monthly,Ostrava - mesto,north Moravia,1997-11-27,1998-11-22,13,23200.0,9900.0,13,13300.0,0,,0,0.0,
3760,4536,M,1947-10-14,51,1993-01-13,monthly,Usti nad Labem,north Bohemia,1993-01-13,1998-12-31,391,2775026.3,2663892.2,72,111133.6,0,,0,0.0,
3777,4554,M,1937-07-24,61,1995-01-19,monthly,Karvina,north Moravia,1995-01-19,1998-12-31,286,155568.5,128497.2,48,27071.1,0,,0,0.0,
3828,4612,F,1960-09-23,38,1997-08-28,monthly,Chrudim,east Bohemia,1997-08-28,1998-12-31,60,50149.0,30580.6,17,19568.5,0,,0,0.0,
3857,4650,F,1965-07-15,33,1997-10-22,monthly,Brno - mesto,south Moravia,1997-10-22,1998-12-31,51,46744.6,27121.4,15,19623.0,0,,0,0.0,
3864,4658,M,1935-10-11,63,1996-07-01,monthly,Decin,north Bohemia,1996-07-01,1998-12-31,253,1022931.5,976440.2,30,46490.9,0,,0,0.0,
3912,4718,M,1932-11-22,66,1994-05-04,monthly,Benesov,central Bohemia,1994-05-04,1998-12-31,342,356906.1,314522.6,56,42383.4,0,,0,0.0,
3966,4784,F,1920-12-08,78,1996-01-09,monthly,Havlickuv Brod,east Bohemia,1996-01-09,1998-12-31,176,159618.6,133426.6,36,26192.2,0,,0,0.0,
3980,4799,F,1946-03-20,52,1993-04-03,monthly,Prerov,north Moravia,1993-04-03,1998-12-31,470,742493.5,674958.4,69,67534.8,0,,0,0.0,
3982,4802,M,1971-07-06,27,1993-07-27,monthly,Prerov,north Moravia,1993-07-27,1998-12-31,314,217930.6,170109.0,66,47821.5,0,,0,0.0,
3985,4805,F,1935-03-13,63,1997-07-13,monthly,Hl.m. Praha,Prague,1997-07-13,1998-12-31,70,70895.1,53996.2,18,16899.0,0,,0,0.0,
4140,4989,M,1935-09-04,63,1997-12-05,monthly,Plzen - sever,west Bohemia,1997-12-05,1998-12-31,55,308398.2,259376.8,13,49021.2,0,,0,0.0,
4424,5334,M,1935-12-29,63,1996-01-29,monthly,Rychnov nad Kneznou,east Bohemia,1996-01-29,1998-12-31,154,340151.1,260138.0,36,80012.8,0,,0,0.0,
4463,5385,M,1974-02-01,24,1993-09-03,monthly,Bruntal,north Moravia,1993-09-03,1998-12-31,282,548349.6,518061.4,64,30287.9,0,,0,0.0,
3638,4387,M,1946-02-18,52,1996-01-10,after_transaction,Usti nad Orlici,east Bohemia,1996-01-10,1998-12-31,202,1316921.4,1225087.0,36,91834.2,0,,0,0.0,
3656,4407,M,1975-07-06,23,1993-08-06,monthly,Karvina,north Moravia,1993-08-06,1998-12-31,299,369946.6,302840.6,65,67105.5,0,,0,0.0,
3662,4415,M,1977-07-09,21,1997-05-26,monthly,Kladno,central Bohemia,1997-05-26,1998-12-31,84,412104.2,314004.4,20,98099.8,0,,0,0.0,
3690,4450,F,1949-01-05,49,1996-10-18,after_transaction,Bruntal,north Moravia,1996-10-18,1998-12-31,112,670211.7,611954.0,27,58257.8,0,,0,0.0,
3736,4508,M,1921-11-14,77,1996-05-08,monthly,Brno - mesto,south Moravia,1996-05-08,1998-12-31,154,227481.3,196014.2,32,31466.9,0,,0,0.0,
3741,4514,M,1940-12-25,58,1996-08-18,monthly,Znojmo,south Moravia,1996-08-18,1998-12-31,151,219601.7,198007.8,29,21593.8,0,,0,0.0,
3810,4591,M,1933-08-19,65,1995-06-22,monthly,Hradec Kralove,east Bohemia,1995-06-22,1998-12-31,207,280755.7,227946.2,43,52809.0,0,,0,0.0,
3822,4606,M,1937-10-14,61,1993-09-22,monthly,Mlada Boleslav,central Bohemia,1993-09-22,1998-12-31,358,1325502.1,1307852.8,64,17649.3,0,,0,0.0,
3835,4622,F,1972-05-25,26,1993-03-16,monthly,Svitavy,east Bohemia,1993-03-16,1998-12-31,445,1099502.1,1061410.4,70,38091.4,0,,0,0.0,
3842,4632,M,1928-04-18,70,1997-03-12,monthly,Hl.m. Praha,Prague,1997-03-12,1998-12-31,82,108924.5,58515.6,22,50408.7,0,,0,0.0,
3928,4737,F,1981-06-01,17,1996-05-08,monthly,Karlovy Vary,west Bohemia,1996-05-08,1998-12-31,159,224026.4,183608.8,32,40417.3,0,,0,0.0,
3936,4746,F,1941-07-20,57,1995-05-04,monthly,Most,north Bohemia,1995-05-04,1998-12-31,324,208022.0,190631.4,44,17390.6,0,,0,0.0,
3958,4774,M,1951-08-14,47,1997-12-28,monthly,Kromeriz,south Moravia,1997-12-28,1998-12-31,47,304853.6,252462.2,13,52391.3,0,,0,0.0,
3994,4815,M,1970-09-17,28,1996-03-14,monthly,Cesky Krumlov,south Bohemia,1996-03-14,1998-12-31,157,1227007.0,1179739.6,34,47267.3,0,,0,0.0,
4156,5010,F,1950-09-08,48,1997-06-27,monthly,Havlickuv Brod,east Bohemia,1997-06-27,1998-12-31,94,503360.0,477316.4,19,26043.4,0,,0,0.0,
5194,6272,M,1942-10-10,56,1995-05-05,after_transaction,Hl.m. Praha,Prague,1995-05-05,1998-12-31,324,1692726.7,1661387.8,44,31338.7,0,,0,0.0,
9528,11732,F,1957-05-20,41,1996-11-07,monthly,Prachatice,south Bohemia,1996-11-07,1998-12-31,182,814319.5,785616.5,26,28702.6,0,,0,0.0,
4079,4916,M,1939-01-09,59,1993-11-03,monthly,Usti nad Orlici,east Bohemia,1993-11-03,1998-12-31,584,2486177.9,2456825.8,62,29351.9,0,,1,158976.0,C
4116,4956,M,1946-10-10,52,1997-10-05,monthly,Kutna Hora,central Bohemia,1997-10-05,1998-12-31,94,746341.7,652965.8,15,93376.1,0,,1,151200.0,C
4427,5337,M,1961-05-02,37,1993-06-07,monthly,Hl.m. Praha,Prague,1993-06-07,1998-12-31,372,815882.3,801656.6,67,14225.5,0,,1,87816.0,A
5256,6349,M,1972-12-03,26,1993-10-25,after_transaction,Olomouc,north Moravia,1993-10-25,1998-12-31,408,1843859.2,1798162.0,63,45535.5,0,,1,193968.0,A
5270,6367,M,1970-04-28,28,1993-01-13,monthly,Chrudim,east Bohemia,1993-01-13,1998-12-31,462,3516396.9,3421056.2,72,95340.6,0,,1,79608.0,A
5317,6422,M,1960-09-23,38,1996-10-20,monthly,Plzen - sever,west Bohemia,1996-10-20,1998-12-31,152,437132.2,417194.2,27,19937.4,0,,1,90180.0,C
5481,6616,M,1953-06-18,45,1993-08-16,monthly,Hl.m. Praha,Prague,1993-08-16,1998-12-31,403,2552423.4,2456198.4,65,96224.5,0,,1,209184.0,A
1978,2403,F,1963-01-25,35,1993-06-11,weekly,Hl.m. Praha,Prague,1993-06-11,1998-12-31,564,2465582.1,2397543.8,67,68036.9,0,,1,205200.0,A
1993,2422,F,1976-06-09,22,1994-10-30,monthly,Frydek - Mistek,north Moravia,1994-10-30,1998-12-31,243,1111055.8,1059144.0,51,51911.2,0,,1,68400.0,B
4052,4882,M,1978-12-21,20,1997-01-25,weekly,Liberec,north Bohemia,1997-01-25,1998-12-31,137,530187.9,493381.0,24,36806.5,0,,1,106128.0,C
4144,4993,F,1973-06-27,25,1996-08-19,monthly,Hl.m. Praha,Prague,1996-08-19,1998-12-31,185,1027944.4,994888.6,29,33055.8,0,,1,212976.0,C
4413,5318,M,1968-03-28,30,1994-01-15,weekly,Ostrava - mesto,north Moravia,1994-01-15,1998-12-31,387,2151781.7,2127603.0,60,24178.7,0,,1,221280.0,C
4550,5487,F,1947-09-17,51,1997-02-06,monthly,Breclav,south Moravia,1997-02-06,1998-12-31,176,227461.6,200282.8,23,27178.9,0,,1,61320.0,C
3804,4584,F,1949-06-24,49,1994-04-07,monthly,Melnik,central Bohemia,1994-04-07,1998-12-31,450,1980063.3,1940166.6,57,39897.5,0,,1,63252.0,A
3907,4712,F,1960-06-06,38,1996-04-18,monthly,Litomerice,north Bohemia,1996-04-18,1998-12-31,173,954590.7,909063.1,33,45526.9,0,,1,133848.0,C
4784,5774,F,1960-01-15,38,1997-08-08,monthly,Nachod,east Bohemia,1997-08-08,1998-12-31,84,549779.2,473655.2,17,76124.1,0,,1,219456.0,C
5700,6895,M,1971-06-24,27,1993-07-20,monthly,Havlickuv Brod,east Bohemia,1993-07-20,1998-12-12,355,723496.4,728383.8,66,-4887.5,0,,1,103680.0,D
8972,11050,F,1957-05-04,41,1996-05-21,monthly,Karvina,north Moravia,1996-05-21,1998-12-31,247,725960.7,696356.6,32,29603.7,0,,1,45024.0,C
9138,11250,F,1946-09-23,52,1996-07-18,monthly,Plzen - mesto,west Bohemia,1996-07-18,1998-12-31,214,811051.9,786259.8,29,24729.1,0,,1,272220.0,D
9179,11304,F,1960-10-20,38,1997-01-21,monthly,Plzen - sever,west Bohemia,1997-01-21,1998-12-31,151,544780.6,509833.8,24,34946.9,0,,1,215040.0,C
9227,11362,F,1966-01-11,32,1997-11-04,monthly,Trutnov,east Bohemia,1997-11-04,1998-12-31,100,111247.1,96055.4,14,15191.9,0,,1,191580.0,C
9548,11754,M,1966-11-03,32,1996-06-07,monthly,Uherske Hradiste,south Moravia,1996-06-07,1998-12-31,182,604482.2,512653.0,31,91829.1,0,,1,46176.0,C
9583,11794,F,1970-10-07,28,1994-05-22,weekly,Tachov,west Bohemia,1994-05-22,1998-12-31,421,2753037.0,2686529.5,56,66508.2,0,,1,104712.0,A
9627,11851,M,1970-04-02,28,1994-07-22,after_transaction,Znojmo,south Moravia,1994-07-22,1998-12-31,360,2391089.4,2314056.1,54,77031.5,0,,1,244368.0,C
9645,11873,F,1963-11-20,35,1996-01-23,monthly,Louny,north Bohemia,1996-01-23,1998-12-31,230,1335540.7,1309015.0,36,26525.3,0,,1,176148.0,C
9750,12003,M,1976-06-23,22,1994-05-16,monthly,Ostrava - mesto,north Moravia,1994-05-16,1998-12-31,416,2208026.7,2098902.3,56,108857.0,0,,1,151728.0,D
10440,12844,M,1946-10-15,52,1993-09-13,monthly,Jicin,east Bohemia,1993-09-13,1998-12-31,457,620002.2,571016.8,64,48985.6,0,,1,60000.0,C
10451,12859,F,1976-05-21,22,1993-08-29,monthly,Hl.m. Praha,Prague,1993-08-29,1998-12-31,598,1129270.9,1115575.6,65,13695.0,0,,1,482940.0,D
10652,13098,F,1978-12-15,20,1997-03-18,monthly,Hl.m. Praha,Prague,1997-03-18,1998-12-31,149,697056.5,652831.6,22,44224.8,0,,1,45720.0,C
10762,13231,M,1959-07-01,39,1995-10-23,monthly,Hl.m. Praha,Prague,1995-10-23,1998-12-31,245,796270.6,745360.8,39,50909.7,0,,1,68832.0,C
11021,13548,M,1976-03-18,22,1993-08-10,monthly,Hl.m. Praha,Prague,1993-08-10,1998-12-31,499,2575097.5,2466666.2,65,108432.0,0,,1,168984.0,B
11111,13657,F,1963-05-12,35,1993-05-20,monthly,Kromeriz,south Moravia,1993-05-20,1998-12-31,492,2830639.3,2721466.0,68,109173.0,0,,1,108144.0,A
4631,5579,M,1951-02-16,47,1996-12-12,after_transaction,Vsetin,north Moravia,1996-12-12,1998-12-31,133,591611.5,514411.0,25,77200.2,1,classic,1,87528.0,C
2051,2489,F,1975-01-28,23,1995-11-08,weekly,Zlin,south Moravia,1995-11-08,1998-12-31,224,1492894.8,1400364.0,38,92531.9,1,gold,1,293880.0,D
3664,4417,M,1976-04-24,22,1996-04-28,monthly,Hl.m. Praha,Prague,1996-04-28,1998-12-31,198,1265606.0,1192250.4,33,73355.4,1,classic,1,271584.0,C
4616,5563,M,1976-01-01,22,1997-09-24,monthly,Hl.m. Praha,Prague,1997-09-24,1998-12-31,124,901531.1,838085.6,16,63445.8,1,classic,1,66696.0,C
8931,11004,M,1947-11-16,51,1996-01-01,weekly,Vyskov,south Moravia,1996-01-01,1998-12-31,360,1948485.8,1887027.1,36,61459.2,1,classic,1,186300.0,C
3999,4821,F,1939-06-08,59,1993-05-06,monthly,Jablonec n. Nisou,north Bohemia,1993-05-06,1998-12-31,493,1135117.6,1029962.8,68,105154.7,1,classic,0,0.0,
4010,4833,F,1971-02-28,27,1996-08-19,monthly,Sokolov,west Bohemia,1996-08-19,1998-12-31,157,439117.3,370139.8,29,68977.4,1,classic,0,0.0,
1953,2374,M,1968-07-27,30,1997-05-15,weekly,Nymburk,central Bohemia,1997-05-15,1998-12-31,109,945650.9,891727.0,20,53924.1,1,classic,0,0.0,
1970,2395,M,1953-03-11,45,1993-12-08,monthly,Mlada Boleslav,central Bohemia,1993-12-08,1998-12-31,412,1510383.6,1414137.6,61,96245.5,1,classic,0,0.0,
2034,2469,F,1957-09-10,41,1996-08-21,monthly,Brno - mesto,south Moravia,1996-08-21,1998-12-31,158,700783.1,640171.8,29,60611.3,1,classic,0,0.0,
2099,2542,M,1944-12-19,54,1993-01-12,weekly,Beroun,central Bohemia,1993-01-12,1998-12-31,393,2483212.7,2386737.3,72,96474.9,1,classic,0,0.0,
2124,2569,M,1948-04-01,50,1993-02-20,monthly,Jesenik,north Moravia,1993-02-20,1998-12-31,476,1645877.7,1564886.0,71,80990.5,1,classic,0,0.0,
2197,2659,M,1941-05-24,57,1997-07-26,monthly,Nachod,east Bohemia,1997-07-26,1998-12-31,90,264834.5,205687.2,18,59147.2,1,classic,0,0.0,
1900,2308,F,1974-10-31,24,1996-07-27,monthly,Plzen - jih,west Bohemia,1996-07-27,1998-12-31,163,773273.5,724540.4,30,48732.9,1,classic,0,0.0,
2004,2434,F,1945-05-24,53,1996-08-04,monthly,Havlickuv Brod,east Bohemia,1996-08-04,1998-12-31,164,777466.8,681010.4,29,96456.3,1,classic,0,0.0,
2044,2481,M,1948-06-22,50,1994-11-23,monthly,Kutna Hora,central Bohemia,1994-11-23,1998-12-31,266,1005459.6,937090.4,50,68369.0,1,classic,0,0.0,
2086,2529,M,1939-06-22,59,1996-08-09,weekly,Karvina,north Moravia,1996-08-09,1998-12-31,160,1418097.0,1348612.0,29,69484.9,1,classic,0,0.0,
3663,4416,M,1970-12-25,28,1994-11-06,monthly,Bruntal,north Moravia,1994-11-06,1998-12-31,294,1357872.7,1311809.0,50,46063.9,1,classic,0,0.0,
3807,4588,F,1976-11-05,22,1995-09-05,monthly,Blansko,south Moravia,1995-09-05,1998-12-31,226,862580.7,806451.0,40,56129.6,1,junior,0,0.0,
3869,4663,M,1942-10-29,56,1994-09-13,monthly,Olomouc,north Moravia,1994-09-13,1998-12-31,388,2846315.1,2730651.8,52,115662.8,1,classic,0,0.0,
3897,4699,F,1963-11-12,35,1997-04-16,monthly,Rakovnik,central Bohemia,1997-04-16,1998-12-31,108,491718.7,404569.0,21,87149.7,1,classic,0,0.0,
4158,5012,F,1972-09-22,26,1997-09-04,monthly,Plzen - jih,west Bohemia,1997-09-04,1998-12-31,74,463279.9,407392.6,16,55887.1,1,classic,0,0.0,
4159,5013,M,1980-09-15,18,1993-07-09,monthly,Hl.m. Praha,Prague,1993-07-09,1998-12-31,368,507825.5,454590.6,66,53234.8,1,junior,0,0.0,
4318,5200,F,1960-04-23,38,1993-04-13,weekly,Decin,north Bohemia,1993-04-13,1998-12-31,415,3465203.4,3407160.0,69,58043.2,1,classic,0,0.0,
3614,4360,F,1965-07-10,33,1996-08-07,monthly,Prachatice,south Bohemia,1996-08-07,1998-12-31,216,975906.7,891923.4,29,83983.0,1,classic,0,0.0,
3681,4437,F,1961-10-26,37,1997-01-25,monthly,Karvina,north Moravia,1997-01-25,1998-12-31,125,501620.2,428828.8,24,72791.3,1,classic,0,0.0,
3782,4560,M,1963-10-20,35,1997-03-17,weekly,Nymburk,central Bohemia,1997-03-17,1998-12-31,149,686098.6,610401.0,22,75697.5,1,classic,0,0.0,
3956,4772,F,1950-01-29,48,1996-10-28,monthly,Kutna Hora,central Bohemia,1996-10-28,1998-12-31,162,340051.8,271180.6,27,68870.9,1,classic,0,0.0,
4102,4941,F,1979-02-25,19,1996-11-13,monthly,Prostejov,south Moravia,1996-11-13,1998-12-31,46,117589.3,65500.0,25,52089.3,1,junior,0,0.0,
4161,5016,F,1946-01-05,52,1995-02-23,monthly,Hl.m. Praha,Prague,1995-02-23,1998-12-31,218,576705.7,501398.6,47,75306.7,1,classic,0,0.0,
4245,5117,M,1975-03-21,23,1994-05-02,monthly,Usti nad Orlici,east Bohemia,1994-05-02,1998-12-31,295,954383.1,899072.6,56,55310.2,1,junior,0,0.0,
4264,5138,F,1974-08-05,24,1993-12-07,monthly,Jicin,east Bohemia,1993-12-07,1998-12-31,295,1444066.6,1354617.6,61,89448.7,1,junior,0,0.0,
9203,11331,F,1944-12-14,54,1993-02-27,monthly,Karvina,north Moravia,1993-02-27,1998-12-31,540,3303285.7,3212896.6,71,90051.9,1,gold,0,0.0,
570,684,F,1976-04-10,22,1996-11-14,monthly,Beroun,central Bohemia,1996-11-14,1998-12-31,123,267491.9,250425.0,26,17066.6,0,,0,0.0,
608,727,F,1930-07-20,68,1995-03-27,monthly,Ceska Lipa,north Bohemia,1995-03-27,1998-12-31,208,212191.3,188414.0,46,23776.8,0,,0,0.0,
622,747,F,1953-08-20,45,1997-06-22,monthly,Karlovy Vary,west Bohemia,1997-06-22,1998-12-31,131,479624.0,419853.8,19,59770.1,0,,0,0.0,
629,756,M,1920-05-13,78,1994-07-25,monthly,Tachov,west Bohemia,1994-07-25,1998-12-31,304,254129.9,226966.8,54,27162.8,0,,0,0.0,
658,789,M,1931-09-21,67,1996-01-10,monthly,Kladno,central Bohemia,1996-01-10,1998-12-31,167,171100.2,142305.6,36,28794.8,0,,0,0.0,
671,806,M,1980-04-22,18,1997-10-29,monthly,Prostejov,south Moravia,1997-10-29,1998-12-31,55,88466.1,76231.4,15,12234.7,0,,0,0.0,
691,829,M,1957-05-19,41,1996-02-21,monthly,Karlovy Vary,west Bohemia,1996-02-21,1998-12-31,154,199357.4,176901.4,35,22455.7,0,,0,0.0,
697,835,F,1943-10-20,55,1993-02-23,monthly,Plzen - sever,west Bohemia,1993-02-23,1998-12-31,399,1699833.6,1600029.0,71,99804.2,0,,0,0.0,
708,849,F,1939-06-06,59,1996-03-30,monthly,Plzen - mesto,west Bohemia,1996-03-30,1998-11-15,30,39800.0,31000.0,30,8800.0,0,,0,0.0,
712,854,F,1941-11-02,57,1996-12-01,monthly,Olomouc,north Moravia,1996-12-01,1998-12-31,149,1166283.9,1084432.2,25,81851.5,0,,0,0.0,
737,885,M,1923-02-08,75,1993-12-08,monthly,Chomutov,north Bohemia,1993-12-08,1998-12-31,278,280601.6,258099.6,61,22501.4,0,,0,0.0,
771,922,F,1972-08-16,26,1996-01-22,monthly,Domazlice,west Bohemia,1996-01-22,1998-12-31,225,766832.9,731568.0,36,35264.5,0,,0,0.0,
773,925,M,1959-08-13,39,1993-06-19,monthly,Brno - mesto,south Moravia,1993-06-19,1998-12-31,456,974543.9,908899.1,67,65644.4,0,,0,0.0,
791,948,M,1924-04-22,74,1995-12-14,monthly,Semily,east Bohemia,1995-12-14,1998-12-31,162,177833.7,153200.6,37,24632.9,0,,0,0.0,
793,950,F,1965-04-12,33,1993-01-03,monthly,Sumperk,north Moravia,1993-01-03,1998-12-31,497,252050.2,232654.2,72,19396.2,0,,0,0.0,
810,971,F,1919-01-01,79,1995-11-11,monthly,Nachod,east Bohemia,1995-11-11,1998-12-31,185,185464.9,154999.8,38,30465.1,0,,0,0.0,
815,978,F,1968-06-09,30,1993-08-25,monthly,Breclav,south Moravia,1993-08-25,1998-12-31,312,191625.3,175412.4,65,16212.6,0,,0,0.0,
821,987,M,1952-05-20,46,1996-03-16,monthly,Prostejov,south Moravia,1996-03-16,1998-12-31,221,159582.5,138411.8,34,21170.6,0,,0,0.0,
872,1050,F,1971-07-01,27,1997-01-18,monthly,Plzen - jih,west Bohemia,1997-01-18,1998-12-31,123,174375.5,128038.8,24,46336.6,0,,0,0.0,
884,1065,M,1957-11-26,41,1993-12-07,monthly,Benesov,central Bohemia,1993-12-07,1998-12-31,299,212379.6,191631.6,61,20747.7,0,,0,0.0,
894,1077,M,1920-06-23,78,1995-08-27,monthly,Nachod,east Bohemia,1995-08-27,1998-12-31,191,270656.2,254691.0,41,15964.9,0,,0,0.0,
899,1082,M,1967-02-23,31,1993-06-21,monthly,Nymburk,central Bohemia,1993-06-21,1998-12-31,306,1178925.3,1124906.6,67,54018.5,0,,0,0.0,
1701,2066,M,1972-10-27,26,1993-08-10,monthly,Hl.m. Praha,Prague,1993-08-10,1998-12-11,389,2153442.2,2135126.2,65,18315.7,0,,0,0.0,
1723,2089,F,1967-06-09,31,1997-11-04,monthly,Karvina,north Moravia,1997-11-04,1998-12-31,94,353384.1,286691.4,14,66692.6,0,,0,0.0,
1757,2129,M,1962-12-07,36,1995-03-27,monthly,Prerov,north Moravia,1995-03-27,1998-12-31,241,2171371.3,2126488.0,46,44883.1,0,,0,0.0,
1759,2131,F,1975-02-11,23,1996-01-25,monthly,Most,north Bohemia,1996-01-25,1998-12-31,207,389546.6,326838.0,36,62708.7,0,,0,0.0,
1782,2159,F,1930-01-23,68,1993-05-12,monthly,Ostrava - mesto,north Moravia,1993-05-12,1998-12-31,343,449947.3,368708.2,68,81238.6,0,,0,0.0,
1799,2179,F,1939-10-27,59,1996-09-13,monthly,Nymburk,central Bohemia,1996-09-13,1998-12-31,128,145522.7,120047.8,28,25474.8,0,,0,0.0,
1848,2242,F,1976-06-05,22,1994-08-04,monthly,Hl.m. Praha,Prague,1994-08-04,1998-12-31,263,324317.8,296117.8,53,28199.6,0,,0,0.0,
1907,2317,M,1976-02-22,22,1997-03-25,monthly,Hl.m. Praha,Prague,1997-03-25,1998-12-31,130,428275.9,360927.6,22,67348.5,0,,0,0.0,
1908,2318,F,1923-09-19,75,1994-09-13,monthly,Strakonice,south Bohemia,1994-09-13,1998-12-31,267,337297.0,318114.2,52,19182.5,0,,0,0.0,
1917,2327,M,1919-10-27,79,1995-12-13,monthly,Opava,north Moravia,1995-12-13,1998-12-31,160,162159.4,140648.6,37,21510.6,0,,0,0.0,
1931,2345,M,1942-07-19,56,1993-11-23,monthly,Decin,north Bohemia,1993-11-23,1998-12-31,450,666279.9,648768.6,62,17511.1,0,,0,0.0,
1941,2358,F,1946-10-16,52,1993-11-15,monthly,Ostrava - mesto,north Moravia,1993-11-15,1998-12-13,248,1108121.9,1063077.6,62,45044.4,0,,0,0.0,
1948,2368,F,1943-12-22,55,1996-04-08,monthly,Zlin,south Moravia,1996-04-08,1998-12-31,255,1477199.9,1400700.6,33,76499.2,0,,0,0.0,
1950,2371,F,1956-02-07,42,1997-08-01,monthly,Karvina,north Moravia,1997-08-01,1998-12-31,90,242532.2,209314.2,17,33217.9,0,,0,0.0,
1981,2407,M,1975-08-27,23,1993-10-08,monthly,Trutnov,east Bohemia,1993-10-08,1998-12-31,346,209530.1,178367.2,63,31162.4,0,,0,0.0,
2017,2450,F,1975-05-17,23,1996-02-21,monthly,Brno - mesto,south Moravia,1996-02-21,1998-12-31,220,204356.9,190382.4,35,13974.0,0,,0,0.0,
2022,2455,M,1919-11-04,79,1993-06-11,monthly,Olomouc,north Moravia,1993-06-11,1998-12-31,334,319829.5,273361.2,67,46467.6,0,,0,0.0,
2654,3202,M,1922-07-19,76,1994-07-21,monthly,Breclav,south Moravia,1994-07-21,1998-12-31,272,332818.7,314649.8,54,18168.5,0,,0,0.0,
2711,3271,F,1942-01-03,56,1993-05-19,monthly,Jihlava,south Moravia,1993-05-19,1998-12-31,396,1468598.0,1414705.2,68,53892.2,0,,0,0.0,
2718,3282,M,1981-09-02,17,1995-02-05,monthly,Rokycany,west Bohemia,1995-02-05,1998-12-31,224,298653.1,279013.2,47,19639.7,0,,0,0.0,
2792,3372,M,1970-10-30,28,1996-08-26,monthly,Hl.m. Praha,Prague,1996-08-26,1998-12-31,157,147119.7,102983.8,29,44135.9,0,,0,0.0,
2829,3420,M,1979-06-24,19,1997-08-18,monthly,Zdar nad Sazavou,south Moravia,1997-08-18,1998-12-31,84,92883.2,74375.2,17,18508.0,0,,0,0.0,
2830,3421,M,1947-03-05,51,1995-08-04,monthly,Strakonice,south Bohemia,1995-08-04,1998-12-31,274,637370.7,602772.6,41,34597.8,0,,0,0.0,
2888,3490,M,1920-10-16,78,1996-05-23,monthly,Prachatice,south Bohemia,1996-05-23,1998-12-31,162,126565.4,113433.6,32,13131.7,0,,0,0.0,
2896,3500,M,1960-06-07,38,1993-03-30,monthly,Rokycany,west Bohemia,1993-03-30,1998-12-31,398,227954.0,205444.4,70,22509.1,0,,0,0.0,
2997,3619,M,1955-08-09,43,1997-09-09,monthly,Teplice,north Bohemia,1997-09-09,1998-12-31,83,76442.2,47808.6,16,28633.6,0,,0,0.0,
3001,3624,F,1982-02-27,16,1993-03-24,monthly,Hl.m. Praha,Prague,1993-03-24,1998-12-31,433,529731.9,503113.6,70,26618.3,0,,0,0.0,
3013,3639,M,1928-04-17,70,1997-12-09,monthly,Opava,north Moravia,1997-12-09,1998-12-31,55,62772.7,44872.8,13,17899.8,0,,0,0.0,
3096,3745,F,1971-01-19,27,1993-06-29,monthly,Benesov,central Bohemia,1993-06-29,1998-12-31,562,1492348.6,1458627.6,67,33720.5,0,,0,0.0,
3141,3798,F,1954-11-17,44,1995-01-06,weekly,Hl.m. Praha,Prague,1995-01-06,1998-12-31,271,861715.8,759940.0,48,101775.6,0,,0,0.0,
3180,3845,M,1959-05-09,39,1996-06-18,monthly,Hl.m. Praha,Prague,1996-06-18,1998-12-31,189,550397.2,502875.0,31,47522.3,0,,0,0.0,
3275,3964,M,1942-05-07,56,1994-06-29,monthly,Ostrava - mesto,north Moravia,1994-06-29,1998-12-31,347,431150.1,409515.4,55,21634.3,0,,0,0.0,
3087,3734,M,1943-12-02,55,1993-12-04,monthly,Cesky Krumlov,south Bohemia,1993-12-04,1998-12-31,391,181682.9,156318.6,61,25364.1,0,,0,0.0,
3117,3770,F,1925-01-03,73,1993-02-24,monthly,Jablonec n. Nisou,north Bohemia,1993-02-24,1998-12-31,333,381009.5,361099.0,71,19910.3,0,,0,0.0,
3120,3774,M,1922-10-29,76,1996-06-20,monthly,Hl.m. Praha,Prague,1996-06-20,1998-12-31,140,173714.1,147469.0,31,26244.9,0,,0,0.0,
3144,3802,M,1925-07-28,73,1996-03-09,monthly,Bruntal,north Moravia,1996-03-09,1998-12-31,158,203756.9,187922.8,34,15834.2,0,,0,0.0,
3187,3853,F,1980-07-04,18,1997-12-20,monthly,Kromeriz,south Moravia,1997-12-20,1998-12-31,52,42444.1,28916.8,13,13527.2,0,,0,0.0,
3201,3870,F,1971-08-08,27,1994-04-17,monthly,Kladno,central Bohemia,1994-04-17,1998-12-31,373,643055.2,580304.6,57,62750.7,0,,0,0.0,
3208,3880,F,1961-08-24,37,1997-08-04,monthly,Rokycany,west Bohemia,1997-08-04,1998-12-31,95,663323.2,640675.6,17,22647.6,0,,0,0.0,
3250,3930,M,1921-01-17,77,1995-01-06,monthly,Hl.m. Praha,Prague,1995-01-06,1998-12-31,255,277628.2,257687.8,48,19940.1,0,,0,0.0,
3276,3965,M,1963-05-16,35,1997-12-29,monthly,Hl.m. Praha,Prague,1997-12-29,1998-12-31,69,105673.6,62946.2,13,42727.4,0,,0,0.0,
3298,3990,M,1973-02-03,25,1993-08-04,monthly,Rokycany,west Bohemia,1993-08-04,1998-12-31,325,547989.5,498076.0,65,49913.4,0,,0,0.0,
3326,4020,F,1953-03-31,45,1993-11-11,monthly,Jicin,east Bohemia,1993-11-11,1998-12-03,272,2008817.2,2005235.0,62,3582.3,0,,0,0.0,
3346,4046,F,1944-12-18,54,1997-07-25,monthly,Hl.m. Praha,Prague,1997-07-25,1998-12-31,107,443338.8,408393.2,18,34945.6,0,,0,0.0,
3349,4050,M,1948-12-30,50,1996-03-28,monthly,Pardubice,east Bohemia,1996-03-28,1998-12-31,175,664821.3,627137.8,34,37683.4,0,,0,0.0,
3358,4060,F,1954-06-21,44,1996-02-21,monthly,Chrudim,east Bohemia,1996-02-21,1998-12-31,187,114861.8,92643.4,35,22218.3,0,,0,0.0,
3381,4088,F,1948-12-18,50,1997-08-02,monthly,Frydek - Mistek,north Moravia,1997-08-02,1998-12-31,90,361984.0,332667.2,17,29316.7,0,,0,0.0,
3389,4098,M,1938-03-28,60,1996-01-30,monthly,Rakovnik,central Bohemia,1996-01-30,1998-12-31,247,1620339.6,1574323.6,36,46016.1,0,,0,0.0,
3399,4109,M,1953-08-11,45,1996-09-26,monthly,Vyskov,south Moravia,1996-09-26,1998-12-31,209,507530.8,467682.2,28,39848.5,0,,0,0.0,
3411,4124,F,1963-11-10,35,1996-12-17,monthly,Prachatice,south Bohemia,1996-12-17,1998-12-31,126,376224.2,313254.4,25,62969.7,0,,0,0.0,
3469,4192,M,1931-11-21,67,1993-05-22,monthly,Olomouc,north Moravia,1993-05-22,1998-12-31,353,397970.4,369753.2,68,28216.6,0,,0,0.0,
287,349,F,1927-05-27,71,1993-10-27,monthly,Most,north Bohemia,1993-10-27,1998-12-31,357,287812.2,272464.2,63,15347.4,0,,0,0.0,
288,350,F,1925-04-02,73,1995-03-18,monthly,Klatovy,west Bohemia,1995-03-18,1998-12-31,253,244046.9,218628.0,46,25418.4,0,,0,0.0,
332,406,M,1977-05-15,21,1996-01-12,monthly,Liberec,north Bohemia,1996-01-12,1998-12-31,199,175248.3,149408.0,36,25840.1,0,,0,0.0,
366,445,F,1947-04-27,51,1996-10-23,monthly,Hl.m. Praha,Prague,1996-10-23,1998-12-31,210,624069.8,584946.6,27,39123.2,0,,0,0.0,
374,454,F,1949-06-15,49,1993-01-09,monthly,Louny,north Bohemia,1993-01-09,1998-12-31,371,1811590.6,1765911.6,72,45678.2,0,,0,0.0,
383,463,M,1944-04-05,54,1997-05-15,monthly,Louny,north Bohemia,1997-05-15,1998-12-31,75,60184.0,42012.4,20,18171.6,0,,0,0.0,
419,505,M,1977-12-21,21,1993-10-25,monthly,Rakovnik,central Bohemia,1993-10-25,1998-12-31,308,366780.2,340232.2,63,26547.5,0,,0,0.0,
423,509,M,1980-05-02,18,1993-03-28,monthly,Opava,north Moravia,1993-03-28,1998-12-31,333,206432.6,184914.4,70,21518.0,0,,0,0.0,
458,550,M,1961-11-30,37,1995-06-16,monthly,Melnik,central Bohemia,1995-06-16,1998-12-31,239,779372.6,716408.2,43,62964.2,0,,0,0.0,
462,556,M,1946-07-08,52,1993-11-10,monthly,Rokycany,west Bohemia,1993-11-10,1998-12-31,356,1401882.8,1356917.6,62,44964.7,0,,0,0.0,
498,598,M,1970-12-31,28,1993-11-21,monthly,Hl.m. Praha,Prague,1993-11-21,1998-12-31,309,1476144.8,1376117.6,62,100026.8,0,,0,0.0,
500,601,M,1966-03-12,32,1996-04-27,monthly,Breclav,south Moravia,1996-04-27,1998-12-31,206,1027704.7,1006705.0,33,20999.2,0,,0,0.0,
513,616,M,1975-01-01,23,1996-11-21,monthly,Jihlava,south Moravia,1996-11-21,1998-12-31,138,390194.2,322260.0,26,67934.0,0,,0,0.0,
550,663,M,1923-01-20,75,1997-10-17,monthly,Karlovy Vary,west Bohemia,1997-10-17,1998-12-31,69,83415.0,65132.4,15,18282.5,0,,0,0.0,
561,674,F,1927-01-11,71,1996-12-12,monthly,Praha - zapad,central Bohemia,1996-12-12,1998-12-31,137,148487.9,123549.4,25,24938.3,0,,0,0.0,
594,712,M,1962-12-04,36,1994-12-09,monthly,Brno - mesto,south Moravia,1994-12-09,1998-12-31,233,155079.3,131352.4,49,23726.9,0,,0,0.0,
609,729,F,1969-03-17,29,1994-05-15,monthly,Vyskov,south Moravia,1994-05-15,1998-12-31,361,167656.4,141520.0,56,26136.4,0,,0,0.0,
612,735,M,1973-11-26,25,1996-05-27,monthly,Hl.m. Praha,Prague,1996-05-27,1998-12-31,134,91927.0,73761.6,32,18165.5,0,,0,0.0,
684,821,M,1948-05-12,50,1996-05-12,monthly,Semily,east Bohemia,1996-05-12,1998-12-31,137,91833.8,75511.6,32,16322.0,0,,0,0.0,
701,841,M,1981-02-10,17,1993-06-08,monthly,Jesenik,north Moravia,1993-06-08,1998-12-31,344,452777.8,408769.8,67,44007.7,0,,0,0.0,
702,842,F,1933-07-03,65,1993-06-23,monthly,Pribram,central Bohemia,1993-06-23,1998-12-31,298,283097.1,265976.6,67,17120.2,0,,0,0.0,
987,1190,F,1976-04-12,22,1996-08-27,monthly,Cesky Krumlov,south Bohemia,1996-08-27,1998-12-31,159,389006.5,340207.8,29,48798.5,0,,0,0.0,
1031,1238,M,1935-09-01,63,1995-06-20,monthly,Ostrava - mesto,north Moravia,1995-06-20,1998-12-31,320,804343.5,751610.2,43,52733.0,0,,0,0.0,
1102,1323,M,1944-01-06,54,1996-02-19,monthly,Karvina,north Moravia,1996-02-19,1998-12-31,182,296258.0,243654.4,35,52603.6,0,,0,0.0,
1120,1343,F,1939-08-16,59,1993-10-05,monthly,Hl.m. Praha,Prague,1993-10-05,1998-12-31,360,342183.7,312716.2,63,29466.7,0,,0,0.0,
1171,1410,M,1944-02-03,54,1997-12-20,monthly,Pisek,south Bohemia,1997-12-20,1998-12-31,54,224833.3,172206.2,13,52627.1,0,,0,0.0,
1183,1425,M,1968-08-27,30,1995-05-08,monthly,Pribram,central Bohemia,1995-05-08,1998-12-31,268,260397.2,246006.8,44,14390.3,0,,0,0.0,
1201,1450,F,1969-03-17,29,1993-07-23,monthly,Trebic,south Moravia,1993-07-23,1998-12-31,442,1094940.9,1015616.0,66,79324.4,0,,0,0.0,
1235,1490,M,1928-04-20,70,1993-11-23,monthly,Havlickuv Brod,east Bohemia,1993-11-23,1998-12-31,341,269663.4,252518.6,62,17144.7,0,,0,0.0,
1236,1491,M,1982-04-21,16,1993-05-05,monthly,Prachatice,south Bohemia,1993-05-05,1998-12-31,328,395992.3,380169.8,68,15821.7,0,,0,0.0,
1254,1513,M,1959-08-21,39,1995-03-28,monthly,Ostrava - mesto,north Moravia,1995-03-28,1998-12-31,268,1784093.4,1688038.8,46,96054.4,0,,0,0.0,
1275,1539,M,1923-11-19,75,1996-06-26,monthly,Ceska Lipa,north Bohemia,1996-06-26,1998-12-31,146,166433.1,147463.0,31,18969.9,0,,0,0.0,
1297,1569,F,1956-07-17,42,1993-07-27,monthly,Brno - mesto,south Moravia,1993-07-27,1998-12-31,444,1463858.4,1359725.0,66,104132.9,0,,0,0.0,
1303,1577,M,1944-04-19,54,1997-09-08,monthly,Cheb,west Bohemia,1997-09-08,1998-12-31,70,113630.3,73757.0,16,39873.2,0,,0,0.0,
1354,1641,F,1923-01-28,75,1997-06-21,monthly,Tachov,west Bohemia,1997-06-21,1998-12-31,76,85114.2,71969.8,19,13144.3,0,,0,0.0,
1366,1654,M,1963-12-08,35,1993-02-24,monthly,Prostejov,south Moravia,1993-02-24,1998-12-31,534,647162.6,623573.0,71,23589.5,0,,0,0.0,
1371,1659,F,1937-12-15,61,1994-04-27,monthly,Hl.m. Praha,Prague,1994-04-27,1998-12-31,256,263069.6,237372.6,57,25696.6,0,,0,0.0,
1372,1660,F,1982-12-11,16,1993-03-16,monthly,Hl.m. Praha,Prague,1993-03-16,1998-12-31,389,593895.7,570949.0,70,22945.6,0,,0,0.0,
1373,1661,F,1953-04-16,45,1993-06-12,monthly,Pardubice,east Bohemia,1993-06-12,1998-12-31,361,200644.7,184744.6,67,15899.3,0,,0,0.0,
1390,1682,M,1956-09-07,42,1996-12-30,monthly,Jesenik,north Moravia,1996-12-30,1998-12-31,150,311445.5,278297.4,25,33147.7,0,,0,0.0,
1398,1692,M,1972-02-07,26,1994-08-18,monthly,Uherske Hradiste,south Moravia,1994-08-18,1998-12-25,67,67798.0,35800.0,52,31997.9,0,,0,0.0,
1405,1702,F,1973-04-07,25,1996-06-04,monthly,Blansko,south Moravia,1996-06-04,1998-12-31,191,160359.9,121120.6,31,39238.8,0,,0,0.0,
2012,2444,M,1934-08-26,64,1996-04-08,monthly,Kladno,central Bohemia,1996-04-08,1998-12-31,157,220758.7,200766.2,33,19992.3,0,,0,0.0,
2036,2472,F,1976-03-29,22,1997-10-03,monthly,Karvina,north Moravia,1997-10-03,1998-12-31,72,116973.0,77960.6,15,39012.3,0,,0,0.0,
2043,2480,F,1976-12-08,22,1995-11-27,monthly,Nachod,east Bohemia,1995-11-27,1998-12-31,201,295420.6,279645.2,38,15775.1,0,,0,0.0,
2067,2506,M,1976-09-27,22,1994-04-07,monthly,Sumperk,north Moravia,1994-04-07,1998-12-31,294,424387.1,337459.2,57,86927.7,0,,0,0.0,
2077,2519,F,1970-08-06,28,1995-01-04,monthly,Rokycany,west Bohemia,1995-01-04,1998-12-31,235,279476.6,211827.8,48,67648.8,0,,0,0.0,
2133,2579,F,1935-01-02,63,1997-10-07,monthly,Praha - zapad,central Bohemia,1997-10-07,1998-12-31,63,65820.6,48579.0,15,17241.5,0,,0,0.0,
2137,2584,F,1944-12-15,54,1993-08-17,after_transaction,Kladno,central Bohemia,1993-08-17,1998-12-31,332,1423571.8,1354789.0,65,68782.3,0,,0,0.0,
2157,2611,M,1938-11-09,60,1995-11-08,monthly,Vsetin,north Moravia,1995-11-08,1998-12-31,200,578995.5,555623.8,38,23371.6,0,,0,0.0,
2178,2637,M,1935-06-06,63,1995-05-15,monthly,Zlin,south Moravia,1995-05-15,1998-12-31,252,1079426.8,1020215.8,44,59210.8,0,,0,0.0,
2208,2672,F,1940-03-26,58,1997-07-02,monthly,Melnik,central Bohemia,1997-07-02,1998-12-31,77,59428.3,41627.8,18,17800.3,0,,0,0.0,
2222,2691,M,1964-05-17,34,1993-05-01,monthly,Pardubice,east Bohemia,1993-05-01,1998-12-31,343,1916704.2,1816452.6,68,100251.4,0,,0,0.0,
2264,2741,F,1930-11-29,68,1996-11-22,monthly,Usti nad Labem,north Bohemia,1996-11-22,1998-12-31,111,122347.3,86292.0,26,36055.3,0,,0,0.0,
2319,2806,F,1955-07-01,43,1996-07-02,monthly,Jihlava,south Moravia,1996-07-02,1998-12-31,152,893816.0,838788.2,30,55028.0,0,,0,0.0,
2374,2869,M,1975-08-05,23,1995-12-07,monthly,Hl.m. Praha,Prague,1995-12-07,1998-12-31,164,132342.7,103260.2,37,29082.3,0,,0,0.0,
2422,2926,M,1934-02-11,64,1997-08-29,monthly,Plzen - jih,west Bohemia,1997-08-29,1998-12-31,70,99300.2,66148.6,17,33151.7,0,,0,0.0,
2447,2954,F,1959-08-12,39,1997-07-14,monthly,Louny,north Bohemia,1997-07-14,1998-12-31,93,243601.3,196552.8,18,47048.3,0,,0,0.0,
2521,3043,F,1951-11-15,47,1995-05-19,monthly,Vyskov,south Moravia,1995-05-19,1998-12-31,248,1140486.8,1060130.8,44,80355.4,0,,0,0.0,
2536,3062,F,1930-08-22,68,1994-10-28,monthly,Usti nad Labem,north Bohemia,1994-10-28,1998-12-31,252,317198.4,288683.0,51,28515.0,0,,0,0.0,
2570,3101,M,1941-12-13,57,1995-12-19,monthly,Hl.m. Praha,Prague,1995-12-19,1998-12-31,168,113369.4,95083.6,37,18285.5,0,,0,0.0,
2578,3110,M,1931-02-27,67,1996-03-25,monthly,Brno - mesto,south Moravia,1996-03-25,1998-12-31,143,143893.8,123916.8,34,19976.7,0,,0,0.0,
2583,3117,F,1941-06-22,57,1993-05-11,monthly,Uherske Hradiste,south Moravia,1993-05-11,1998-12-11,115,112554.9,34500.0,67,78055.3,0,,0,0.0,
2593,3129,F,1946-08-01,52,1996-07-06,monthly,Kolin,central Bohemia,1996-07-06,1998-12-31,174,636327.6,591245.0,30,45082.5,0,,0,0.0,
2603,3141,F,1925-11-09,73,1996-06-14,monthly,Nymburk,central Bohemia,1996-06-14,1998-12-31,138,165247.9,134215.0,31,31033.0,0,,0,0.0,
2607,3146,M,1948-07-15,50,1997-08-19,monthly,Hl.m. Praha,Prague,1997-08-19,1998-12-31,111,191787.4,171180.6,17,20606.6,0,,0,0.0,
2614,3155,F,1973-04-08,25,1996-09-11,monthly,Chrudim,east Bohemia,1996-09-11,1998-12-31,124,92827.5,77681.8,28,15145.5,0,,0,0.0,
3094,3742,F,1961-11-27,37,1993-12-20,monthly,Breclav,south Moravia,1993-12-20,1998-12-31,491,1012860.7,965896.0,61,46964.2,0,,0,0.0,
3156,3816,M,1966-01-26,32,1997-11-16,after_transaction,Hl.m. Praha,Prague,1997-11-16,1998-12-31,59,468617.1,405187.0,14,63430.1,0,,0,0.0,
3188,3854,M,1959-08-30,39,1997-02-20,monthly,Karlovy Vary,west Bohemia,1997-02-20,1998-12-31,113,378361.3,360962.2,23,17399.2,0,,0,0.0,
3203,3873,F,1960-12-16,38,1995-08-07,monthly,Cheb,west Bohemia,1995-08-07,1998-12-31,195,133306.9,120281.6,41,13025.0,0,,0,0.0,
3226,3902,F,1949-12-20,49,1994-08-28,monthly,Znojmo,south Moravia,1994-08-28,1998-12-31,337,305500.3,279690.2,53,25809.5,0,,0,0.0,
3251,3932,M,1939-10-06,59,1995-05-18,monthly,Kromeriz,south Moravia,1995-05-18,1998-12-31,188,134805.7,99723.8,44,35081.7,0,,0,0.0,
3287,3978,M,1970-12-15,28,1993-07-26,monthly,Pisek,south Bohemia,1993-07-26,1998-12-31,384,1557410.1,1504156.0,66,53254.0,0,,0,0.0,
3301,3993,F,1980-03-07,18,1996-04-25,monthly,Ceske Budejovice,south Bohemia,1996-04-25,1998-12-31,170,576356.4,563762.2,33,12594.2,0,,0,0.0,
3392,4101,F,1970-05-07,28,1995-06-08,monthly,Hl.m. Praha,Prague,1995-06-08,1998-12-31,227,475111.4,435456.8,43,39654.4,0,,0,0.0,
3398,4108,F,1926-01-26,72,1997-04-15,monthly,Hradec Kralove,east Bohemia,1997-04-15,1998-12-31,92,120053.4,94559.0,21,25494.2,0,,0,0.0,
3431,4147,M,1972-12-23,26,1996-09-21,monthly,Zlin,south Moravia,1996-09-21,1998-12-31,146,623441.3,593208.2,28,30232.9,0,,0,0.0,
3454,4176,M,1922-08-31,76,1996-10-17,monthly,Ceska Lipa,north Bohemia,1996-10-17,1998-12-31,124,173842.1,155334.6,27,18507.1,0,,0,0.0,
3464,4187,F,1967-08-28,31,1995-05-05,monthly,Klatovy,west Bohemia,1995-05-05,1998-12-31,288,415377.4,359049.4,44,56327.6,0,,0,0.0,
3491,4219,F,1944-01-04,54,1996-07-27,monthly,Trutnov,east Bohemia,1996-07-27,1998-12-31,217,608618.9,584525.4,30,24093.6,0,,0,0.0,
3510,4238,F,1971-04-26,27,1993-01-07,monthly,Usti nad Labem,north Bohemia,1993-01-07,1998-12-31,400,2833426.6,2785896.8,72,47529.7,0,,0,0.0,
3512,4240,F,1960-10-21,38,1996-05-11,monthly,Nachod,east Bohemia,1996-05-11,1998-11-27,40,37650.2,23400.0,29,14249.9,0,,0,0.0,
3515,4244,F,1922-08-12,76,1996-06-16,monthly,Frydek - Mistek,north Moravia,1996-06-16,1998-12-31,125,133403.9,117843.0,31,15560.6,0,,0,0.0,
3572,4310,F,1925-05-30,73,1995-11-12,monthly,Znojmo,south Moravia,1995-11-12,1998-12-31,189,240851.2,204593.8,38,36257.3,0,,0,0.0,
3621,4368,F,1977-10-21,21,1994-12-25,monthly,Ceska Lipa,north Bohemia,1994-12-25,1998-12-31,258,471778.5,450644.8,49,21132.8,0,,0,0.0,
3635,4384,F,1973-01-12,25,1997-05-04,monthly,Praha - vychod,central Bohemia,1997-05-04,1998-12-31,115,99515.0,83677.0,20,15838.1,0,,0,0.0,
3640,4389,F,1926-07-01,72,1993-11-05,monthly,Praha - vychod,central Bohemia,1993-11-05,1998-12-31,314,406088.4,381762.2,62,24326.5,0,,0,0.0,
3952,4767,F,1918-09-21,80,1996-03-08,monthly,Plzen - mesto,west Bohemia,1996-03-08,1998-12-31,189,221910.7,201783.8,34,20126.7,0,,0,0.0,
4069,4904,F,1961-04-19,37,1996-11-17,monthly,Louny,north Bohemia,1996-11-17,1998-12-31,114,167241.4,91492.0,26,75749.5,0,,0,0.0,
4091,4928,M,1976-02-09,22,1997-08-04,monthly,Nymburk,central Bohemia,1997-08-04,1998-12-31,105,285083.7,238571.2,17,46512.3,0,,0,0.0,
4119,4959,M,1979-04-25,19,1993-10-18,monthly,Vsetin,north Moravia,1993-10-18,1998-12-31,317,337983.9,289182.2,63,48801.5,0,,0,0.0,
4171,5028,M,1976-04-10,22,1993-06-12,monthly,Plzen - sever,west Bohemia,1993-06-12,1998-12-31,359,1998512.6,1966365.6,67,32146.3,0,,0,0.0,
4263,5137,M,1979-05-05,19,1995-07-17,monthly,Kolin,central Bohemia,1995-07-17,1998-12-13,126,317430.8,277762.8,42,39668.1,0,,0,0.0,
4383,5281,M,1941-12-24,57,1996-11-10,monthly,Opava,north Moravia,1996-11-10,1998-12-31,184,1138523.5,1064138.6,26,74384.6,0,,0,0.0,
4537,5472,M,1956-05-10,42,1996-07-18,weekly,Blansko,south Moravia,1996-07-18,1998-12-31,157,931042.7,879127.0,30,51915.4,0,,0,0.0,
4589,5531,M,1979-05-15,19,1995-05-22,monthly,Kladno,central Bohemia,1995-05-22,1998-12-31,210,267798.4,250838.5,44,16960.0,0,,0,0.0,
4743,5722,F,1959-10-07,39,1993-05-05,monthly,Zlin,south Moravia,1993-05-05,1998-12-31,429,2871757.9,2780287.5,68,91470.2,0,,0,0.0,
5372,6485,F,1962-05-21,36,1993-05-08,monthly,Rychnov nad Kneznou,east Bohemia,1993-05-08,1998-12-31,348,2440709.1,2349548.3,68,91160.3,0,,0,0.0,
5692,6886,F,1942-03-13,56,1996-02-25,monthly,Zdar nad Sazavou,south Moravia,1996-02-25,1998-12-31,151,561627.8,526909.2,35,34718.3,0,,0,0.0,
5758,6967,M,1953-12-17,45,1997-07-28,monthly,Chrudim,east Bohemia,1997-07-28,1998-12-31,134,639208.3,584612.6,18,54595.6,0,,0,0.0,
1013,1217,M,1937-04-17,61,1996-05-13,monthly,Kromeriz,south Moravia,1996-05-13,1998-12-31,137,98896.7,75616.6,32,23279.9,0,,0,0.0,
1021,1225,M,1946-08-21,52,1996-11-17,monthly,Havlickuv Brod,east Bohemia,1996-11-17,1998-12-31,103,87270.5,62861.0,26,24409.6,0,,0,0.0,
1027,1233,M,1942-10-22,56,1997-07-18,monthly,Frydek - Mistek,north Moravia,1997-07-18,1998-12-31,78,77003.4,55589.2,18,21413.9,0,,0,0.0,
1059,1272,M,1944-04-15,54,1995-05-30,monthly,Mlada Boleslav,central Bohemia,1995-05-30,1998-12-31,238,142006.6,127928.8,44,14077.6,0,,0,0.0,
1075,1290,M,1976-01-29,22,1995-07-13,monthly,Jablonec n. Nisou,north Bohemia,1995-07-13,1998-12-31,255,355181.7,301529.6,42,53651.8,0,,0,0.0,
1110,1331,M,1963-11-24,35,1997-07-10,monthly,Brno - mesto,south Moravia,1997-07-10,1998-12-31,91,282633.5,216426.2,18,66207.1,0,,0,0.0,
1124,1349,F,1968-01-07,30,1996-06-02,monthly,Plzen - mesto,west Bohemia,1996-06-02,1998-12-31,261,1680063.3,1603424.2,31,76639.0,0,,0,0.0,
1238,1493,M,1922-12-29,76,1995-10-29,monthly,Hl.m. Praha,Prague,1995-10-29,1998-12-31,185,237315.9,194559.8,39,42756.0,0,,0,0.0,
1301,1574,M,1979-02-18,19,1994-09-15,monthly,Pisek,south Bohemia,1994-09-15,1998-12-31,133,246444.1,229473.4,52,16969.9,0,,0,0.0,
1348,1633,F,1972-08-28,26,1997-11-12,monthly,Brno - venkov,south Moravia,1997-11-12,1998-12-31,80,154650.7,102325.8,14,52325.0,0,,0,0.0,
1352,1639,F,1959-05-01,39,1994-09-23,monthly,Hl.m. Praha,Prague,1994-09-23,1998-12-31,432,1388907.6,1325489.6,52,63418.1,0,,0,0.0,
1377,1666,M,1941-08-31,57,1996-09-25,monthly,Hl.m. Praha,Prague,1996-09-25,1998-12-31,122,94382.1,79357.2,28,15025.0,0,,0,0.0,
1391,1683,F,1951-12-24,47,1996-12-21,monthly,Cesky Krumlov,south Bohemia,1996-12-21,1998-12-31,131,424906.6,382017.4,25,42889.0,0,,0,0.0,
1420,1722,M,1933-10-01,65,1995-06-08,monthly,Frydek - Mistek,north Moravia,1995-06-08,1998-12-31,217,229001.8,186696.8,43,42305.1,0,,0,0.0,
1427,1731,F,1968-11-30,30,1995-10-08,monthly,Pelhrimov,south Bohemia,1995-10-08,1998-12-31,210,532917.6,479265.8,39,53651.5,0,,0,0.0,
1435,1742,M,1954-06-06,44,1996-12-01,monthly,Hl.m. Praha,Prague,1996-12-01,1998-12-31,135,616738.7,562321.0,25,54417.4,0,,0,0.0,
1473,1785,M,1975-11-25,23,1996-04-16,monthly,Most,north Bohemia,1996-04-16,1998-12-31,141,97776.5,77572.2,33,20204.2,0,,0,0.0,
1488,1803,F,1946-05-12,52,1997-04-29,monthly,Klatovy,west Bohemia,1997-04-29,1998-12-31,122,249824.1,218169.0,21,31654.9,0,,0,0.0,
1492,1809,M,1931-05-12,67,1996-10-17,monthly,Karlovy Vary,west Bohemia,1996-10-17,1998-12-31,113,125614.5,96388.6,27,29226.0,0,,0,0.0,
1503,1822,F,1922-09-13,76,1996-04-10,monthly,Novy Jicin,north Moravia,1996-04-10,1998-12-31,141,154679.4,133242.2,33,21436.8,0,,0,0.0,
1517,1839,F,1936-12-18,62,1996-08-24,monthly,Kolin,central Bohemia,1996-08-24,1998-12-31,127,130548.1,114528.8,29,16019.2,0,,0,0.0,
1520,1843,F,1939-01-25,59,1995-08-08,monthly,Rychnov nad Kneznou,east Bohemia,1995-08-08,1998-12-31,208,245007.5,204579.0,41,40428.3,0,,0,0.0,
1564,1896,M,1982-02-08,16,1996-03-05,monthly,Rychnov nad Kneznou,east Bohemia,1996-03-05,1998-12-31,203,262607.9,223202.6,34,39405.3,0,,0,0.0,
1574,1907,F,1928-09-08,70,1997-05-28,monthly,Prerov,north Moravia,1997-05-28,1998-12-31,74,79319.1,50394.4,20,28924.6,0,,0,0.0,
3254,3936,F,1962-04-08,36,1995-08-27,monthly,Liberec,north Bohemia,1995-08-27,1998-12-31,222,370976.3,354395.0,41,16581.2,0,,0,0.0,
3282,3973,F,1982-08-20,16,1996-11-24,monthly,Hl.m. Praha,Prague,1996-11-24,1998-12-31,139,154650.2,94371.2,26,60279.1,0,,0,0.0,
3289,3980,M,1953-07-13,45,1994-06-02,monthly,Hl.m. Praha,Prague,1994-06-02,1998-12-31,374,791691.0,733670.0,55,58020.9,0,,0,0.0,
3299,3991,M,1967-05-17,31,1997-05-16,weekly,Praha - zapad,central Bohemia,1997-05-16,1998-12-31,80,407558.7,379811.0,20,27748.0,0,,0,0.0,
3318,4011,F,1957-12-19,41,1996-06-25,monthly,Uherske Hradiste,south Moravia,1996-06-25,1998-12-31,181,90160.2,76641.0,31,13518.9,0,,0,0.0,
3321,4014,M,1980-09-06,18,1995-04-18,monthly,Pelhrimov,south Bohemia,1995-04-18,1998-12-31,270,392059.0,351613.2,45,40445.7,0,,0,0.0,
3350,4051,M,1949-10-06,49,1996-07-13,monthly,Ostrava - mesto,north Moravia,1996-07-13,1998-12-31,139,269238.7,235834.4,30,33403.9,0,,0,0.0,
3427,4142,M,1960-06-11,38,1996-08-23,monthly,Liberec,north Bohemia,1996-08-23,1998-12-31,146,735635.9,635324.8,29,100310.7,0,,0,0.0,
3430,4146,F,1955-06-13,43,1996-12-10,monthly,Nymburk,central Bohemia,1996-12-10,1998-12-31,129,143389.8,93492.0,25,49897.7,0,,0,0.0,
3440,4161,F,1972-09-09,26,1995-09-22,monthly,Domazlice,west Bohemia,1995-09-22,1998-12-31,311,752543.2,671095.4,40,81447.9,0,,0,0.0,
3474,4198,F,1954-10-17,44,1995-07-12,monthly,Cheb,west Bohemia,1995-07-12,1998-12-31,278,142402.9,122004.2,42,20398.2,0,,0,0.0,
3497,4225,M,1977-08-08,21,1994-08-02,monthly,Sumperk,north Moravia,1994-08-02,1998-12-31,407,1136254.3,1053200.8,53,83053.4,0,,0,0.0,
3508,4236,F,1962-01-17,36,1996-09-12,monthly,Havlickuv Brod,east Bohemia,1996-09-12,1998-12-31,127,604595.0,551021.2,28,53573.6,0,,0,0.0,
3513,4241,F,1950-03-30,48,1993-03-03,monthly,Strakonice,south Bohemia,1993-03-03,1998-12-31,449,1470820.8,1391589.0,70,79231.2,0,,0,0.0,
3550,4284,M,1946-11-26,52,1996-07-04,monthly,Frydek - Mistek,north Moravia,1996-07-04,1998-12-31,204,457721.0,418135.0,30,39585.7,0,,0,0.0,
3603,4346,F,1973-09-20,25,1997-09-17,monthly,Beroun,central Bohemia,1997-09-17,1998-12-31,71,312737.4,239576.0,16,73161.3,0,,0,0.0,
3622,4369,M,1965-06-15,33,1994-10-15,monthly,Blansko,south Moravia,1994-10-15,1998-12-31,305,1367876.9,1332611.6,51,35265.1,0,,0,0.0,
6511,7863,M,1959-03-12,39,1994-06-10,monthly,Olomouc,north Moravia,1994-06-10,1998-12-31,276,1530887.2,1521352.0,55,9534.7,0,,0,0.0,
6636,8013,M,1942-06-22,56,1993-08-04,weekly,Hradec Kralove,east Bohemia,1993-08-04,1998-12-31,430,1919887.9,1831242.6,65,88645.1,0,,0,0.0,
7520,9313,F,1960-04-17,38,1996-03-29,monthly,Nymburk,central Bohemia,1996-03-29,1998-12-31,175,592051.2,603071.8,34,-11020.4,0,,0,0.0,
10710,13171,F,1950-06-26,48,1995-10-30,monthly,Prachatice,south Bohemia,1995-10-30,1998-12-31,199,721410.3,660663.8,39,60746.6,0,,0,0.0,
35,43,M,1920-10-28,78,1993-07-07,monthly,Prerov,north Moravia,1993-07-07,1998-12-31,379,359352.1,338610.0,66,20742.1,0,,0,0.0,
54,63,M,1959-06-04,39,1995-05-02,monthly,Kladno,central Bohemia,1995-05-02,1998-12-31,210,154795.2,127979.4,44,26815.6,0,,0,0.0,
62,72,M,1923-01-13,75,1993-03-28,monthly,Pardubice,east Bohemia,1993-03-28,1998-12-31,356,357756.1,341069.4,70,16686.1,0,,0,0.0,
64,75,F,1977-09-19,21,1997-03-11,monthly,Zlin,south Moravia,1997-03-11,1998-12-01,44,119829.8,98100.0,22,21730.1,0,,0,0.0,
85,101,M,1943-01-23,55,1997-03-23,monthly,Frydek - Mistek,north Moravia,1997-03-23,1998-12-31,108,181593.1,129580.6,22,52012.4,0,,0,0.0,
165,199,M,1923-06-21,75,1993-06-01,monthly,Rokycany,west Bohemia,1993-06-01,1998-12-31,372,469926.3,408341.2,67,61584.7,0,,0,0.0,
168,203,M,1962-06-10,36,1993-04-27,monthly,Tachov,west Bohemia,1993-04-27,1998-12-31,329,210333.6,194551.8,69,15781.7,0,,0,0.0,
189,229,M,1969-07-22,29,1997-04-16,monthly,Sumperk,north Moravia,1997-04-16,1998-12-31,141,467112.4,395843.0,21,71269.3,0,,0,0.0,
194,235,F,1943-08-28,55,1996-08-01,monthly,Chrudim,east Bohemia,1996-08-01,1998-12-31,164,156082.4,133050.4,29,23031.9,0,,0,0.0,
205,247,M,1957-05-08,41,1997-10-08,monthly,Hl.m. Praha,Prague,1997-10-08,1998-12-31,71,133663.1,88396.0,15,45267.0,0,,0,0.0,
224,269,F,1923-12-03,75,1996-10-27,monthly,Cesky Krumlov,south Bohemia,1996-10-27,1998-12-31,122,152937.0,133582.6,27,19354.2,0,,0,0.0,
229,275,F,1918-11-12,80,1997-06-07,monthly,Hl.m. Praha,Prague,1997-06-07,1998-12-31,89,106841.9,82629.4,19,24212.4,0,,0,0.0,
235,284,M,1974-08-06,24,1993-10-06,monthly,Praha - vychod,central Bohemia,1993-10-06,1998-12-31,368,215453.7,199120.8,63,16332.7,0,,0,0.0,
237,287,M,1980-09-09,18,1994-03-25,monthly,Svitavy,east Bohemia,1994-03-25,1998-12-31,314,169967.7,155299.2,58,14668.1,0,,0,0.0,
255,308,F,1976-06-12,22,1996-11-03,monthly,Frydek - Mistek,north Moravia,1996-11-03,1998-12-31,154,1095428.5,993894.6,26,101533.5,0,,0,0.0,
323,394,F,1924-05-18,74,1997-02-23,monthly,Usti nad Orlici,east Bohemia,1997-02-23,1998-12-31,104,152195.2,132438.2,23,19756.9,0,,0,0.0,
326,398,F,1925-03-26,73,1997-08-06,monthly,Trebic,south Moravia,1997-08-06,1998-12-31,85,93453.7,75129.2,17,18324.2,0,,0,0.0,
341,418,M,1966-10-13,32,1996-11-19,monthly,Plzen - sever,west Bohemia,1996-11-19,1998-12-31,106,424293.2,409992.0,26,14301.1,0,,0,0.0,
379,459,F,1967-07-23,31,1996-05-18,monthly,Ceska Lipa,north Bohemia,1996-05-18,1998-12-31,248,137402.6,123507.6,32,13894.7,0,,0,0.0,
409,494,M,1980-05-19,18,1996-06-11,monthly,Hl.m. Praha,Prague,1996-06-11,1998-12-31,164,354316.8,313125.0,31,41191.6,0,,0,0.0,
444,535,M,1937-09-09,61,1996-05-09,monthly,Plzen - mesto,west Bohemia,1996-05-09,1998-12-31,165,276141.6,229357.2,32,46784.0,0,,0,0.0,
496,596,M,1948-10-24,50,1993-02-26,monthly,Jesenik,north Moravia,1993-02-26,1998-12-31,401,523118.8,486301.0,71,36817.4,0,,0,0.0,
517,621,M,1939-03-17,59,1993-09-22,monthly,Brno - mesto,south Moravia,1993-09-22,1998-12-31,357,1655627.8,1567251.8,64,88375.3,0,,0,0.0,
2212,2677,M,1922-05-24,76,1996-02-12,monthly,Decin,north Bohemia,1996-02-12,1998-12-31,160,188246.7,159504.0,35,28742.6,0,,0,0.0,
2213,2679,M,1938-09-30,60,1993-07-11,monthly,Hl.m. Praha,Prague,1993-07-11,1998-12-31,384,758052.6,727109.0,66,30943.0,0,,0,0.0,
2241,2714,F,1970-03-06,28,1993-02-08,monthly,Kutna Hora,central Bohemia,1993-02-08,1998-12-31,541,943379.3,879389.0,71,63989.9,0,,0,0.0,
2275,2755,F,1970-03-23,28,1996-09-16,monthly,Hl.m. Praha,Prague,1996-09-16,1998-12-31,129,396188.8,351834.2,28,44354.4,0,,0,0.0,
2276,2756,F,1919-09-28,79,1993-10-22,monthly,Tachov,west Bohemia,1993-10-22,1998-12-31,314,305590.6,254822.2,63,50768.5,0,,0,0.0,
2302,2786,M,1951-11-02,47,1993-09-10,monthly,Karlovy Vary,west Bohemia,1993-09-10,1998-12-31,413,884716.9,856754.4,64,27962.2,0,,0,0.0,
2336,2824,M,1941-09-05,57,1993-07-08,monthly,Most,north Bohemia,1993-07-08,1998-12-31,376,450570.3,412228.6,66,38341.2,0,,0,0.0,
2353,2844,M,1962-11-19,36,1995-09-21,monthly,Trutnov,east Bohemia,1995-09-21,1998-12-31,247,680052.8,604996.4,40,75056.0,0,,0,0.0,
2383,2878,M,1947-04-17,51,1996-08-05,monthly,Frydek - Mistek,north Moravia,1996-08-05,1998-12-31,202,393842.5,348009.4,29,45832.8,0,,0,0.0,
2384,2879,M,1977-01-10,21,1994-12-23,monthly,Teplice,north Bohemia,1994-12-23,1998-12-31,235,2502887.2,2434731.8,49,68155.4,0,,0,0.0,
2388,2883,M,1953-02-26,45,1993-06-09,monthly,Sokolov,west Bohemia,1993-06-09,1998-12-31,301,236938.0,204586.6,67,32351.7,0,,0,0.0,
2417,2920,F,1962-06-23,36,1993-08-20,monthly,Chrudim,east Bohemia,1993-08-20,1998-12-31,376,361076.1,341481.4,65,19594.7,0,,0,0.0,
2435,2941,M,1951-03-12,47,1993-11-01,monthly,Louny,north Bohemia,1993-11-01,1998-12-31,371,2378003.2,2324006.8,62,53996.4,0,,0,0.0,
2469,2980,M,1974-06-14,24,1996-02-05,monthly,Praha - zapad,central Bohemia,1996-02-05,1998-12-31,154,115679.4,95403.4,35,20276.0,0,,0,0.0,
2485,3000,F,1928-04-02,70,1997-08-18,monthly,Usti nad Labem,north Bohemia,1997-08-18,1998-12-31,60,66372.7,40778.6,17,25593.9,0,,0,0.0,
2502,3020,F,1942-08-27,56,1996-10-21,monthly,Ceska Lipa,north Bohemia,1996-10-21,1998-12-31,115,177875.6,151496.6,27,26379.1,0,,0,0.0,
2520,3042,F,1968-02-14,30,1995-07-25,monthly,Pisek,south Bohemia,1995-07-25,1998-12-31,194,164386.4,143535.6,42,20850.8,0,,0,0.0,
2524,3046,F,1925-01-22,73,1994-12-19,monthly,Hl.m. Praha,Prague,1994-12-19,1998-12-31,238,304609.2,278847.8,49,25761.6,0,,0,0.0,
2542,3069,M,1943-10-23,55,1993-08-07,monthly,Tabor,south Bohemia,1993-08-07,1998-12-31,489,452143.5,436056.0,65,16087.2,0,,0,0.0,
3830,4615,M,1951-07-31,47,1997-04-20,monthly,Breclav,south Moravia,1997-04-20,1998-12-31,112,371119.0,347966.0,21,23153.2,0,,0,0.0,
3837,4624,F,1966-05-24,32,1993-08-26,after_transaction,Rychnov nad Kneznou,east Bohemia,1993-08-26,1998-12-31,330,1052187.3,1016098.0,65,36089.1,0,,0,0.0,
3845,4636,M,1977-09-22,21,1995-05-14,monthly,Rychnov nad Kneznou,east Bohemia,1995-05-14,1998-12-31,245,1160933.8,1116228.8,44,44704.8,0,,0,0.0,
3870,4664,M,1921-08-05,77,1997-01-08,monthly,Louny,north Bohemia,1997-01-08,1998-12-31,111,134655.0,121147.4,24,13507.4,0,,0,0.0,
3902,4705,M,1955-09-12,43,1995-08-08,monthly,Hl.m. Praha,Prague,1995-08-08,1998-12-31,259,458045.1,439151.0,41,18894.0,0,,0,0.0,
3920,4727,F,1970-11-23,28,1993-09-01,monthly,Ostrava - mesto,north Moravia,1993-09-01,1998-12-31,293,1824412.9,1754992.4,64,69420.4,0,,0,0.0,
3939,4750,M,1962-04-04,36,1993-07-08,monthly,Karvina,north Moravia,1993-07-08,1998-12-31,384,603169.6,575273.0,66,27896.3,0,,0,0.0,
3968,4787,M,1962-03-12,36,1996-01-01,monthly,Liberec,north Bohemia,1996-01-01,1998-12-31,171,692967.6,587652.6,36,105315.0,0,,0,0.0,
3969,4788,F,1980-04-27,18,1993-06-20,monthly,Most,north Bohemia,1993-06-20,1998-12-31,352,1268602.6,1245729.6,67,22872.4,0,,0,0.0,
3971,4790,M,1946-02-09,52,1997-03-13,monthly,Prerov,north Moravia,1997-03-13,1998-12-31,166,606189.5,553766.8,22,52422.6,0,,0,0.0,
3995,4817,M,1969-09-04,29,1995-08-27,monthly,Pribram,central Bohemia,1995-08-27,1998-12-31,297,456232.5,395459.0,41,60773.6,0,,0,0.0,
3996,4818,M,1932-03-13,66,1997-06-22,monthly,Hl.m. Praha,Prague,1997-06-22,1998-12-31,89,122273.4,86333.8,19,35939.5,0,,0,0.0,
4240,5111,M,1959-12-12,39,1993-02-08,monthly,Svitavy,east Bohemia,1993-02-08,1998-12-08,362,2164214.8,2119137.0,71,45077.3,0,,0,0.0,
4254,5127,F,1975-04-05,23,1993-05-04,monthly,Decin,north Bohemia,1993-05-04,1998-12-31,310,506097.1,483319.8,68,22776.7,0,,0,0.0,
4375,5273,M,1959-01-10,39,1996-10-28,monthly,Most,north Bohemia,1996-10-28,1998-12-31,142,1371957.6,1308194.6,27,63762.9,0,,0,0.0,
4484,5409,M,1948-03-25,50,1993-02-03,monthly,Cesky Krumlov,south Bohemia,1993-02-03,1998-12-31,387,2427934.0,2345930.4,71,82003.5,0,,0,0.0,
4514,5445,M,1952-09-16,46,1993-12-18,monthly,Jesenik,north Moravia,1993-12-18,1998-12-31,330,3214507.2,3115366.0,61,99141.2,0,,0,0.0,
1862,2259,F,1950-01-02,48,1995-04-15,weekly,Prachatice,south Bohemia,1995-04-15,1998-12-31,275,1937053.9,1861501.2,45,75553.3,1,classic,1,396120.0,C
3112,3763,F,1977-08-12,21,1994-08-12,monthly,Louny,north Bohemia,1994-08-12,1998-12-31,439,2450558.4,2372729.6,53,77827.5,1,junior,1,123216.0,C
2227,2698,F,1970-10-07,28,1994-05-22,weekly,Tachov,west Bohemia,1994-05-22,1998-12-31,420,2758557.9,2703585.8,56,54972.6,1,classic,1,92976.0,A
2262,2739,M,1950-01-26,48,1997-02-08,monthly,Rakovnik,central Bohemia,1997-02-08,1998-12-31,162,1331835.5,1220621.0,23,111214.2,1,classic,1,230220.0,C
4423,5333,F,1967-05-29,31,1995-04-26,monthly,Most,north Bohemia,1995-04-26,1998-12-31,335,1390692.4,1321845.8,45,68846.2,1,classic,1,73836.0,A
5196,6275,M,1956-12-30,42,1997-06-29,weekly,Rakovnik,central Bohemia,1997-06-29,1998-12-31,130,857189.3,840235.0,19,16954.3,1,classic,1,79824.0,A
6030,7286,F,1970-02-10,28,1993-08-24,monthly,Pardubice,east Bohemia,1993-08-24,1998-12-31,353,1430195.3,1354449.4,65,75745.7,1,gold,1,28248.0,A
6930,8366,F,1960-05-21,38,1993-09-08,monthly,Usti nad Labem,north Bohemia,1993-09-08,1998-12-31,357,1696188.8,1628405.4,64,67783.5,1,classic,1,25944.0,A
7614,9427,F,1970-11-09,28,1995-02-08,monthly,Uherske Hradiste,south Moravia,1995-02-08,1998-12-31,283,2016159.3,1959963.3,47,56197.3,1,classic,1,320592.0,C
7859,9717,F,1952-11-10,46,1995-03-14,monthly,Usti nad Orlici,east Bohemia,1995-03-14,1998-12-31,260,1792173.8,1667631.4,46,124542.5,1,gold,1,72120.0,A
10065,12378,F,1946-08-27,52,1996-03-30,monthly,Sumperk,north Moravia,1996-03-30,1998-12-31,263,2142227.2,2048794.5,34,93433.2,1,classic,1,311232.0,C
10079,12396,F,1970-01-17,28,1993-05-06,monthly,Uherske Hradiste,south Moravia,1993-05-06,1998-12-31,438,2670357.5,2647978.2,68,22377.2,1,classic,1,167100.0,C
10411,12810,M,1964-10-14,34,1995-11-23,after_transaction,Most,north Bohemia,1995-11-23,1998-12-31,322,1229177.2,1167172.0,38,62005.0,1,gold,1,123408.0,A
4342,5232,F,1948-04-06,50,1996-04-29,monthly,Ostrava - mesto,north Moravia,1996-04-29,1998-12-31,245,1308215.3,1245732.4,33,62482.7,1,classic,1,100128.0,C
4456,5376,M,1970-01-23,28,1996-09-03,monthly,Ceske Budejovice,south Bohemia,1996-09-03,1998-12-31,192,1131558.8,1075654.5,28,55904.3,1,classic,1,321240.0,C
648,778,M,1940-06-04,58,1993-11-09,monthly,Rakovnik,central Bohemia,1993-11-09,1998-12-31,354,1343946.8,1234897.6,62,109049.0,1,classic,0,0.0,
685,822,F,1959-05-08,39,1995-01-04,weekly,Litomerice,north Bohemia,1995-01-04,1998-12-31,219,1447160.0,1365595.0,48,81564.8,1,classic,0,0.0,
739,887,F,1973-11-28,25,1996-03-18,monthly,Zdar nad Sazavou,south Moravia,1996-03-18,1998-12-31,178,858460.6,801380.8,34,57079.6,1,classic,0,0.0,
856,1031,F,1968-12-11,30,1996-03-03,monthly,Benesov,central Bohemia,1996-03-03,1998-12-31,261,487278.8,444652.4,34,42626.1,1,classic,0,0.0,
1870,2268,M,1938-12-26,60,1994-06-25,monthly,Praha - vychod,central Bohemia,1994-06-25,1998-12-31,237,1268250.8,1210795.4,55,57455.3,1,classic,0,0.0,
1944,2363,M,1947-06-18,51,1993-02-12,monthly,Hradec Kralove,east Bohemia,1993-02-12,1998-12-31,411,1386424.6,1330734.0,71,55689.9,1,classic,0,0.0,
2050,2488,F,1980-09-22,18,1993-10-22,monthly,Nymburk,central Bohemia,1993-10-22,1998-12-31,536,1137384.5,1072064.2,63,65319.9,1,junior,0,0.0,
2063,2502,F,1935-03-13,63,1993-12-04,monthly,Hl.m. Praha,Prague,1993-12-04,1998-12-31,326,367660.3,327521.6,61,40138.6,1,classic,0,0.0,
2701,3259,M,1950-10-15,48,1993-07-27,monthly,Novy Jicin,north Moravia,1993-07-27,1998-12-31,440,762432.6,712105.0,66,50327.3,1,classic,0,0.0,
2766,3339,F,1976-01-29,22,1997-02-20,monthly,Tachov,west Bohemia,1997-02-20,1998-12-31,110,179635.7,114274.2,23,65361.5,1,classic,0,0.0,
2799,3382,M,1954-02-28,44,1994-04-03,weekly,Brno - mesto,south Moravia,1994-04-03,1998-12-31,432,2288411.4,2215478.0,57,72933.5,1,classic,0,0.0,
2834,3425,M,1970-05-07,28,1995-10-14,monthly,Karvina,north Moravia,1995-10-14,1998-12-31,310,805566.6,763303.8,39,42262.6,1,classic,0,0.0,
3059,3699,M,1968-08-08,30,1997-02-15,monthly,Hl.m. Praha,Prague,1997-02-15,1998-12-31,152,548207.1,499928.2,23,48278.6,1,classic,0,0.0,
3151,3811,M,1952-06-20,46,1996-02-21,monthly,Kutna Hora,central Bohemia,1996-02-21,1998-12-31,221,463538.2,356299.4,35,107238.7,1,classic,0,0.0,
3131,3787,F,1978-05-07,20,1995-10-23,monthly,Tabor,south Bohemia,1995-10-23,1998-12-31,212,888768.1,829959.8,39,58808.1,1,junior,0,0.0,
3221,3896,M,1923-10-03,75,1993-08-17,monthly,Kolin,central Bohemia,1993-08-17,1998-12-31,396,350525.6,304683.4,65,45841.8,1,classic,0,0.0,
3449,4171,M,1980-05-18,18,1995-04-27,monthly,Hl.m. Praha,Prague,1995-04-27,1998-12-31,225,251587.0,200419.4,45,51167.5,1,junior,0,0.0,
360,438,M,1938-09-28,60,1996-05-14,monthly,Ceska Lipa,north Bohemia,1996-05-14,1998-12-31,140,830802.3,775459.6,32,55342.6,1,classic,0,0.0,
371,451,M,1979-04-14,19,1996-08-02,monthly,Pribram,central Bohemia,1996-08-02,1998-12-31,131,178639.7,119400.4,29,59239.0,1,junior,0,0.0,
422,508,M,1971-04-28,27,1994-08-29,weekly,Blansko,south Moravia,1994-08-29,1998-12-31,245,1432763.3,1356093.0,53,76669.9,1,classic,0,0.0,
486,584,F,1976-05-13,22,1995-11-21,monthly,Decin,north Bohemia,1995-11-21,1998-12-31,185,321524.3,216231.8,38,105292.3,1,junior,0,0.0,
506,608,M,1972-08-31,26,1996-07-08,monthly,Bruntal,north Moravia,1996-07-08,1998-12-31,249,550490.2,495500.0,30,54990.1,1,classic,0,0.0,
1182,1424,M,1952-01-05,46,1997-02-11,monthly,Mlada Boleslav,central Bohemia,1997-02-11,1998-12-31,99,413903.0,367646.2,23,46256.5,1,classic,0,0.0,
1243,1500,M,1981-12-12,17,1996-01-07,monthly,Hl.m. Praha,Prague,1996-01-07,1998-12-31,74,234211.4,123658.4,33,110553.1,1,junior,0,0.0,
1253,1512,F,1942-08-11,56,1997-04-13,monthly,Kolin,central Bohemia,1997-04-13,1998-12-31,123,412077.4,341539.0,21,70538.3,1,classic,0,0.0,
1999,2429,M,1973-11-22,25,1993-06-06,monthly,Karvina,north Moravia,1993-06-06,1998-12-31,450,1711623.8,1670540.6,67,41082.9,1,classic,0,0.0,
2084,2527,F,1947-07-31,51,1996-09-08,monthly,Chrudim,east Bohemia,1996-09-08,1998-12-31,147,635915.3,550957.8,28,84957.2,1,classic,0,0.0,
3114,3766,F,1980-03-10,18,1996-06-15,monthly,Hl.m. Praha,Prague,1996-06-15,1998-12-31,160,261905.3,216944.2,31,44960.9,1,junior,0,0.0,
3127,3782,M,1980-09-10,18,1993-08-08,monthly,Hl.m. Praha,Prague,1993-08-08,1998-12-31,395,2216415.4,2176373.2,65,40042.2,1,junior,0,0.0,
3235,3913,M,1951-08-01,47,1995-01-26,monthly,Mlada Boleslav,central Bohemia,1995-01-26,1998-12-31,261,970429.9,874831.2,48,95598.7,1,classic,0,0.0,
3467,4190,M,1942-11-17,56,1996-08-25,monthly,Pelhrimov,south Bohemia,1996-08-25,1998-12-31,261,870072.8,803368.2,29,66704.5,1,classic,0,0.0,
3633,4382,M,1980-10-20,18,1997-02-06,monthly,Pisek,south Bohemia,1997-02-06,1998-12-31,143,318011.2,267347.8,23,50663.4,1,junior,0,0.0,
4131,4974,F,1962-06-30,36,1994-08-19,monthly,Kolin,central Bohemia,1994-08-19,1998-12-31,436,2661662.2,2580493.0,53,81168.9,1,classic,0,0.0,
4132,4976,M,1981-01-18,17,1997-10-02,monthly,Liberec,north Bohemia,1997-10-02,1998-12-26,29,84104.0,41400.0,15,42704.0,1,junior,0,0.0,
4352,5243,M,1970-04-18,28,1993-07-05,monthly,Benesov,central Bohemia,1993-07-05,1998-12-31,353,1752364.4,1687900.6,66,64463.2,1,classic,0,0.0,
1007,1211,M,1978-07-14,20,1996-06-28,monthly,Hl.m. Praha,Prague,1996-06-28,1998-12-31,185,349127.6,269794.2,31,79333.0,1,junior,0,0.0,
1009,1213,M,1966-04-28,32,1995-08-01,weekly,Hl.m. Praha,Prague,1995-08-01,1998-12-31,252,1981283.9,1891541.0,41,89742.5,1,classic,0,0.0,
1035,1242,F,1944-08-21,54,1997-04-18,monthly,Opava,north Moravia,1997-04-18,1998-12-31,125,424031.0,367595.0,21,56435.7,1,classic,0,0.0,
1397,1691,F,1978-02-08,20,1993-03-22,monthly,Tabor,south Bohemia,1993-03-22,1998-12-31,403,1325330.7,1281850.4,70,43480.0,1,junior,0,0.0,
1446,1754,M,1979-05-29,19,1995-01-18,monthly,Hodonin,south Moravia,1995-01-18,1998-12-31,270,923890.2,830124.2,48,93765.5,1,junior,0,0.0,
1456,1765,M,1975-08-03,23,1996-04-12,monthly,Nymburk,central Bohemia,1996-04-12,1998-12-31,222,2025490.2,1939952.0,33,85538.1,1,classic,0,0.0,
1538,1864,M,1948-03-14,50,1996-09-20,monthly,Domazlice,west Bohemia,1996-09-20,1998-12-31,199,1790828.0,1754966.0,28,35861.8,1,classic,0,0.0,
1581,1914,F,1942-06-20,56,1995-10-12,monthly,Most,north Bohemia,1995-10-12,1998-12-31,216,468776.1,387448.4,39,81327.4,1,classic,0,0.0,
3212,3885,F,1940-01-17,58,1993-07-25,monthly,Karvina,north Moravia,1993-07-25,1998-12-31,565,311328.6,248716.0,66,62612.2,1,classic,0,0.0,
3270,3959,F,1970-07-15,28,1995-08-08,monthly,Sokolov,west Bohemia,1995-08-08,1998-12-31,214,862684.9,796967.6,41,65717.5,1,classic,0,0.0,
3465,4188,M,1976-08-17,22,1993-07-16,monthly,Hl.m. Praha,Prague,1993-07-16,1998-12-31,383,775358.8,689799.0,66,85559.1,1,classic,0,0.0,
3591,4333,M,1958-04-20,40,1996-06-09,after_transaction,Hl.m. Praha,Prague,1996-06-09,1998-12-31,187,866155.4,810279.0,31,55876.2,1,classic,0,0.0,
3606,4349,F,1959-08-22,39,1996-04-18,monthly,Hl.m. Praha,Prague,1996-04-18,1998-12-31,143,264345.9,194554.2,33,69791.7,1,classic,0,0.0,
3609,4353,F,1979-09-19,19,1993-08-03,monthly,Plzen - sever,west Bohemia,1993-08-03,1998-12-31,442,1516849.3,1410034.0,65,106815.5,1,junior,0,0.0,
3631,4380,M,1931-05-13,67,1995-08-13,monthly,Hl.m. Praha,Prague,1995-08-13,1998-12-31,170,215712.4,162323.0,41,53389.4,1,classic,0,0.0,
8856,10912,M,1963-01-09,35,1994-12-18,monthly,Cesky Krumlov,south Bohemia,1994-12-18,1998-12-31,393,2156325.8,2018008.0,49,138317.2,1,gold,0,0.0,
96,114,F,1969-06-24,29,1993-02-18,monthly,Ostrava - mesto,north Moravia,1993-02-18,1998-12-31,661,3417350.0,3332489.0,71,84861.0,1,classic,0,0.0,
408,493,F,1942-06-04,56,1993-07-21,monthly,Usti nad Labem,north Bohemia,1993-07-21,1998-12-31,389,978404.8,893556.0,66,84848.5,1,classic,0,0.0,
512,615,F,1949-09-13,49,1997-01-14,monthly,Frydek - Mistek,north Moravia,1997-01-14,1998-12-31,123,551282.2,482044.8,24,69237.1,1,classic,0,0.0,
2250,2724,M,1975-03-01,23,1993-11-02,monthly,Jablonec n. Nisou,north Bohemia,1993-11-02,1998-12-31,350,1476977.6,1384946.2,62,92031.1,1,classic,0,0.0,
3899,4701,M,1941-06-28,57,1996-06-25,monthly,Domazlice,west Bohemia,1996-06-25,1998-12-31,169,637656.2,593359.0,31,44297.0,1,gold,0,0.0,
3972,4791,M,1936-02-15,62,1993-10-11,monthly,Trutnov,east Bohemia,1993-10-11,1998-12-31,424,1199159.2,1126412.2,63,72747.0,1,classic,0,0.0,
4105,4944,M,1982-04-07,16,1995-05-08,monthly,Jihlava,south Moravia,1995-05-08,1998-12-31,270,322390.6,273798.6,44,48592.1,1,junior,0,0.0,
4150,5002,F,1977-07-17,21,1997-07-05,monthly,Znojmo,south Moravia,1997-07-05,1998-12-31,119,347031.9,282039.8,18,64992.0,1,classic,0,0.0,
4253,5126,M,1965-04-03,33,1996-01-16,monthly,Hradec Kralove,east Bohemia,1996-01-16,1998-12-31,205,1580743.7,1521091.0,36,59652.8,1,classic,0,0.0,
4343,5233,M,1967-10-30,31,1993-11-22,monthly,Zdar nad Sazavou,south Moravia,1993-11-22,1998-12-31,303,1057665.7,956317.6,62,101347.7,1,classic,0,0.0,
4358,5249,F,1971-01-05,27,1997-02-12,monthly,Kolin,central Bohemia,1997-02-12,1998-12-31,133,1083431.0,992942.6,23,90488.4,1,classic,0,0.0,
1928,2342,M,1948-12-18,50,1997-03-02,monthly,Karvina,north Moravia,1997-03-02,1998-12-31,119,384553.7,350687.7,22,33865.9,0,,1,55632.0,C
3064,3705,F,1965-06-04,33,1993-05-23,monthly,Hl.m. Praha,Prague,1993-05-23,1998-12-31,512,780910.1,724783.2,68,56126.0,0,,1,15420.0,A
11244,13820,F,1948-07-31,50,1997-01-12,monthly,Decin,north Bohemia,1997-01-12,1998-12-31,170,1016342.1,997292.5,24,19049.3,0,,1,155760.0,C
11265,13845,M,1973-02-16,25,1993-01-14,monthly,Cesky Krumlov,south Bohemia,1993-01-14,1998-12-31,484,656153.8,628762.6,72,27390.8,0,,1,52788.0,A
3115,3767,M,1936-09-07,62,1996-03-27,monthly,Ceske Budejovice,south Bohemia,1996-03-27,1998-12-31,206,1164264.3,1142268.3,34,21995.1,0,,1,321180.0,C
3230,3907,F,1954-12-09,44,1995-03-11,monthly,Hl.m. Praha,Prague,1995-03-11,1998-12-31,264,1610141.2,1502529.0,46,107612.1,0,,1,77184.0,C
3249,3929,M,1957-11-01,41,1996-10-11,monthly,Ostrava - mesto,north Moravia,1996-10-11,1998-12-31,162,603889.4,546244.6,27,57644.6,0,,1,68124.0,A
3390,4099,F,1945-05-03,53,1996-12-22,weekly,Pribram,central Bohemia,1996-12-22,1998-12-31,212,535850.0,484503.0,25,51346.7,0,,1,40632.0,C
3460,4182,M,1941-06-23,57,1997-04-08,monthly,Jindrichuv Hradec,south Bohemia,1997-04-08,1998-12-12,114,522917.0,513080.8,21,9835.9,0,,1,140688.0,C
1004,1208,F,1975-09-01,23,1996-07-02,monthly,Karvina,north Moravia,1996-07-02,1998-12-31,210,1573397.8,1496851.4,29,76546.3,0,,1,188532.0,C
1374,1662,M,1967-09-07,31,1996-09-26,monthly,Blansko,south Moravia,1996-09-26,1998-12-31,166,1444612.5,1407363.7,28,37248.0,0,,1,389136.0,C
1447,1755,F,1965-08-18,33,1997-02-20,monthly,Znojmo,south Moravia,1997-02-20,1998-12-31,127,313817.9,294306.8,23,19511.9,0,,1,100080.0,C
2106,2550,F,1976-10-12,22,1996-02-01,monthly,Hl.m. Praha,Prague,1996-02-01,1998-12-31,185,476665.8,449786.0,35,26879.5,0,,1,101520.0,A
2572,3103,F,1973-03-07,25,1994-11-13,after_transaction,Zlin,south Moravia,1994-11-13,1998-12-31,375,2670077.0,2578230.6,50,91846.5,0,,1,360000.0,C
3455,4177,M,1935-12-25,63,1996-03-13,monthly,Chomutov,north Bohemia,1996-03-13,1998-12-31,190,1222452.1,1122333.8,34,100118.0,0,,1,67464.0,A
4190,5050,M,1951-01-19,47,1995-10-04,monthly,Uherske Hradiste,south Moravia,1995-10-04,1998-12-31,316,568161.5,546087.4,39,22073.7,0,,1,405780.0,C
4618,5565,F,1966-12-22,32,1996-07-21,monthly,Beroun,central Bohemia,1996-07-21,1998-12-31,149,694856.0,700702.1,30,-5845.8,0,,1,66696.0,D
4650,5606,M,1980-08-06,18,1995-10-15,monthly,Kladno,central Bohemia,1995-10-15,1998-12-31,269,437147.4,395095.8,39,42051.6,0,,1,402000.0,C
4725,5699,M,1950-10-08,48,1997-04-14,monthly,Opava,north Moravia,1997-04-14,1998-12-31,111,619402.8,585949.8,21,33453.7,0,,1,168264.0,C
5164,6235,M,1940-04-04,58,1997-05-13,monthly,Kolin,central Bohemia,1997-05-13,1998-12-31,104,153274.6,135084.0,20,18190.4,0,,1,22356.0,C
5269,6366,M,1966-02-21,32,1996-07-04,monthly,Semily,east Bohemia,1996-07-04,1998-12-31,213,676735.5,617121.0,30,59614.3,0,,1,117420.0,C
5628,6798,F,1948-08-03,50,1994-06-17,monthly,Trebic,south Moravia,1994-06-17,1998-12-31,313,842981.5,802423.4,55,40557.8,0,,1,225420.0,C
10942,13451,F,1955-11-18,43,1994-06-05,weekly,Chrudim,east Bohemia,1994-06-05,1998-12-31,441,3162046.7,3113629.0,55,48417.2,0,,1,314520.0,C
3489,4217,F,1951-06-25,47,1994-12-08,monthly,Nymburk,central Bohemia,1994-12-08,1998-12-31,300,856409.0,810027.8,49,46381.1,0,,1,44088.0,A
6226,7521,F,1960-02-09,38,1993-07-26,weekly,Ostrava - mesto,north Moravia,1993-07-26,1998-12-31,401,2937120.9,2842249.6,66,94872.8,0,,1,398640.0,C
6397,7723,F,1966-06-14,32,1995-03-15,monthly,Rychnov nad Kneznou,east Bohemia,1995-03-15,1998-12-31,264,922922.2,852775.9,46,70147.4,0,,1,181020.0,C
7632,9450,F,1943-10-11,55,1996-09-22,monthly,Frydek - Mistek,north Moravia,1996-09-22,1998-12-31,161,663757.5,608011.2,28,55746.3,0,,1,170448.0,C
7636,9456,F,1941-12-07,57,1996-10-08,monthly,Teplice,north Bohemia,1996-10-08,1998-12-31,205,696490.6,666256.4,27,30233.9,0,,1,42384.0,C
7824,9675,F,1970-02-19,28,1994-05-17,monthly,Prostejov,south Moravia,1994-05-17,1998-12-31,339,1717232.3,1688452.1,56,28779.7,0,,1,189696.0,B
8316,10269,F,1940-05-11,58,1994-06-04,monthly,Karvina,north Moravia,1994-06-04,1998-12-31,422,2314964.0,2193136.4,55,121596.8,0,,1,134784.0,A
8919,10987,F,1961-10-03,37,1997-07-03,monthly,Uherske Hradiste,south Moravia,1997-07-03,1998-12-31,141,141960.9,125110.8,18,16761.2,0,,1,76104.0,C
9159,11274,M,1969-04-14,29,1996-08-02,monthly,Zlin,south Moravia,1996-08-02,1998-12-31,288,543676.8,480858.4,29,62582.6,0,,1,69600.0,C
9225,11359,M,1972-08-20,26,1996-01-01,monthly,Praha - zapad,central Bohemia,1996-01-01,1998-12-31,264,1325575.7,1236713.0,36,88540.0,0,,1,164256.0,C
9455,11637,M,1951-06-12,47,1996-11-03,monthly,Opava,north Moravia,1996-11-03,1998-12-31,214,1088399.7,1026001.4,26,62397.8,0,,1,374760.0,C
37,45,M,1952-08-26,46,1997-08-18,monthly,Strakonice,south Bohemia,1997-08-18,1998-12-31,130,497029.2,451124.7,17,45904.5,0,,1,318480.0,D
2268,2746,M,1971-02-25,27,1995-02-11,monthly,Hl.m. Praha,Prague,1995-02-11,1998-12-31,286,1192766.4,1118431.6,47,74334.4,0,,1,20196.0,C
2352,2843,F,1966-10-06,32,1995-01-21,monthly,Karvina,north Moravia,1995-01-21,1998-12-31,400,1050496.6,986514.2,48,63982.3,0,,1,49440.0,C
53,62,M,1932-12-08,66,1995-06-07,monthly,Vsetin,north Moravia,1995-06-07,1998-12-31,197,187624.0,172493.8,43,15130.3,0,,0,0.0,
113,136,F,1921-01-26,77,1996-07-22,monthly,Brno - venkov,south Moravia,1996-07-22,1998-12-31,136,188751.5,162400.4,30,26350.9,0,,0,0.0,
126,151,F,1971-09-23,27,1993-10-23,monthly,Trutnov,east Bohemia,1993-10-23,1998-12-31,335,1608416.4,1558057.0,63,50359.1,0,,0,0.0,
138,165,M,1968-11-08,30,1995-09-19,monthly,Domazlice,west Bohemia,1995-09-19,1998-12-02,24,37600.0,16400.0,24,21200.0,0,,0,0.0,
151,181,M,1967-07-06,31,1993-09-06,monthly,Sumperk,north Moravia,1993-09-06,1998-12-31,394,373456.0,349121.4,64,24334.3,0,,0,0.0,
161,194,F,1924-12-20,74,1994-07-04,monthly,Plzen - sever,west Bohemia,1994-07-04,1998-12-31,304,243893.9,229056.4,54,14836.9,0,,0,0.0,
188,228,F,1956-03-16,42,1993-04-20,monthly,Rychnov nad Kneznou,east Bohemia,1993-04-20,1998-12-31,403,1458587.7,1358577.8,69,100009.6,0,,0,0.0,
197,239,F,1974-09-10,24,1993-02-25,monthly,Hl.m. Praha,Prague,1993-02-25,1998-12-31,374,1666326.2,1614253.0,71,52072.5,0,,0,0.0,
258,311,F,1930-09-16,68,1997-07-09,monthly,Zlin,south Moravia,1997-07-09,1998-12-31,80,113887.1,89237.8,18,24649.3,0,,0,0.0,
271,328,F,1918-01-24,80,1996-08-13,monthly,Hl.m. Praha,Prague,1996-08-13,1998-12-31,142,205637.4,146650.4,29,58987.0,0,,0,0.0,
333,407,F,1975-05-27,23,1996-12-23,monthly,Opava,north Moravia,1996-12-23,1998-12-31,142,74088.6,53565.4,25,20523.0,0,,0,0.0,
372,452,F,1953-10-22,45,1995-09-10,monthly,Brno - venkov,south Moravia,1995-09-10,1998-12-31,254,987043.4,946214.0,40,40829.1,0,,0,0.0,
389,470,F,1954-04-21,44,1993-08-28,monthly,Sokolov,west Bohemia,1993-08-28,1998-12-31,408,484856.0,463777.4,65,21078.8,0,,0,0.0,
421,507,M,1954-11-16,44,1997-11-27,monthly,Prerov,north Moravia,1997-11-27,1998-12-31,56,126199.1,105455.8,14,20743.1,0,,0,0.0,
437,526,M,1964-02-01,34,1993-12-03,monthly,Hradec Kralove,east Bohemia,1993-12-03,1998-12-31,424,1596023.3,1512469.6,61,83553.3,0,,0,0.0,
469,563,F,1961-09-09,37,1997-07-14,monthly,Olomouc,north Moravia,1997-07-14,1998-12-31,85,95622.4,80999.2,18,14623.2,0,,0,0.0,
473,569,M,1962-06-15,36,1996-10-20,monthly,Opava,north Moravia,1996-10-20,1998-12-31,205,341116.9,312076.6,27,29040.2,0,,0,0.0,
511,614,F,1947-02-03,51,1996-11-10,monthly,Ceske Budejovice,south Bohemia,1996-11-10,1998-12-31,110,472518.6,446650.4,26,25868.0,0,,0,0.0,
524,630,M,1952-03-03,46,1994-05-03,monthly,Trebic,south Moravia,1994-05-03,1998-12-31,308,1195045.6,1102812.6,56,92232.8,0,,0,0.0,
1394,1688,M,1923-08-10,75,1994-12-27,monthly,Ceska Lipa,north Bohemia,1994-12-27,1998-12-31,270,312282.1,246093.8,49,66187.9,0,,0,0.0,
1399,1693,F,1980-07-06,18,1996-05-20,monthly,Jicin,east Bohemia,1996-05-20,1998-12-31,249,335901.2,298712.6,32,37188.4,0,,0,0.0,
1422,1724,F,1934-10-21,64,1993-04-09,monthly,Frydek - Mistek,north Moravia,1993-04-09,1998-12-31,363,404220.8,366069.8,69,38150.4,0,,0,0.0,
1423,1725,F,1959-01-18,39,1995-09-08,monthly,Sumperk,north Moravia,1995-09-08,1998-12-31,225,246027.8,231688.4,40,14339.1,0,,0,0.0,
1429,1733,F,1974-07-20,24,1993-07-30,monthly,Hodonin,south Moravia,1993-07-30,1998-12-31,316,218352.7,188872.0,66,29480.2,0,,0,0.0,
1461,1772,F,1979-09-21,19,1996-04-07,monthly,Opava,north Moravia,1996-04-07,1998-12-31,202,1543319.8,1444096.8,33,99222.8,0,,0,0.0,
1465,1776,F,1954-10-24,44,1995-06-08,monthly,Sokolov,west Bohemia,1995-06-08,1998-12-31,278,201062.1,166990.8,43,34070.8,0,,0,0.0,
1496,1814,M,1940-03-12,58,1995-02-05,monthly,Hodonin,south Moravia,1995-02-05,1998-12-31,334,761894.7,727357.2,47,34537.3,0,,0,0.0,
1546,1875,M,1976-10-19,22,1996-11-20,monthly,Cesky Krumlov,south Bohemia,1996-11-20,1998-12-31,123,224886.8,214125.0,26,10761.5,0,,0,0.0,
1551,1881,M,1934-01-24,64,1997-06-18,monthly,Olomouc,north Moravia,1997-06-18,1998-12-31,98,121993.2,97121.8,19,24871.2,0,,0,0.0,
1553,1884,F,1976-01-26,22,1996-12-21,monthly,Kromeriz,south Moravia,1996-12-21,1998-12-31,111,194711.1,173127.4,25,21583.7,0,,0,0.0,
1561,1892,M,1928-03-26,70,1995-04-01,monthly,Zdar nad Sazavou,south Moravia,1995-04-01,1998-12-31,272,247175.7,201425.0,45,45750.5,0,,0,0.0,
1571,1904,M,1941-02-22,57,1996-07-29,monthly,Zdar nad Sazavou,south Moravia,1996-07-29,1998-12-31,144,455761.7,402310.4,30,53451.2,0,,0,0.0,
1577,1910,M,1946-11-08,52,1996-10-16,monthly,Bruntal,north Moravia,1996-10-16,1998-12-31,189,143232.7,95886.6,27,47345.7,0,,0,0.0,
1586,1921,F,1946-10-26,52,1996-10-03,monthly,Hl.m. Praha,Prague,1996-10-03,1998-12-31,143,517377.1,444649.2,27,72728.1,0,,0,0.0,
1620,1964,M,1931-08-05,67,1995-06-08,monthly,Pelhrimov,south Bohemia,1995-06-08,1998-12-31,213,260608.8,217568.2,43,43040.4,0,,0,0.0,
1630,1976,M,1918-10-12,80,1993-07-28,monthly,Olomouc,north Moravia,1993-07-28,1998-12-31,325,386858.1,359566.0,66,27291.8,0,,0,0.0,
1642,1991,M,1918-11-09,80,1995-05-27,monthly,Zlin,south Moravia,1995-05-27,1998-12-31,216,280654.1,265720.8,44,14933.2,0,,0,0.0,
1645,1995,F,1941-04-10,57,1996-10-16,monthly,Svitavy,east Bohemia,1996-10-16,1998-12-31,142,420736.1,374542.6,27,46193.4,0,,0,0.0,
1687,2048,F,1928-06-03,70,1997-04-18,monthly,Cheb,west Bohemia,1997-04-18,1998-12-31,85,86198.6,70549.0,21,15649.4,0,,0,0.0,
1724,2091,F,1928-01-17,70,1997-06-07,monthly,Rychnov nad Kneznou,east Bohemia,1997-06-07,1998-12-31,99,128112.5,107920.4,19,20191.9,0,,0,0.0,
1761,2135,F,1940-08-08,58,1993-08-24,monthly,Karlovy Vary,west Bohemia,1993-08-24,1998-12-31,478,874039.1,837845.4,65,36193.7,0,,0,0.0,
1765,2139,F,1932-03-06,66,1996-07-21,monthly,Pisek,south Bohemia,1996-07-21,1998-12-31,139,154183.5,134215.4,30,19968.1,0,,0,0.0,
1798,2178,M,1939-08-09,59,1997-11-28,monthly,Nachod,east Bohemia,1997-11-28,1998-12-31,76,317142.2,256476.8,14,60665.3,0,,0,0.0,
1812,2196,F,1955-02-16,43,1996-10-08,monthly,Tachov,west Bohemia,1996-10-08,1998-12-31,140,92290.4,76830.6,27,15459.8,0,,0,0.0,
1851,2246,F,1953-08-01,45,1993-05-23,monthly,Brno - venkov,south Moravia,1993-05-23,1998-12-31,399,574330.7,528243.2,68,46087.2,0,,0,0.0,
1913,2323,F,1942-06-29,56,1996-06-06,monthly,Rychnov nad Kneznou,east Bohemia,1996-06-06,1998-12-31,161,181992.5,112867.6,31,69124.8,0,,0,0.0,
2024,2459,F,1974-07-22,24,1997-03-02,monthly,Strakonice,south Bohemia,1997-03-02,1998-12-31,112,263425.3,240280.2,22,23145.3,0,,0,0.0,
2046,2484,M,1969-12-21,29,1996-10-17,monthly,Frydek - Mistek,north Moravia,1996-10-17,1998-12-31,156,120175.3,88619.6,27,31555.4,0,,0,0.0,
2094,2537,M,1957-10-10,41,1996-08-23,monthly,Opava,north Moravia,1996-08-23,1998-12-31,128,98696.3,80529.8,29,18166.1,0,,0,0.0,
2130,2576,F,1979-05-16,19,1996-11-04,monthly,Nachod,east Bohemia,1996-11-04,1998-11-30,121,676259.6,651794.8,25,24479.3,0,,0,0.0,
2174,2631,M,1970-05-21,28,1997-10-24,monthly,Pisek,south Bohemia,1997-10-24,1998-12-31,54,224319.8,197470.6,15,26849.3,0,,0,0.0,
2177,2636,M,1918-10-24,80,1993-01-04,monthly,Plzen - sever,west Bohemia,1993-01-04,1998-12-31,348,375841.2,343382.2,72,32458.4,0,,0,0.0,
2186,2646,F,1937-06-07,61,1993-07-07,monthly,Vyskov,south Moravia,1993-07-07,1998-12-31,340,369386.5,340096.6,66,29289.7,0,,0,0.0,
2190,2652,F,1949-05-09,49,1996-06-04,weekly,Usti nad Labem,north Bohemia,1996-06-04,1998-12-31,238,1265026.5,1178108.0,31,86918.4,0,,0,0.0,
2225,2694,F,1927-10-06,71,1996-01-24,monthly,Cesky Krumlov,south Bohemia,1996-01-24,1998-12-31,163,152813.4,135398.0,36,17415.5,0,,0,0.0,
2253,2728,M,1922-08-13,76,1993-07-24,monthly,Ostrava - mesto,north Moravia,1993-07-24,1998-12-31,345,399260.7,375550.0,66,23710.6,0,,0,0.0,
2266,2743,F,1939-10-04,59,1996-07-19,monthly,Svitavy,east Bohemia,1996-07-19,1998-12-31,125,544262.2,473470.4,30,70791.5,0,,0,0.0,
2267,2745,F,1939-08-07,59,1994-09-20,weekly,Brno - mesto,south Moravia,1994-09-20,1998-12-31,277,1372247.1,1310173.0,51,62073.9,0,,0,0.0,
2286,2766,M,1959-09-15,39,1996-12-06,monthly,Karvina,north Moravia,1996-12-06,1998-12-31,144,289203.8,269580.0,25,19623.4,0,,0,0.0,
2289,2770,M,1954-07-08,44,1996-03-07,monthly,Hl.m. Praha,Prague,1996-03-07,1998-12-31,185,580903.4,542189.8,34,38713.3,0,,0,0.0,
2290,2771,M,1920-10-25,78,1996-10-22,monthly,Litomerice,north Bohemia,1996-10-22,1998-12-31,121,166029.0,152491.6,27,13537.1,0,,0,0.0,
2291,2773,F,1919-09-13,79,1996-07-27,monthly,Semily,east Bohemia,1996-07-27,1998-12-31,134,193016.3,176660.4,30,16355.6,0,,0,0.0,
2304,2788,F,1951-10-21,47,1996-02-19,monthly,Semily,east Bohemia,1996-02-19,1998-12-31,130,805181.6,779322.2,35,25859.4,0,,0,0.0,
2306,2790,M,1975-02-10,23,1993-12-08,monthly,Jindrichuv Hradec,south Bohemia,1993-12-08,1998-12-31,413,875658.2,825743.0,61,49914.7,0,,0,0.0,
2331,2819,M,1980-08-12,18,1995-04-29,monthly,Mlada Boleslav,central Bohemia,1995-04-29,1998-12-31,230,140098.2,126239.4,45,13858.9,0,,0,0.0,
2351,2842,M,1958-06-17,40,1997-09-08,monthly,Ostrava - mesto,north Moravia,1997-09-08,1998-12-31,81,348403.5,286363.6,16,62039.8,0,,0,0.0,
2367,2860,M,1958-03-31,40,1995-03-04,monthly,Plzen - sever,west Bohemia,1995-03-04,1998-12-31,291,999700.6,942615.6,46,57085.1,0,,0,0.0,
2373,2868,M,1933-12-14,65,1996-09-29,monthly,Ceske Budejovice,south Bohemia,1996-09-29,1998-12-31,118,132384.5,115955.2,28,16429.0,0,,0,0.0,
2376,2871,F,1967-11-23,31,1996-12-14,monthly,Novy Jicin,north Moravia,1996-12-14,1998-12-31,129,592423.9,537937.4,25,54486.2,0,,0,0.0,
2428,2933,M,1942-12-12,56,1993-09-08,monthly,Olomouc,north Moravia,1993-09-08,1998-12-31,315,1106364.7,1061981.4,64,44383.2,0,,0,0.0,
2434,2940,M,1965-10-16,33,1993-02-02,monthly,Hl.m. Praha,Prague,1993-02-02,1998-12-31,360,407622.4,388072.6,71,19549.5,0,,0,0.0,
2452,2960,M,1928-12-19,70,1997-07-14,monthly,Hl.m. Praha,Prague,1997-07-14,1998-12-31,68,96260.3,73477.2,18,22783.1,0,,0,0.0,
2463,2974,F,1951-07-12,47,1994-10-11,monthly,Breclav,south Moravia,1994-10-11,1998-12-31,266,855181.5,804679.0,51,50501.7,0,,0,0.0,
2474,2988,M,1961-05-21,37,1996-04-20,monthly,Decin,north Bohemia,1996-04-20,1998-12-31,198,133939.2,118670.2,33,15268.8,0,,0,0.0,
2507,3027,M,1959-07-25,39,1996-12-28,monthly,Uherske Hradiste,south Moravia,1996-12-28,1998-12-31,127,209473.9,180697.4,25,28776.4,0,,0,0.0,
2534,3059,M,1977-11-29,21,1993-06-03,monthly,Trebic,south Moravia,1993-06-03,1998-12-31,417,430834.1,412185.2,67,18648.6,0,,0,0.0,
2553,3083,M,1971-04-07,27,1995-07-24,monthly,Usti nad Labem,north Bohemia,1995-07-24,1998-12-31,223,788623.2,747164.6,42,41458.3,0,,0,0.0,
2617,3158,F,1940-11-25,58,1993-09-24,monthly,Hl.m. Praha,Prague,1993-09-24,1998-12-31,338,197700.2,178340.8,64,19359.3,0,,0,0.0,
2618,3159,M,1930-10-27,68,1993-03-21,monthly,Karlovy Vary,west Bohemia,1993-03-21,1998-12-31,351,458969.3,428816.4,70,30152.5,0,,0,0.0,
2660,3211,F,1967-08-07,31,1993-10-17,weekly,Pelhrimov,south Bohemia,1993-10-17,1998-12-31,387,2822030.2,2794226.8,63,27803.4,0,,0,0.0,
2688,3244,M,1933-09-29,65,1995-02-20,monthly,Olomouc,north Moravia,1995-02-20,1998-12-31,204,196032.5,181062.6,47,14969.6,0,,0,0.0,
2729,3295,F,1966-03-13,32,1995-01-16,monthly,Teplice,north Bohemia,1995-01-16,1998-12-31,271,717873.8,636079.2,48,81794.5,0,,0,0.0,
2736,3302,F,1964-02-17,34,1993-07-02,monthly,Usti nad Orlici,east Bohemia,1993-07-02,1998-12-31,340,690710.8,661378.6,66,29331.7,0,,0,0.0,
2775,3350,M,1950-03-19,48,1997-12-08,monthly,Sokolov,west Bohemia,1997-12-08,1998-12-31,59,456852.0,373706.2,13,83145.8,0,,0,0.0,
2833,3424,M,1918-11-14,80,1995-08-30,monthly,Zlin,south Moravia,1995-08-30,1998-12-31,173,181390.5,160041.0,41,21349.2,0,,0,0.0,
2838,3430,M,1951-09-25,47,1993-04-13,weekly,Beroun,central Bohemia,1993-04-13,1998-12-31,567,3732249.7,3633555.0,69,98694.3,0,,0,0.0,
2849,3443,F,1934-12-06,64,1993-09-16,monthly,Hl.m. Praha,Prague,1993-09-16,1998-12-31,336,427143.2,395042.8,64,32099.9,0,,0,0.0,
2853,3447,F,1949-04-21,49,1995-09-08,monthly,Brno - mesto,south Moravia,1995-09-08,1998-12-31,213,220627.6,143181.0,40,77446.4,0,,0,0.0,
2883,3485,M,1922-05-27,76,1997-06-29,monthly,Vsetin,north Moravia,1997-06-29,1998-12-31,82,95768.9,76700.8,19,19068.0,0,,0,0.0,
2891,3494,M,1969-07-02,29,1997-05-28,monthly,Havlickuv Brod,east Bohemia,1997-05-28,1998-12-31,113,397711.6,368694.4,20,29017.1,0,,0,0.0,
2895,3499,M,1969-03-16,29,1993-03-09,monthly,Prachatice,south Bohemia,1993-03-09,1998-12-31,406,1390852.8,1337239.0,70,53613.3,0,,0,0.0,
2906,3512,M,1946-05-25,52,1996-09-20,monthly,Semily,east Bohemia,1996-09-20,1998-12-31,191,494284.6,480555.2,28,13729.4,0,,0,0.0,
2928,3536,M,1922-08-20,76,1993-12-14,monthly,Brno - venkov,south Moravia,1993-12-14,1998-12-31,276,338109.1,311453.0,61,26655.7,0,,0,0.0,
2931,3539,M,1920-08-31,78,1995-05-04,monthly,Liberec,north Bohemia,1995-05-04,1998-12-31,202,194116.3,167755.4,44,26360.5,0,,0,0.0,
2964,3578,M,1927-10-20,71,1997-01-09,monthly,Olomouc,north Moravia,1997-01-09,1998-12-31,100,107734.7,81921.4,24,25812.9,0,,0,0.0,
2983,3603,M,1954-06-13,44,1996-07-25,monthly,Havlickuv Brod,east Bohemia,1996-07-25,1998-12-31,138,218815.4,168850.4,30,49964.9,0,,0,0.0,
3028,3658,M,1924-04-05,74,1993-09-15,monthly,Jihlava,south Moravia,1993-09-15,1998-12-31,310,270201.8,255086.8,64,15114.4,0,,0,0.0,
3044,3679,M,1931-04-23,67,1996-09-14,monthly,Olomouc,north Moravia,1996-09-14,1998-12-31,115,114061.1,95963.2,28,18097.9,0,,0,0.0,
3068,3710,M,1928-01-25,70,1993-04-25,monthly,Kromeriz,south Moravia,1993-04-25,1998-12-31,324,427684.8,390763.8,69,36920.3,0,,0,0.0,
3072,3714,F,1953-10-01,45,1993-06-05,monthly,Mlada Boleslav,central Bohemia,1993-06-05,1998-12-31,374,1634799.9,1617789.2,67,17010.4,0,,0,0.0,
3098,3747,M,1964-12-02,34,1996-09-16,monthly,Hl.m. Praha,Prague,1996-09-16,1998-12-31,143,274121.0,241111.2,28,33009.9,0,,0,0.0,
3126,3781,F,1975-03-12,23,1996-09-03,monthly,Pelhrimov,south Bohemia,1996-09-03,1998-12-31,141,203332.1,180843.8,28,22488.1,0,,0,0.0,
3191,3857,F,1952-12-03,46,1996-09-17,monthly,Olomouc,north Moravia,1996-09-17,1998-12-31,169,297752.9,279261.2,28,18491.5,0,,0,0.0,
3228,3904,F,1939-01-15,59,1996-10-30,monthly,Rokycany,west Bohemia,1996-10-30,1998-12-31,181,1214444.3,1164308.2,27,50136.1,0,,0,0.0,
3976,4795,F,1925-09-18,73,1996-04-15,monthly,Ostrava - mesto,north Moravia,1996-04-15,1998-12-31,183,209510.5,177836.2,33,31674.2,0,,0,0.0,
4001,4824,M,1940-03-05,58,1995-02-04,monthly,Brno - mesto,south Moravia,1995-02-04,1998-12-15,84,58767.5,45000.0,47,13767.2,0,,0,0.0,
4214,5081,F,1961-10-31,37,1996-03-21,monthly,Hl.m. Praha,Prague,1996-03-21,1998-12-31,200,1266041.2,1238242.7,34,27798.5,0,,0,0.0,
4379,5277,F,1968-11-07,30,1996-06-28,monthly,Chrudim,east Bohemia,1996-06-28,1998-12-31,127,196334.9,183925.0,31,12409.3,0,,0,0.0,
4437,5352,F,1976-08-18,22,1993-09-24,monthly,Teplice,north Bohemia,1993-09-24,1998-12-31,370,444443.2,409076.0,64,35366.8,0,,0,0.0,
4588,5530,M,1953-03-29,45,1996-08-27,monthly,Pribram,central Bohemia,1996-08-27,1998-12-31,126,161864.7,164687.9,29,-2823.0,0,,0,0.0,
5366,6478,M,1951-05-20,47,1993-08-09,monthly,Beroun,central Bohemia,1993-08-09,1998-12-31,350,2336340.5,2321039.1,65,15301.3,0,,0,0.0,
2272,2752,M,1971-08-09,27,1997-10-08,monthly,Rychnov nad Kneznou,east Bohemia,1997-10-08,1998-12-31,65,109089.2,93311.4,15,15777.8,0,,0,0.0,
2324,2811,F,1946-12-07,52,1997-05-24,monthly,Hl.m. Praha,Prague,1997-05-24,1998-12-31,97,300231.7,273569.4,20,26662.3,0,,0,0.0,
2365,2858,F,1926-02-12,72,1994-11-04,monthly,Havlickuv Brod,east Bohemia,1994-11-04,1998-12-31,241,260602.0,229893.0,50,30708.9,0,,0,0.0,
2375,2870,M,1959-11-28,39,1994-05-16,monthly,Rokycany,west Bohemia,1994-05-16,1998-12-31,358,1422957.4,1328659.0,56,94298.0,0,,0,0.0,
2381,2876,M,1977-01-07,21,1997-02-13,monthly,Hl.m. Praha,Prague,1997-02-13,1998-12-31,121,435612.1,374534.2,23,61077.8,0,,0,0.0,
2382,2877,M,1932-04-29,66,1994-03-08,monthly,Kromeriz,south Moravia,1994-03-08,1998-12-31,291,354310.3,338878.2,58,15431.9,0,,0,0.0,
2390,2885,F,1965-10-04,33,1996-02-12,monthly,Hl.m. Praha,Prague,1996-02-12,1998-12-31,222,1344021.0,1323589.6,35,20431.1,0,,0,0.0,
2398,2895,F,1977-05-17,21,1996-11-25,monthly,Karvina,north Moravia,1996-11-25,1998-12-31,150,171078.4,124121.2,26,46957.3,0,,0,0.0,
2430,2936,F,1945-03-11,53,1994-10-09,monthly,Beroun,central Bohemia,1994-10-09,1998-12-31,228,534436.0,472177.0,51,62258.7,0,,0,0.0,
2455,2965,F,1918-02-07,80,1997-02-06,monthly,Sokolov,west Bohemia,1997-02-06,1998-12-31,104,145571.1,114748.8,23,30822.5,0,,0,0.0,
2475,2989,F,1949-02-01,49,1996-10-13,monthly,Pelhrimov,south Bohemia,1996-10-13,1998-12-31,199,379489.3,355589.6,27,23899.7,0,,0,0.0,
2559,3090,M,1968-11-17,30,1995-06-01,monthly,Ceska Lipa,north Bohemia,1995-06-01,1998-12-31,235,570127.1,513871.8,43,56254.9,0,,0,0.0,
2575,3106,F,1928-03-03,70,1997-04-13,monthly,Olomouc,north Moravia,1997-04-13,1998-12-31,114,134886.9,110639.0,21,24247.9,0,,0,0.0,
2659,3210,M,1963-08-30,35,1996-03-30,monthly,Ceske Budejovice,south Bohemia,1996-03-30,1998-12-31,160,286188.6,240608.8,34,45579.7,0,,0,0.0,
2668,3222,M,1977-05-06,21,1997-05-20,monthly,Tabor,south Bohemia,1997-05-20,1998-12-31,100,316359.3,290164.4,20,26194.6,0,,0,0.0,
2671,3226,M,1951-11-22,47,1993-09-15,monthly,Hl.m. Praha,Prague,1993-09-15,1998-12-31,345,259457.3,220542.8,64,38914.0,0,,0,0.0,
2700,3258,F,1960-07-30,38,1993-11-08,monthly,Ostrava - mesto,north Moravia,1993-11-08,1998-12-31,505,2032286.5,2011123.6,62,21162.3,0,,0,0.0,
2727,3293,F,1953-01-20,45,1995-10-25,monthly,Hl.m. Praha,Prague,1995-10-25,1998-12-31,184,598614.1,580841.8,39,17771.8,0,,0,0.0,
2733,3299,F,1961-09-17,37,1993-12-22,monthly,Sumperk,north Moravia,1993-12-22,1998-12-31,344,216566.7,181738.0,61,34828.4,0,,0,0.0,
2734,3300,M,1950-06-29,48,1996-12-16,monthly,Blansko,south Moravia,1996-12-16,1998-12-31,165,248999.3,201034.4,25,47965.0,0,,0,0.0,
2745,3313,F,1946-02-10,52,1997-09-28,monthly,Prostejov,south Moravia,1997-09-28,1998-12-31,104,334631.3,271857.0,16,62774.1,0,,0,0.0,
2763,3336,F,1951-05-30,47,1993-02-11,monthly,Zlin,south Moravia,1993-02-11,1998-12-31,462,3170226.4,3103665.0,71,66561.2,0,,0,0.0,
2784,3361,F,1930-10-02,68,1997-10-30,monthly,Teplice,north Bohemia,1997-10-30,1998-12-31,55,96456.5,59404.4,15,37052.0,0,,0,0.0,
2812,3396,F,1977-03-03,21,1996-07-05,monthly,Pisek,south Bohemia,1996-07-05,1998-12-31,155,800827.5,745500.0,30,55327.5,0,,0,0.0,
15,20,M,1979-01-04,19,1993-10-02,monthly,Nachod,east Bohemia,1993-10-02,1998-12-31,365,1188498.1,1141074.8,63,47423.0,0,,0,0.0,
22,28,M,1945-09-29,53,1994-03-23,monthly,Hl.m. Praha,Prague,1994-03-23,1998-12-31,310,1067603.3,1031863.2,58,35740.0,0,,0,0.0,
31,39,M,1968-01-25,30,1994-04-27,monthly,Frydek - Mistek,north Moravia,1994-04-27,1998-11-30,383,2910488.1,2897189.4,56,13312.9,0,,0,0.0,
32,40,F,1957-01-22,41,1995-08-28,monthly,Kolin,central Bohemia,1995-08-28,1998-12-31,180,734330.7,644611.0,41,89719.6,0,,0,0.0,
52,61,F,1948-08-06,50,1997-01-29,monthly,Jindrichuv Hradec,south Bohemia,1997-01-29,1998-12-31,144,642931.6,621771.8,24,21159.8,0,,0,0.0,
81,96,M,1972-02-29,26,1996-07-18,monthly,Ostrava - mesto,north Moravia,1996-07-18,1998-12-31,217,135753.2,99309.4,30,36443.8,0,,0,0.0,
163,197,M,1933-04-25,65,1993-01-27,monthly,Sokolov,west Bohemia,1993-01-27,1998-12-31,434,484029.1,446489.6,72,37538.9,0,,0,0.0,
166,201,F,1930-08-19,68,1996-08-20,monthly,Pelhrimov,south Bohemia,1996-08-20,1998-12-31,119,131003.4,109341.8,29,21661.5,0,,0,0.0,
179,218,F,1980-01-23,18,1997-09-22,weekly,Hl.m. Praha,Prague,1997-09-22,1998-12-31,119,643319.3,599071.0,16,44248.3,0,,0,0.0,
183,223,F,1952-02-27,46,1993-12-12,monthly,Hradec Kralove,east Bohemia,1993-12-12,1998-12-31,380,970741.6,925127.0,61,45614.3,0,,0,0.0,
204,246,F,1970-12-28,28,1996-01-13,monthly,Bruntal,north Moravia,1996-01-13,1998-12-31,159,105246.2,80118.0,36,25127.7,0,,0,0.0,
249,301,M,1942-01-10,56,1996-12-03,monthly,Plzen - sever,west Bohemia,1996-12-03,1998-12-31,155,489385.8,469446.0,25,19939.5,0,,0,0.0,
275,332,M,1978-07-25,20,1996-01-02,monthly,Rokycany,west Bohemia,1996-01-02,1998-12-31,208,125300.0,107202.6,36,18097.2,0,,0,0.0,
306,373,M,1936-02-28,62,1993-06-08,monthly,Jindrichuv Hradec,south Bohemia,1993-06-08,1998-12-31,345,444938.3,412199.2,67,32739.0,0,,0,0.0,
338,413,F,1972-11-18,26,1995-11-18,monthly,Semily,east Bohemia,1995-11-18,1998-12-31,176,145622.7,128091.2,38,17531.3,0,,0,0.0,
355,433,M,1955-02-07,43,1996-02-01,weekly,Uherske Hradiste,south Moravia,1996-02-01,1998-12-31,232,561664.2,539900.0,35,21764.3,0,,0,0.0,
358,436,M,1955-06-15,43,1993-12-09,monthly,Benesov,central Bohemia,1993-12-09,1998-12-31,463,212158.6,191612.6,61,20545.9,0,,0,0.0,
364,442,F,1971-12-16,27,1997-01-20,monthly,Hl.m. Praha,Prague,1997-01-20,1998-12-31,93,79480.8,52600.8,24,26879.9,0,,0,0.0,
4332,5217,F,1940-07-16,58,1997-12-23,monthly,Ostrava - mesto,north Moravia,1997-12-23,1998-12-31,61,348029.5,310281.8,13,37747.5,0,,0,0.0,
4349,5240,M,1940-02-17,58,1996-09-16,monthly,Ostrava - mesto,north Moravia,1996-09-16,1998-12-31,129,973093.1,887827.2,28,85266.0,0,,0,0.0,
4511,5441,M,1957-01-25,41,1993-09-26,monthly,Pisek,south Bohemia,1993-09-26,1998-12-31,358,510965.7,485730.8,64,25234.3,0,,0,0.0,
4526,5460,M,1961-10-01,37,1993-11-29,monthly,Vyskov,south Moravia,1993-11-29,1998-12-31,267,840954.9,757917.6,62,83037.3,0,,0,0.0,
4596,5539,M,1935-06-05,63,1993-03-09,monthly,Ostrava - mesto,north Moravia,1993-03-09,1998-12-31,344,1571565.2,1525785.6,70,45779.5,0,,0,0.0,
4753,5736,M,1953-05-16,45,1996-11-07,monthly,Hl.m. Praha,Prague,1996-11-07,1998-12-31,112,291910.1,284117.6,26,7792.3,0,,0,0.0,
5250,6342,M,1954-06-04,44,1996-07-20,weekly,Mlada Boleslav,central Bohemia,1996-07-20,1998-12-31,138,966689.7,945317.0,30,21372.5,0,,0,0.0,
7231,8726,M,1953-08-10,45,1993-03-14,monthly,Praha - vychod,central Bohemia,1993-03-14,1998-12-31,423,2869502.6,2779859.6,70,89642.8,0,,0,0.0,
4538,5473,F,1968-08-09,30,1995-05-07,monthly,Karvina,north Moravia,1995-05-07,1998-11-17,69,58854.7,34500.0,40,24354.1,0,,0,0.0,
5063,6112,F,1958-12-28,40,1995-10-11,monthly,Hradec Kralove,east Bohemia,1995-10-11,1998-12-31,172,502864.2,498099.0,39,4765.2,0,,0,0.0,
5483,6619,F,1943-12-18,55,1993-03-28,monthly,Hradec Kralove,east Bohemia,1993-03-28,1998-12-31,371,1398041.6,1351472.4,70,46568.9,0,,0,0.0,
5726,6924,M,1967-08-23,31,1996-04-19,after_transaction,Pelhrimov,south Bohemia,1996-04-19,1998-12-31,168,878438.9,862709.5,33,15729.1,0,,0,0.0,
6064,7327,M,1959-05-22,39,1997-01-11,monthly,Semily,east Bohemia,1997-01-11,1998-12-31,107,162664.8,159058.9,24,3605.8,0,,0,0.0,
6897,8327,F,1945-08-31,53,1993-04-23,monthly,Rychnov nad Kneznou,east Bohemia,1993-04-23,1998-12-31,386,2422174.5,2328344.3,69,93830.1,0,,0,0.0,
7465,9250,M,1963-01-14,35,1996-12-19,weekly,Hl.m. Praha,Prague,1996-12-19,1998-12-31,94,333225.4,248250.4,25,84975.2,0,,0,0.0,
176,215,M,1967-09-24,31,1996-08-12,weekly,Novy Jicin,north Moravia,1996-08-12,1998-12-31,274,1481270.6,1409448.6,29,71821.5,0,,1,27456.0,A
349,426,M,1937-06-01,61,1997-06-08,monthly,Olomouc,north Moravia,1997-06-08,1998-12-31,107,179138.8,162456.4,19,16682.5,0,,1,42816.0,C
501,603,F,1966-03-09,32,1995-10-21,monthly,Rakovnik,central Bohemia,1995-10-21,1998-12-31,233,1341359.7,1259585.8,39,81774.5,0,,1,262980.0,C
2142,2590,F,1964-10-19,34,1997-09-01,monthly,Havlickuv Brod,east Bohemia,1997-09-01,1998-12-31,91,339526.7,307948.6,16,31577.9,0,,1,23328.0,C
2343,2831,F,1980-07-09,18,1994-12-09,monthly,Frydek - Mistek,north Moravia,1994-12-09,1998-12-31,303,652809.2,608275.8,49,44533.1,0,,1,99336.0,A
4033,4861,F,1977-11-01,21,1996-11-19,monthly,Hodonin,south Moravia,1996-11-19,1998-12-31,167,343509.1,305236.0,26,38272.8,0,,1,84288.0,C
4794,5788,M,1962-05-04,36,1996-12-18,monthly,Olomouc,north Moravia,1996-12-18,1998-12-31,197,445402.0,439349.2,25,6052.7,0,,1,465504.0,D
4937,5965,M,1951-04-10,47,1993-02-20,monthly,Svitavy,east Bohemia,1993-02-20,1998-12-31,560,2622812.8,2556216.6,71,66596.6,0,,1,143904.0,A
5126,6185,F,1948-03-05,50,1995-04-03,monthly,Jihlava,south Moravia,1995-04-03,1998-12-31,292,438688.0,417328.0,45,21359.9,0,,1,20352.0,C
5541,6691,M,1942-10-15,56,1995-03-24,monthly,Hradec Kralove,east Bohemia,1995-03-24,1998-12-31,343,473461.0,408284.0,46,65176.8,0,,1,32640.0,C
5927,7166,M,1964-05-13,34,1993-11-26,monthly,Cesky Krumlov,south Bohemia,1993-11-26,1998-12-31,502,974964.5,944839.3,62,29980.7,0,,1,87216.0,B
5991,7241,F,1957-09-06,41,1993-11-21,monthly,Hodonin,south Moravia,1993-11-21,1998-12-31,459,1102586.1,1070521.6,62,32064.0,0,,1,61056.0,A
6472,7814,F,1976-01-06,22,1994-02-08,monthly,Trebic,south Moravia,1994-02-08,1998-12-31,381,2479732.9,2420740.4,59,58992.2,0,,1,43164.0,A
6609,7980,M,1976-08-08,22,1995-03-27,monthly,Jindrichuv Hradec,south Bohemia,1995-03-27,1998-12-31,281,1174438.5,1074454.6,46,99984.0,0,,1,60156.0,B
6688,8076,F,1950-07-27,48,1996-06-25,monthly,Jindrichuv Hradec,south Bohemia,1996-06-25,1998-12-31,249,303179.7,253213.0,31,49966.4,0,,1,22968.0,C
6738,8130,F,1976-05-08,22,1994-07-28,monthly,Uherske Hradiste,south Moravia,1994-07-28,1998-12-31,288,1100374.7,1053488.8,54,46885.4,0,,1,37908.0,A
440,530,F,1957-09-27,41,1996-12-22,monthly,Rokycany,west Bohemia,1996-12-22,1998-12-31,147,438834.9,378856.4,25,59978.4,0,,1,84288.0,C
472,568,F,1960-07-19,38,1996-10-11,monthly,Mlada Boleslav,central Bohemia,1996-10-11,1998-12-31,159,1410872.0,1380125.8,27,30746.9,0,,1,196800.0,D
4576,5517,M,1964-03-13,34,1993-06-05,monthly,Hodonin,south Moravia,1993-06-05,1998-12-31,415,1403206.0,1349629.2,67,53576.3,0,,1,300204.0,A
4774,5760,M,1948-05-08,50,1994-01-14,monthly,Zdar nad Sazavou,south Moravia,1994-01-14,1998-12-31,392,1531313.4,1449626.4,60,81686.4,0,,1,465072.0,C
5118,6175,M,1964-05-17,34,1995-08-05,monthly,Olomouc,north Moravia,1995-08-05,1998-12-31,305,412434.9,380636.6,41,31797.9,0,,1,53232.0,C
5385,6499,M,1963-02-01,35,1993-05-21,weekly,Chrudim,east Bohemia,1993-05-21,1998-12-31,427,1191485.0,1155278.1,68,36204.8,0,,1,149340.0,C
5395,6511,M,1953-08-07,45,1996-04-26,monthly,Pardubice,east Bohemia,1996-04-26,1998-12-31,196,908644.4,870673.8,33,37970.1,0,,1,158184.0,C
5445,6571,F,1971-03-24,27,1997-02-19,monthly,Olomouc,north Moravia,1997-02-19,1998-12-31,193,337331.4,315213.2,23,22118.2,0,,1,78696.0,C
5912,7150,F,1963-09-16,35,1996-10-25,monthly,Jicin,east Bohemia,1996-10-25,1998-12-31,153,545563.6,510620.4,27,34943.0,0,,1,184620.0,C
8405,10382,F,1965-02-17,33,1994-05-10,monthly,Strakonice,south Bohemia,1994-05-10,1998-12-31,532,1353075.0,1310795.0,56,42103.7,0,,1,266220.0,C
8505,10492,M,1937-11-11,61,1997-03-20,monthly,Karvina,north Moravia,1997-03-20,1998-12-31,135,362574.0,339713.6,22,22754.9,0,,1,42840.0,A
8784,10828,F,1957-11-23,41,1996-10-16,monthly,Hl.m. Praha,Prague,1996-10-16,1998-12-31,191,1059353.0,992724.6,27,66384.2,0,,1,74352.0,C
4660,5618,F,1953-03-22,45,1997-01-03,monthly,Vyskov,south Moravia,1997-01-03,1998-12-31,188,824854.4,789694.4,24,35159.9,0,,1,106944.0,C
4852,5860,M,1964-04-22,34,1995-04-13,monthly,Pardubice,east Bohemia,1995-04-13,1998-12-31,275,515036.0,492165.4,45,22870.2,0,,1,213300.0,C
5283,6383,M,1970-01-07,28,1997-09-18,monthly,Cesky Krumlov,south Bohemia,1997-09-18,1998-12-31,93,751696.6,693871.0,16,57825.4,0,,1,170832.0,C
5313,6417,M,1950-01-07,48,1993-04-29,monthly,Teplice,north Bohemia,1993-04-29,1998-12-31,601,2489786.9,2467221.4,69,22567.7,0,,1,300660.0,C
5591,6749,F,1943-09-29,55,1996-03-16,monthly,Nymburk,central Bohemia,1996-03-16,1998-12-31,299,807481.7,743534.2,34,63946.8,0,,1,221880.0,C
5632,6803,F,1980-12-07,18,1994-11-15,weekly,Kolin,central Bohemia,1994-11-15,1998-12-31,326,2277697.8,2229293.0,50,48404.8,0,,1,285600.0,C
5650,6829,F,1963-12-24,35,1995-01-08,after_transaction,Praha - vychod,central Bohemia,1995-01-08,1998-12-31,327,1331970.2,1289194.2,48,42775.1,0,,1,98592.0,A
6061,7324,F,1963-03-18,35,1997-03-08,monthly,Hl.m. Praha,Prague,1997-03-08,1998-12-31,126,497912.8,446772.6,22,51140.2,0,,1,5148.0,C
6075,7339,F,1974-02-28,24,1996-09-15,monthly,Prachatice,south Bohemia,1996-09-15,1998-12-31,128,212915.0,194878.2,28,18036.6,0,,1,407952.0,D
7418,9196,F,1939-04-23,59,1995-04-07,monthly,Tabor,south Bohemia,1995-04-07,1998-12-31,377,795848.0,779059.9,45,16787.7,0,,1,30276.0,B
7565,9370,M,1975-12-20,23,1996-04-02,monthly,Kromeriz,south Moravia,1996-04-02,1998-12-31,224,697031.5,673251.6,33,23779.0,0,,1,153504.0,C
7890,9755,F,1951-06-05,47,1996-03-26,monthly,Cheb,west Bohemia,1996-03-26,1998-12-31,204,333511.9,276066.8,34,57445.1,0,,1,79344.0,C
7907,9775,M,1960-06-23,38,1996-07-27,monthly,Karvina,north Moravia,1996-07-27,1998-12-31,203,1064951.3,1006126.0,30,58825.6,0,,1,97392.0,A
8321,10275,F,1970-01-25,28,1993-04-12,monthly,Vsetin,north Moravia,1993-04-12,1998-12-31,535,935305.4,870382.4,69,64922.2,0,,1,89040.0,C
1480,1793,F,1945-03-17,53,1996-07-03,weekly,Usti nad Labem,north Bohemia,1996-07-03,1998-12-31,162,1056571.4,1026897.2,29,29674.6,1,classic,1,123300.0,C
1698,2063,F,1950-09-26,48,1996-03-14,monthly,Frydek - Mistek,north Moravia,1996-03-14,1998-12-31,213,704748.3,650073.8,34,54674.1,1,classic,1,141948.0,C
2699,3257,F,1978-05-11,20,1996-12-25,monthly,Opava,north Moravia,1996-12-25,1998-12-31,180,1173069.2,1120622.4,25,52446.7,1,junior,1,231168.0,C
2824,3414,F,1947-10-17,51,1993-10-20,monthly,Praha - zapad,central Bohemia,1993-10-20,1998-12-31,413,1071793.0,973727.2,63,98065.5,1,gold,1,50460.0,C
3229,3906,M,1936-12-23,62,1995-11-18,monthly,Zlin,south Moravia,1995-11-18,1998-12-31,277,1237871.8,1223583.8,38,14288.4,1,classic,1,39024.0,A
4715,5684,F,1955-03-02,43,1996-10-28,monthly,Mlada Boleslav,central Bohemia,1996-10-28,1998-12-31,153,1313164.7,1279626.6,27,33537.8,1,classic,1,97176.0,C
4863,5873,F,1979-04-06,19,1996-03-12,monthly,Kolin,central Bohemia,1996-03-12,1998-12-31,261,1386176.4,1325306.4,34,60869.3,1,junior,1,76080.0,A
97,116,M,1942-01-28,56,1996-05-05,monthly,Ostrava - mesto,north Moravia,1996-05-05,1998-12-31,274,640920.2,588336.2,32,52583.8,1,classic,1,102876.0,A
132,158,F,1945-07-03,53,1996-05-11,after_transaction,Teplice,north Bohemia,1996-05-11,1998-12-31,198,1285255.7,1250699.4,32,34556.6,1,classic,1,88440.0,A
4099,4937,F,1960-11-09,38,1996-05-26,monthly,Brno - mesto,south Moravia,1996-05-26,1998-12-31,255,622366.6,570832.6,32,51533.6,1,classic,1,41856.0,C
8492,10479,F,1955-10-20,43,1994-06-29,monthly,Benesov,central Bohemia,1994-06-29,1998-12-31,422,737623.7,658062.4,55,79560.6,1,classic,1,85860.0,C
4949,5978,F,1944-01-27,54,1996-10-14,monthly,Decin,north Bohemia,1996-10-14,1998-12-31,154,1067254.2,1002696.4,27,64557.3,1,gold,1,289920.0,C
6273,7576,M,1962-07-10,36,1993-07-21,monthly,Louny,north Bohemia,1993-07-21,1998-12-31,398,1829762.0,1764118.6,66,65643.0,1,classic,1,87360.0,A
6592,7959,F,1978-06-29,20,1996-10-20,monthly,Hl.m. Praha,Prague,1996-10-20,1998-12-31,224,1697217.7,1609262.0,27,87956.2,1,junior,1,390660.0,C
281,339,M,1966-07-30,32,1996-10-27,monthly,Hl.m. Praha,Prague,1996-10-27,1998-12-31,145,356681.2,296222.6,27,60458.5,1,classic,0,0.0,
373,453,M,1969-07-16,29,1996-06-20,monthly,Bruntal,north Moravia,1996-06-20,1998-12-31,163,379815.6,327477.0,31,52338.4,1,classic,0,0.0,
446,537,M,1935-01-16,63,1993-06-15,monthly,Hl.m. Praha,Prague,1993-06-15,1998-12-31,394,1740766.7,1691272.6,67,49493.9,1,classic,0,0.0,
456,548,M,1937-12-04,61,1993-01-21,monthly,Semily,east Bohemia,1993-01-21,1998-12-31,387,3702242.8,3636370.6,72,65872.0,1,gold,0,0.0,
523,629,M,1976-03-10,22,1993-08-11,monthly,Jindrichuv Hradec,south Bohemia,1993-08-11,1998-12-31,320,847264.7,776561.4,65,70703.0,1,junior,0,0.0,
1515,1836,F,1944-03-07,54,1993-06-11,monthly,Liberec,north Bohemia,1993-06-11,1998-12-31,540,1991547.5,1959057.6,67,32489.8,1,classic,0,0.0,
1797,2177,F,1942-05-30,56,1994-08-01,monthly,Karlovy Vary,west Bohemia,1994-08-01,1998-12-31,331,908600.8,850470.8,53,58129.9,1,classic,0,0.0,
1885,2287,M,1979-10-21,19,1996-08-13,monthly,Pardubice,east Bohemia,1996-08-13,1998-12-31,174,255863.8,238929.6,29,16933.8,1,junior,0,0.0,
2219,2688,F,1967-10-24,31,1993-03-11,monthly,Prostejov,south Moravia,1993-03-11,1998-12-31,488,3688601.6,3644423.0,70,44178.1,1,gold,0,0.0,
2418,2921,F,1976-12-20,22,1996-10-29,monthly,Zlin,south Moravia,1996-10-29,1998-12-31,175,1459263.0,1383420.0,27,75843.0,1,classic,0,0.0,
2540,3066,F,1982-03-09,16,1995-04-01,monthly,Brno - mesto,south Moravia,1995-04-01,1998-12-31,272,354903.2,311113.2,45,43789.5,1,junior,0,0.0,
2552,3082,F,1979-10-17,19,1993-07-01,monthly,Usti nad Orlici,east Bohemia,1993-07-01,1998-12-31,390,1297602.0,1222360.6,66,75241.1,1,junior,0,0.0,
2670,3225,M,1957-03-17,41,1993-01-27,monthly,Rakovnik,central Bohemia,1993-01-27,1998-12-31,432,1889821.8,1850187.6,72,39633.6,1,classic,0,0.0,
2689,3245,M,1952-12-02,46,1997-01-01,monthly,Karvina,north Moravia,1997-01-01,1998-12-31,151,526600.3,480337.4,24,46263.0,1,classic,0,0.0,
2845,3439,M,1967-01-27,31,1997-08-21,monthly,Uherske Hradiste,south Moravia,1997-08-21,1998-12-31,81,385610.8,334868.6,17,50742.0,1,classic,0,0.0,
2963,3577,F,1942-12-15,56,1996-12-09,monthly,Tachov,west Bohemia,1996-12-09,1998-12-31,126,422724.4,364712.0,25,58012.3,1,classic,0,0.0,
3012,3638,F,1943-12-11,55,1997-04-18,monthly,Semily,east Bohemia,1997-04-18,1998-12-31,99,110472.2,68565.0,21,41907.3,1,classic,0,0.0,
3113,3765,F,1956-01-24,42,1993-08-16,monthly,Jicin,east Bohemia,1993-08-16,1998-12-31,519,2355804.3,2326235.5,65,29568.0,1,classic,0,0.0,
3124,3779,M,1949-05-15,49,1995-06-13,monthly,Kutna Hora,central Bohemia,1995-06-13,1998-12-31,321,694730.6,652197.2,43,42533.6,1,classic,0,0.0,
3163,3824,M,1971-01-07,27,1997-05-24,monthly,Usti nad Labem,north Bohemia,1997-05-24,1998-12-31,121,883212.6,794718.4,20,88494.2,1,gold,0,0.0,
4009,4832,F,1957-01-09,41,1994-02-20,monthly,Breclav,south Moravia,1994-02-20,1998-12-31,291,1573899.9,1484833.8,59,89066.1,1,classic,0,0.0,
4296,5175,F,1949-09-18,49,1993-01-28,monthly,Vyskov,south Moravia,1993-01-28,1998-12-31,355,1461950.5,1414983.6,72,46966.0,1,classic,0,0.0,
2298,2782,M,1940-09-13,58,1993-07-03,monthly,Tachov,west Bohemia,1993-07-03,1998-12-31,363,1572223.1,1511940.6,66,60282.0,1,classic,0,0.0,
2392,2888,F,1978-09-09,20,1997-05-18,monthly,Hl.m. Praha,Prague,1997-05-18,1998-11-30,38,154245.7,112400.0,19,41845.4,1,junior,0,0.0,
2779,3356,M,1974-04-23,24,1993-06-15,monthly,Opava,north Moravia,1993-06-15,1998-12-31,531,1259828.0,1181661.6,67,78165.6,1,classic,0,0.0,
2836,3427,M,1980-06-16,18,1995-11-18,monthly,Havlickuv Brod,east Bohemia,1995-11-18,1998-12-31,209,792905.2,754503.2,38,38401.9,1,junior,0,0.0,
180,219,F,1964-04-02,34,1993-12-14,weekly,Prostejov,south Moravia,1993-12-14,1998-12-31,331,1637062.7,1572753.8,61,64308.6,1,classic,0,0.0,
253,305,M,1938-06-08,60,1995-12-05,monthly,Nachod,east Bohemia,1995-12-05,1998-12-31,177,913983.9,807168.8,37,106814.9,1,classic,0,0.0,
351,429,F,1981-01-20,17,1997-02-17,monthly,Svitavy,east Bohemia,1997-02-17,1998-12-31,136,179747.0,161592.0,23,18155.0,1,junior,0,0.0,
387,468,M,1959-04-27,39,1997-09-19,monthly,Olomouc,north Moravia,1997-09-19,1998-12-31,56,363179.6,320024.2,16,43155.4,1,classic,0,0.0,
403,487,F,1922-04-01,76,1993-07-29,monthly,Hl.m. Praha,Prague,1993-07-29,1998-12-31,314,374106.5,295056.0,66,79049.8,1,classic,0,0.0,
4255,5128,M,1963-12-24,35,1993-11-08,weekly,Karvina,north Moravia,1993-11-08,1998-12-31,340,2356818.5,2251708.0,62,105110.1,1,gold,0,0.0,
4543,5478,M,1945-10-27,53,1993-10-08,monthly,Decin,north Bohemia,1993-10-08,1998-12-31,280,374830.3,309769.1,63,65060.5,1,classic,0,0.0,
5357,6468,M,1944-02-23,54,1994-12-18,monthly,Karvina,north Moravia,1994-12-18,1998-12-31,231,566993.4,480428.2,49,86564.9,1,classic,0,0.0,
8896,10960,M,1942-02-20,56,1996-05-02,after_transaction,Plzen - sever,west Bohemia,1996-05-02,1998-12-31,237,1714203.1,1669861.0,32,44289.6,0,,0,0.0,
8957,11034,M,1972-02-19,26,1993-11-13,monthly,Hl.m. Praha,Prague,1993-11-13,1998-12-31,391,1745397.0,1683085.6,62,62311.7,0,,0,0.0,
1014,1218,M,1980-05-27,18,1996-03-20,monthly,Ostrava - mesto,north Moravia,1996-03-20,1998-12-31,160,208082.7,184573.4,34,23509.2,0,,0,0.0,
1049,1259,M,1966-09-29,32,1997-12-04,monthly,Pisek,south Bohemia,1997-12-04,1998-12-31,69,68747.6,33448.8,13,35298.9,0,,0,0.0,
1066,1279,M,1956-07-11,42,1996-09-15,weekly,Jindrichuv Hradec,south Bohemia,1996-09-15,1998-12-31,165,1375041.9,1295693.0,28,79348.9,0,,0,0.0,
1096,1315,M,1923-02-26,75,1997-03-03,monthly,Chomutov,north Bohemia,1997-03-03,1998-12-31,108,143908.9,118404.2,22,25504.6,0,,0,0.0,
1103,1324,F,1956-08-07,42,1995-07-09,monthly,Zdar nad Sazavou,south Moravia,1995-07-09,1998-12-31,189,964413.6,933140.2,42,31272.8,0,,0,0.0,
1123,1347,M,1970-03-06,28,1993-11-01,monthly,Rakovnik,central Bohemia,1993-11-01,1998-12-31,405,1110652.8,1078568.2,62,32084.2,0,,0,0.0,
1128,1354,M,1921-01-14,77,1993-11-21,monthly,Zlin,south Moravia,1993-11-21,1998-12-31,311,386506.7,325217.6,62,61289.0,0,,0,0.0,
1144,1375,M,1977-01-27,21,1993-01-28,monthly,Jesenik,north Moravia,1993-01-28,1998-12-31,349,244826.2,220523.6,72,24302.7,0,,0,0.0,
1165,1402,M,1936-11-25,62,1997-03-23,monthly,Chrudim,east Bohemia,1997-03-23,1998-12-31,102,312503.5,284813.6,22,27689.9,0,,0,0.0,
1195,1441,F,1931-12-05,67,1996-12-27,monthly,Havlickuv Brod,east Bohemia,1996-12-27,1998-12-31,127,152586.8,119284.4,25,33302.1,0,,0,0.0,
1221,1474,F,1971-12-15,27,1997-01-02,monthly,Jicin,east Bohemia,1997-01-02,1998-12-31,121,776925.0,758411.2,24,18513.4,0,,0,0.0,
1291,1561,F,1923-09-16,75,1994-07-04,monthly,Hl.m. Praha,Prague,1994-07-04,1998-12-31,328,265210.4,242322.4,54,22887.6,0,,0,0.0,
1299,1572,F,1963-12-12,35,1993-06-21,monthly,Hl.m. Praha,Prague,1993-06-21,1998-12-31,386,285624.5,260186.6,67,25437.9,0,,0,0.0,
1321,1597,M,1956-05-10,42,1997-03-27,monthly,Prostejov,south Moravia,1997-03-27,1998-12-31,111,133003.4,107984.6,22,25018.7,0,,0,0.0,
1322,1598,M,1925-04-25,73,1993-07-05,monthly,Bruntal,north Moravia,1993-07-05,1998-12-31,374,297751.9,275092.6,66,22658.9,0,,0,0.0,
1324,1601,F,1969-03-29,29,1996-11-05,monthly,Havlickuv Brod,east Bohemia,1996-11-05,1998-12-31,152,530301.0,467267.6,26,63033.3,0,,0,0.0,
1341,1623,M,1963-07-09,35,1995-11-21,monthly,Liberec,north Bohemia,1995-11-21,1998-12-31,172,119929.1,102343.2,38,17585.9,0,,0,0.0,
1385,1676,M,1953-02-03,45,1997-05-08,monthly,Blansko,south Moravia,1997-05-08,1998-12-31,106,390929.7,321463.0,20,69466.6,0,,0,0.0,
1406,1703,M,1918-01-11,80,1994-03-04,monthly,Svitavy,east Bohemia,1994-03-04,1998-12-31,318,245007.1,228773.8,58,16232.6,0,,0,0.0,
1418,1719,M,1970-08-09,28,1997-02-09,monthly,Jablonec n. Nisou,north Bohemia,1997-02-09,1998-12-31,119,275566.3,244204.8,23,31361.4,0,,0,0.0,
1421,1723,F,1981-02-28,17,1994-10-05,monthly,Novy Jicin,north Moravia,1994-10-05,1998-12-31,302,395285.7,329800.8,51,65484.6,0,,0,0.0,
1432,1737,M,1955-07-30,43,1997-07-19,monthly,Plzen - jih,west Bohemia,1997-07-19,1998-12-31,87,607777.7,585274.2,18,22503.4,0,,0,0.0,
1436,1743,M,1959-07-27,39,1994-12-07,monthly,Beroun,central Bohemia,1994-12-07,1998-12-31,274,326725.7,276318.4,49,50407.2,0,,0,0.0,
1458,1768,M,1951-04-27,47,1994-01-03,monthly,Rokycany,west Bohemia,1994-01-03,1998-12-31,353,1093461.0,1060048.0,60,33412.9,0,,0,0.0,
1487,1801,M,1970-01-01,28,1993-09-10,monthly,Zdar nad Sazavou,south Moravia,1993-09-10,1998-12-31,324,218440.7,189857.4,64,28582.8,0,,0,0.0,
3,4,M,1956-12-01,42,1997-07-07,monthly,Kolin,central Bohemia,1997-07-07,1998-12-31,117,173059.0,121962.8,18,51096.1,0,,0,0.0,
6,8,F,1938-02-21,60,1994-09-27,monthly,Trutnov,east Bohemia,1994-09-27,1998-12-31,246,347617.5,299949.6,52,47668.0,0,,0,0.0,
41,49,F,1959-05-11,39,1997-08-02,monthly,Olomouc,north Moravia,1997-08-02,1998-12-31,71,327942.9,227175.2,17,100767.7,0,,0,0.0,
58,67,F,1932-11-11,66,1996-08-23,monthly,Rokycany,west Bohemia,1996-08-23,1998-12-31,137,164368.6,153112.9,29,11255.5,0,,0,0.0,
76,90,M,1975-08-17,23,1996-05-16,monthly,Usti nad Orlici,east Bohemia,1996-05-16,1998-12-31,163,299929.9,280295.6,32,19633.9,0,,0,0.0,
82,97,M,1965-11-28,33,1994-05-03,monthly,Plzen - mesto,west Bohemia,1994-05-03,1998-12-31,332,2462375.7,2378446.6,56,83928.8,0,,0,0.0,
89,106,F,1968-12-30,30,1997-09-25,monthly,Frydek - Mistek,north Moravia,1997-09-25,1998-12-31,61,98565.9,60646.0,16,37919.9,0,,0,0.0,
152,183,F,1978-03-19,20,1996-04-12,monthly,Hl.m. Praha,Prague,1996-04-12,1998-12-31,196,210060.4,191426.2,33,18634.1,0,,0,0.0,
164,198,M,1976-07-14,22,1996-09-13,monthly,Prostejov,south Moravia,1996-09-13,1998-12-02,51,157152.5,124300.0,26,32852.3,0,,0,0.0,
178,217,F,1974-12-22,24,1997-09-06,monthly,Kromeriz,south Moravia,1997-09-06,1998-12-31,76,49459.6,31377.6,16,18081.7,0,,0,0.0,
201,243,M,1954-02-10,44,1994-11-02,monthly,Vyskov,south Moravia,1994-11-02,1998-12-31,289,879616.6,835621.0,50,43995.2,0,,0,0.0,
210,253,F,1947-05-12,51,1996-03-17,monthly,Rychnov nad Kneznou,east Bohemia,1996-03-17,1998-12-31,186,613838.9,583640.8,34,30197.9,0,,0,0.0,
218,263,M,1962-05-20,36,1996-02-06,monthly,Frydek - Mistek,north Moravia,1996-02-06,1998-12-31,224,1822782.4,1797313.4,35,25468.7,0,,0,0.0,
293,356,F,1979-12-07,19,1997-05-04,monthly,Hl.m. Praha,Prague,1997-05-04,1998-12-31,139,253408.5,240391.0,20,13017.3,0,,0,0.0,
304,371,M,1942-07-16,56,1997-03-20,monthly,Kladno,central Bohemia,1997-03-20,1998-12-31,112,766757.0,743414.6,22,23342.3,0,,0,0.0,
362,440,F,1970-07-07,28,1993-04-04,monthly,Cesky Krumlov,south Bohemia,1993-04-04,1998-12-31,530,826552.4,764978.4,69,61573.8,0,,0,0.0,
370,450,M,1953-11-27,45,1994-02-18,monthly,Klatovy,west Bohemia,1994-02-18,1998-12-31,365,185675.8,164838.8,59,20836.6,0,,0,0.0,
420,506,M,1946-08-16,52,1995-08-26,monthly,Prerov,north Moravia,1995-08-26,1998-12-31,224,538029.2,459331.0,41,78698.2,0,,0,0.0,
436,524,F,1963-01-02,35,1996-08-07,monthly,Sokolov,west Bohemia,1996-08-07,1998-12-31,191,260488.9,245343.4,29,15145.2,0,,0,0.0,
447,538,F,1948-05-10,50,1996-08-14,monthly,Kolin,central Bohemia,1996-08-14,1998-12-31,144,636810.8,553497.8,29,83312.7,0,,0,0.0,
451,543,F,1958-04-15,40,1994-05-05,monthly,Praha - zapad,central Bohemia,1994-05-05,1998-12-10,102,70483.0,53700.0,55,16783.4,0,,0,0.0,
461,554,F,1925-04-19,73,1993-02-18,monthly,Sokolov,west Bohemia,1993-02-18,1998-12-31,394,458781.7,384519.0,71,74262.1,0,,0,0.0,
477,574,M,1972-12-25,26,1993-01-25,monthly,Hl.m. Praha,Prague,1993-01-25,1998-12-31,543,1275213.6,1231459.6,72,43753.7,0,,0,0.0,
2491,3007,M,1964-04-11,34,1996-03-01,monthly,Sumperk,north Moravia,1996-03-01,1998-12-31,218,279029.1,252713.4,34,26315.7,0,,0,0.0,
2493,3009,F,1957-08-03,41,1993-03-29,monthly,Uherske Hradiste,south Moravia,1993-03-29,1998-12-31,382,750174.3,669614.4,70,80559.4,0,,0,0.0,
2590,3126,M,1938-01-13,60,1996-12-04,monthly,Pardubice,east Bohemia,1996-12-04,1998-12-31,158,77798.8,65302.0,25,12497.0,0,,0,0.0,
2630,3175,F,1950-07-19,48,1995-12-21,monthly,Zlin,south Moravia,1995-12-21,1998-12-31,181,776365.9,744652.6,37,31713.0,0,,0,0.0,
2634,3179,F,1948-03-12,50,1997-10-08,monthly,Jicin,east Bohemia,1997-10-08,1998-12-31,58,315432.8,221331.4,15,94101.2,0,,0,0.0,
2655,3203,F,1959-04-23,39,1996-09-07,monthly,Hl.m. Praha,Prague,1996-09-07,1998-12-31,208,609717.5,580418.4,28,29299.0,0,,0,0.0,
2664,3216,M,1959-11-28,39,1994-01-20,monthly,Jihlava,south Moravia,1994-01-20,1998-12-31,404,994361.8,911228.4,60,83132.9,0,,0,0.0,
2674,3229,M,1979-04-18,19,1995-10-10,monthly,Svitavy,east Bohemia,1995-10-10,1998-12-31,198,284888.8,266561.0,39,18327.6,0,,0,0.0,
2791,3370,M,1919-03-28,79,1997-12-19,monthly,Klatovy,west Bohemia,1997-12-19,1998-12-31,45,66228.1,47637.2,13,18590.9,0,,0,0.0,
2797,3380,F,1978-04-03,20,1997-02-26,monthly,Ostrava - mesto,north Moravia,1997-02-26,1998-12-31,100,450434.8,413208.2,23,37226.7,0,,0,0.0,
2801,3385,F,1924-02-13,74,1996-09-23,monthly,Praha - zapad,central Bohemia,1996-09-23,1998-12-31,118,165170.9,118779.2,28,46391.7,0,,0,0.0,
2802,3386,F,1940-03-08,58,1993-09-16,monthly,Semily,east Bohemia,1993-09-16,1998-12-31,365,306920.3,268212.8,64,38707.2,0,,0,0.0,
2806,3390,F,1972-11-17,26,1997-06-26,monthly,Blansko,south Moravia,1997-06-26,1998-12-31,92,196874.6,165061.8,19,31812.7,0,,0,0.0,
2820,3409,M,1919-04-03,79,1997-12-11,monthly,Liberec,north Bohemia,1997-12-11,1998-12-31,54,63192.4,41008.2,13,22184.2,0,,0,0.0,
2865,3463,F,1979-03-02,19,1995-03-03,monthly,Hl.m. Praha,Prague,1995-03-03,1998-12-31,374,615978.6,588384.6,46,27594.2,0,,0,0.0,
2878,3478,M,1926-05-30,72,1997-06-14,monthly,Hl.m. Praha,Prague,1997-06-14,1998-12-31,80,125157.2,111197.8,19,13959.2,0,,0,0.0,
2882,3484,M,1972-04-30,26,1996-07-20,monthly,Chrudim,east Bohemia,1996-07-20,1998-12-31,116,527154.1,469861.8,30,57292.0,0,,0,0.0,
2898,3502,M,1952-08-03,46,1996-11-23,monthly,Brno - mesto,south Moravia,1996-11-23,1998-12-31,134,465289.7,426887.0,26,38402.4,0,,0,0.0,
2920,3528,F,1970-10-06,28,1997-11-13,monthly,Opava,north Moravia,1997-11-13,1998-12-31,61,321445.2,288373.8,14,33071.4,0,,0,0.0,
2925,3533,F,1963-12-01,35,1993-01-10,monthly,Hl.m. Praha,Prague,1993-01-10,1998-12-31,385,549561.8,516874.2,72,32686.9,0,,0,0.0,
2926,3534,F,1971-03-21,27,1993-01-14,monthly,Svitavy,east Bohemia,1993-01-14,1998-12-31,620,872857.5,828606.6,72,44250.7,0,,0,0.0,
2929,3537,M,1946-04-16,52,1996-04-06,monthly,Trutnov,east Bohemia,1996-04-06,1998-12-31,226,1299543.9,1229395.2,33,70148.6,0,,0,0.0,
474,570,F,1941-01-31,57,1995-12-06,monthly,Trebic,south Moravia,1995-12-06,1998-12-31,238,183118.7,147947.2,37,35171.2,0,,0,0.0,
475,571,M,1924-09-27,74,1997-05-11,monthly,Beroun,central Bohemia,1997-05-11,1998-12-31,78,83245.9,70844.4,20,12401.2,0,,0,0.0,
481,579,F,1933-05-31,65,1996-04-23,monthly,Olomouc,north Moravia,1996-04-23,1998-12-31,189,217912.8,159877.2,33,58035.3,0,,0,0.0,
510,613,F,1977-08-10,21,1993-06-02,weekly,Hl.m. Praha,Prague,1993-06-02,1998-12-31,456,1681014.9,1612469.0,67,68545.0,0,,0,0.0,
526,632,M,1946-03-16,52,1996-07-16,monthly,Bruntal,north Moravia,1996-07-16,1998-12-31,162,518945.8,485046.4,30,33899.3,0,,0,0.0,
538,648,F,1935-09-28,63,1994-06-07,monthly,Karvina,north Moravia,1994-06-07,1998-12-31,250,226733.3,202690.0,55,24043.2,0,,0,0.0,
556,669,F,1956-12-19,42,1997-06-26,monthly,Pribram,central Bohemia,1997-06-26,1998-12-31,85,367701.7,311729.8,19,55971.7,0,,0,0.0,
563,676,M,1953-02-07,45,1993-07-27,monthly,Karvina,north Moravia,1993-07-27,1998-12-31,356,687762.3,668821.0,66,18940.6,0,,0,0.0,
579,697,M,1974-05-01,24,1997-12-16,monthly,Hl.m. Praha,Prague,1997-12-16,1998-12-31,62,95708.5,67419.2,13,28289.2,0,,0,0.0,
595,713,F,1980-03-29,18,1996-12-21,monthly,Strakonice,south Bohemia,1996-12-21,1998-12-31,159,1013963.5,926383.0,25,87580.5,0,,0,0.0,
639,766,F,1926-07-03,72,1997-11-03,monthly,Hl.m. Praha,Prague,1997-11-03,1998-12-31,56,62676.0,38481.4,14,24194.5,0,,0,0.0,
644,773,M,1935-10-30,63,1997-11-06,monthly,Kladno,central Bohemia,1997-11-06,1998-12-31,64,42337.6,26555.4,14,15781.9,0,,0,0.0,
646,775,F,1940-11-30,58,1996-01-06,monthly,Trutnov,east Bohemia,1996-01-06,1998-12-31,189,379152.7,359708.6,36,19443.7,0,,0,0.0,
652,782,F,1963-03-18,35,1993-01-05,monthly,Kolin,central Bohemia,1993-01-05,1998-12-31,400,1143576.3,1075126.2,72,68449.9,0,,0,0.0,
657,788,M,1974-09-03,24,1993-08-08,monthly,Pardubice,east Bohemia,1993-08-08,1998-12-31,441,461061.5,398762.0,65,62299.2,0,,0,0.0,
679,815,F,1964-10-27,34,1997-07-12,monthly,Domazlice,west Bohemia,1997-07-12,1998-12-31,120,317837.2,257515.2,18,60322.0,0,,0,0.0,
692,830,M,1948-08-27,50,1996-10-02,monthly,Jesenik,north Moravia,1996-10-02,1998-12-31,160,534160.3,521070.2,27,13089.8,0,,0,0.0,
838,1009,F,1962-04-27,36,1993-10-23,monthly,Decin,north Bohemia,1993-10-23,1998-11-26,68,64127.6,59900.0,57,4227.3,0,,0,0.0,
870,1048,F,1974-10-03,24,1995-03-27,monthly,Karvina,north Moravia,1995-03-27,1998-12-31,240,365533.8,344206.0,46,21327.5,0,,0,0.0,
898,1081,M,1970-12-16,28,1996-03-27,monthly,Novy Jicin,north Moravia,1996-03-27,1998-12-31,217,653441.0,609282.8,34,44158.1,0,,0,0.0,
937,1129,M,1931-09-24,67,1995-08-26,monthly,Hradec Kralove,east Bohemia,1995-08-26,1998-12-31,195,181718.3,150577.0,41,31141.1,0,,0,0.0,
961,1158,F,1954-08-21,44,1997-10-18,monthly,Hl.m. Praha,Prague,1997-10-18,1998-12-31,62,213680.7,188441.4,15,25239.3,0,,0,0.0,
966,1164,F,1959-09-14,39,1997-10-14,monthly,Cesky Krumlov,south Bohemia,1997-10-14,1998-12-31,48,46577.9,23851.4,15,22726.4,0,,0,0.0,
995,1199,F,1976-10-24,22,1995-08-23,monthly,Zlin,south Moravia,1995-08-23,1998-12-31,219,141933.3,113661.0,41,28272.1,0,,0,0.0,
1000,1204,F,1974-11-09,24,1993-01-25,monthly,Vsetin,north Moravia,1993-01-25,1998-12-31,584,2435536.3,2344206.6,72,91329.0,0,,0,0.0,
2092,2535,M,1945-01-10,53,1994-04-29,monthly,Hl.m. Praha,Prague,1994-04-29,1998-12-31,290,1526127.2,1418712.6,57,107414.2,0,,0,0.0,
2110,2554,M,1941-09-20,57,1993-02-23,monthly,Zlin,south Moravia,1993-02-23,1998-12-31,320,221824.2,202609.0,71,19214.8,0,,0,0.0,
2141,2589,M,1963-02-17,35,1997-05-09,monthly,Tabor,south Bohemia,1997-05-09,1998-12-31,107,531442.2,449279.0,20,82163.2,0,,0,0.0,
2158,2612,M,1975-02-03,23,1997-03-29,monthly,Louny,north Bohemia,1997-03-29,1998-12-31,102,191934.6,161298.2,22,30636.3,0,,0,0.0,
2160,2614,M,1946-03-14,52,1996-11-10,monthly,Olomouc,north Moravia,1996-11-10,1998-12-31,135,280026.6,241556.0,26,38470.3,0,,0,0.0,
2169,2625,M,1972-10-07,26,1997-07-09,monthly,Hodonin,south Moravia,1997-07-09,1998-12-31,111,456422.1,403629.8,18,52792.3,0,,0,0.0,
2226,2696,M,1947-09-04,51,1996-02-17,monthly,Benesov,central Bohemia,1996-02-17,1998-12-31,222,734259.7,695361.4,35,38897.9,0,,0,0.0,
2231,2703,F,1973-03-12,25,1997-10-14,monthly,Benesov,central Bohemia,1997-10-14,1998-12-31,74,102736.0,80139.4,15,22596.7,0,,0,0.0,
2239,2712,M,1956-01-17,42,1995-01-05,monthly,Klatovy,west Bohemia,1995-01-05,1998-12-31,320,794099.1,732367.8,48,61731.0,0,,0,0.0,
2252,2726,F,1973-07-28,25,1996-10-05,monthly,Hl.m. Praha,Prague,1996-10-05,1998-12-31,140,90470.9,67359.2,27,23111.5,0,,0,0.0,
2258,2733,F,1927-11-11,71,1996-11-12,monthly,Beroun,central Bohemia,1996-11-12,1998-12-31,119,170096.1,128904.0,26,41192.2,0,,0,0.0,
2295,2778,M,1964-05-16,34,1996-06-25,monthly,Hodonin,south Moravia,1996-06-25,1998-12-31,176,1191379.5,1103874.2,31,87505.1,0,,0,0.0,
2312,2798,M,1931-06-27,67,1997-09-26,monthly,Znojmo,south Moravia,1997-09-26,1998-12-31,59,81935.6,71738.0,16,10197.7,0,,0,0.0,
2329,2817,F,1977-02-19,21,1996-08-07,monthly,Hl.m. Praha,Prague,1996-08-07,1998-12-31,139,212551.3,176635.8,29,35915.6,0,,0,0.0,
2360,2852,F,1942-06-28,56,1996-08-27,monthly,Plzen - mesto,west Bohemia,1996-08-27,1998-12-31,161,622778.3,553535.8,29,69242.3,0,,0,0.0,
2411,2913,M,1962-12-27,36,1993-06-27,monthly,Chrudim,east Bohemia,1993-06-27,1998-12-31,331,1603093.3,1561010.6,67,42082.4,0,,0,0.0,
2414,2916,M,1972-09-30,26,1995-01-19,monthly,Hl.m. Praha,Prague,1995-01-19,1998-12-31,257,141703.7,123085.2,48,18618.1,0,,0,0.0,
2427,2932,F,1940-07-11,58,1993-10-08,weekly,Hl.m. Praha,Prague,1993-10-08,1998-12-31,406,1039172.2,1007078.0,63,32093.9,0,,0,0.0,
2440,2947,F,1957-05-18,41,1997-12-18,monthly,Prachatice,south Bohemia,1997-12-18,1998-12-31,68,310790.9,251272.2,13,59518.7,0,,0,0.0,
2449,2957,M,1978-03-07,20,1997-08-05,monthly,Cheb,west Bohemia,1997-08-05,1998-11-28,27,107818.3,52100.0,16,55718.3,0,,0,0.0,
2464,2975,F,1943-03-18,55,1993-07-02,after_transaction,Decin,north Bohemia,1993-07-02,1998-12-31,447,2252648.2,2166927.0,66,85720.3,0,,0,0.0,
2465,2976,F,1922-08-03,76,1996-10-06,monthly,Hodonin,south Moravia,1996-10-06,1998-12-31,154,165163.9,148581.2,27,16582.7,0,,0,0.0,
2482,2997,F,1941-03-09,57,1994-02-23,monthly,Hl.m. Praha,Prague,1994-02-23,1998-12-31,475,760136.1,725765.8,59,34370.1,0,,0,0.0,
2489,3005,M,1931-06-29,67,1993-03-09,monthly,Hradec Kralove,east Bohemia,1993-03-09,1998-12-31,349,411905.2,383239.0,70,28666.0,0,,0,0.0,
2750,3321,F,1969-05-30,29,1995-04-13,monthly,Rakovnik,central Bohemia,1995-04-13,1998-12-31,295,368750.8,325029.4,45,43721.2,0,,0,0.0,
2752,3323,F,1981-02-22,17,1996-05-15,monthly,Ostrava - mesto,north Moravia,1996-05-15,1998-12-31,175,296624.7,256958.8,32,39665.9,0,,0,0.0,
2761,3334,M,1967-07-01,31,1996-12-26,monthly,Hl.m. Praha,Prague,1996-12-26,1998-12-31,121,474096.9,436799.4,25,37297.4,0,,0,0.0,
2790,3369,M,1952-04-16,46,1994-10-18,monthly,Hl.m. Praha,Prague,1994-10-18,1998-12-31,293,939690.7,877309.0,51,62381.8,0,,0,0.0,
2841,3433,M,1962-09-07,36,1993-07-27,monthly,Novy Jicin,north Moravia,1993-07-27,1998-12-31,370,669194.7,642432.0,66,26762.3,0,,0,0.0,
2847,3441,M,1958-02-09,40,1994-05-08,monthly,Prerov,north Moravia,1994-05-08,1998-12-31,324,558235.7,509465.0,56,48770.4,0,,0,0.0,
2866,3464,M,1953-01-14,45,1995-09-13,monthly,Hradec Kralove,east Bohemia,1995-09-13,1998-12-31,222,753758.6,717081.4,40,36677.1,0,,0,0.0,
2886,3488,M,1955-10-09,43,1994-04-08,monthly,Hl.m. Praha,Prague,1994-04-08,1998-12-31,328,416024.8,399188.6,57,16836.1,0,,0,0.0,
2921,3529,M,1973-03-15,25,1996-09-21,monthly,Brno - mesto,south Moravia,1996-09-21,1998-12-31,147,424067.6,394355.2,28,29712.2,0,,0,0.0,
2944,3554,F,1965-12-21,33,1996-01-11,monthly,Domazlice,west Bohemia,1996-01-11,1998-12-31,229,317111.5,270641.6,36,46469.7,0,,0,0.0,
2952,3566,F,1932-02-19,66,1997-04-28,monthly,Znojmo,south Moravia,1997-04-28,1998-12-31,104,98705.2,83773.0,21,14932.1,0,,0,0.0,
2967,3582,M,1955-02-17,43,1996-11-13,monthly,Louny,north Bohemia,1996-11-13,1998-12-31,168,388481.3,364940.0,26,23541.1,0,,0,0.0,
2996,3618,M,1953-02-21,45,1994-05-17,monthly,Brno - mesto,south Moravia,1994-05-17,1998-12-31,464,842204.0,776931.0,56,65272.8,0,,0,0.0,
3011,3637,M,1959-01-10,39,1993-09-01,monthly,Zlin,south Moravia,1993-09-01,1998-12-31,369,213522.6,193281.4,64,20240.9,0,,0,0.0,
3024,3652,M,1920-02-20,78,1996-12-18,monthly,Hl.m. Praha,Prague,1996-12-18,1998-12-31,134,163621.6,144827.4,25,18794.0,0,,0,0.0,
3039,3673,F,1951-12-07,47,1993-12-10,monthly,Hl.m. Praha,Prague,1993-12-10,1998-12-31,406,708872.2,630631.0,61,78241.1,0,,0,0.0,
3070,3712,F,1969-05-30,29,1997-08-21,monthly,Breclav,south Moravia,1997-08-21,1998-12-31,84,298961.6,282028.6,17,16933.0,0,,0,0.0,
3104,3754,F,1947-07-13,51,1997-04-29,monthly,Hl.m. Praha,Prague,1997-04-29,1998-12-31,107,94137.4,77979.0,21,16158.1,0,,0,0.0,
3145,3803,M,1930-07-15,68,1993-12-03,monthly,Hl.m. Praha,Prague,1993-12-03,1998-12-31,313,349202.8,305279.6,61,43923.0,0,,0,0.0,
10152,12490,M,1980-08-14,18,1997-09-28,monthly,Chomutov,north Bohemia,1997-09-28,1998-12-31,99,412899.7,366171.8,16,46727.8,0,,0,0.0,
1785,2163,M,1918-04-08,80,1996-10-25,monthly,Usti nad Orlici,east Bohemia,1996-10-25,1998-12-31,119,130569.8,92398.6,27,38171.0,0,,0,0.0,
1796,2176,M,1946-07-16,52,1995-10-14,monthly,Pisek,south Bohemia,1995-10-14,1998-12-31,254,838223.6,784659.8,39,53563.6,0,,0,0.0,
1816,2201,M,1929-02-23,69,1993-10-08,monthly,Chrudim,east Bohemia,1993-10-08,1998-12-31,298,272457.5,253268.8,63,19188.5,0,,0,0.0,
1863,2260,F,1962-04-22,36,1997-04-01,monthly,Uherske Hradiste,south Moravia,1997-04-01,1998-12-31,143,217405.7,161357.6,21,56047.8,0,,0,0.0,
1932,2347,F,1943-12-17,55,1996-04-03,monthly,Jablonec n. Nisou,north Bohemia,1996-04-03,1998-12-31,173,506469.0,506451.5,33,17.3,0,,0,0.0,
1933,2348,M,1933-04-24,65,1997-04-04,monthly,Jablonec n. Nisou,north Bohemia,1997-04-04,1998-12-31,97,122519.2,106841.6,21,15677.3,0,,0,0.0,
1956,2378,F,1953-03-13,45,1997-05-23,monthly,Vyskov,south Moravia,1997-05-23,1998-12-31,102,192614.8,146854.4,20,45760.3,0,,0,0.0,
1973,2398,F,1955-08-25,43,1996-06-05,monthly,Novy Jicin,north Moravia,1996-06-05,1998-12-31,168,95574.6,71908.6,31,23665.7,0,,0,0.0,
1982,2408,F,1940-04-28,58,1997-05-08,monthly,Kutna Hora,central Bohemia,1997-05-08,1998-12-31,105,326072.7,267692.4,20,58380.2,0,,0,0.0,
1990,2418,F,1953-12-27,45,1993-06-09,monthly,Hl.m. Praha,Prague,1993-06-09,1998-12-31,331,224897.4,191731.2,67,33165.6,0,,0,0.0,
2026,2461,M,1967-04-02,31,1996-09-14,monthly,Zlin,south Moravia,1996-09-14,1998-12-31,170,422607.2,351081.2,28,71525.9,0,,0,0.0,
2029,2464,M,1945-09-01,53,1993-05-29,monthly,Sokolov,west Bohemia,1993-05-29,1996-12-09,36,39000.0,30100.0,36,8900.0,0,,0,0.0,
2042,2479,F,1959-03-31,39,1997-02-12,monthly,Tachov,west Bohemia,1997-02-12,1998-12-31,108,76777.2,58396.2,23,18380.9,0,,0,0.0,
2060,2499,M,1944-08-04,54,1996-12-05,monthly,Rakovnik,central Bohemia,1996-12-05,1998-12-31,130,425668.8,391292.0,25,34376.7,0,,0,0.0,
2070,2510,F,1959-06-10,39,1993-01-29,monthly,Olomouc,north Moravia,1993-01-29,1998-12-31,410,1011720.9,942135.6,72,69584.7,0,,0,0.0,
2079,2521,F,1947-03-30,51,1997-09-06,monthly,Brno - venkov,south Moravia,1997-09-06,1998-12-31,72,313590.3,234460.6,16,79129.4,0,,0,0.0,
2150,2601,M,1961-07-25,37,1993-09-12,monthly,Litomerice,north Bohemia,1993-09-12,1998-12-31,309,221412.8,203302.4,64,18110.0,0,,0,0.0,
2159,2613,M,1977-10-26,21,1996-01-01,monthly,Hl.m. Praha,Prague,1996-01-01,1998-12-31,233,900742.5,846120.6,36,54621.8,0,,0,0.0,
2201,2663,M,1976-10-01,22,1993-10-05,monthly,Mlada Boleslav,central Bohemia,1993-10-05,1998-12-31,422,202596.7,185642.8,63,16953.3,0,,0,0.0,
2214,2681,F,1971-01-04,27,1996-01-27,monthly,Jicin,east Bohemia,1996-01-27,1998-12-31,168,525082.1,481138.0,36,43944.1,0,,0,0.0,
2220,2689,M,1923-01-17,75,1993-02-10,monthly,Jindrichuv Hradec,south Bohemia,1993-02-10,1998-12-31,361,437454.1,421117.0,71,16336.7,0,,0,0.0,
3105,3755,F,1951-07-09,47,1997-11-21,monthly,Litomerice,north Bohemia,1997-11-21,1998-12-31,44,43513.1,21591.8,14,21921.1,0,,0,0.0,
3128,3783,F,1968-07-08,30,1995-01-06,monthly,Hl.m. Praha,Prague,1995-01-06,1998-12-31,225,378570.2,312727.8,48,65842.4,0,,0,0.0,
3147,3806,F,1967-06-27,31,1995-04-05,monthly,Brno - mesto,south Moravia,1995-04-05,1998-12-31,380,643862.7,580263.0,45,63599.7,0,,0,0.0,
3162,3823,M,1956-12-08,42,1996-05-18,weekly,Vyskov,south Moravia,1996-05-18,1998-12-31,167,783555.2,730374.0,32,53181.0,0,,0,0.0,
3172,3836,M,1948-11-21,50,1997-05-27,monthly,Vsetin,north Moravia,1997-05-27,1998-12-31,95,56905.3,38784.4,20,18120.9,0,,0,0.0,
3177,3842,M,1976-06-26,22,1996-11-12,monthly,Ostrava - mesto,north Moravia,1996-11-12,1998-12-02,51,136822.6,100900.0,25,35922.2,0,,0,0.0,
3231,3908,M,1929-11-25,69,1995-04-18,monthly,Opava,north Moravia,1995-04-18,1998-12-31,212,250267.2,224663.4,45,25603.7,0,,0,0.0,
3240,3919,M,1942-06-17,56,1996-05-29,weekly,Jablonec n. Nisou,north Bohemia,1996-05-29,1998-12-31,217,894703.1,889212.3,32,5490.6,0,,0,0.0,
3263,3948,F,1979-05-23,19,1996-03-07,monthly,Chrudim,east Bohemia,1996-03-07,1998-11-22,55,74959.3,32000.0,32,42960.0,0,,0,0.0,
3265,3952,F,1965-12-28,33,1996-03-30,after_transaction,Usti nad Orlici,east Bohemia,1996-03-30,1998-12-31,219,1453077.5,1421318.0,34,31759.3,0,,0,0.0,
3338,4036,F,1976-07-09,22,1995-12-24,monthly,Klatovy,west Bohemia,1995-12-24,1998-12-31,174,553357.6,504073.6,37,49283.7,0,,0,0.0,
3374,4080,F,1943-09-26,55,1993-02-17,monthly,Tabor,south Bohemia,1993-02-17,1998-12-31,369,1857738.0,1785049.9,71,72687.9,0,,0,0.0,
3396,4106,M,1936-11-09,62,1997-11-20,monthly,Hl.m. Praha,Prague,1997-11-20,1998-12-31,53,220557.3,182956.8,14,37600.3,0,,0,0.0,
3423,4138,F,1968-09-18,30,1997-11-10,monthly,Praha - zapad,central Bohemia,1997-11-10,1998-12-31,68,101013.6,87766.4,14,13247.1,0,,0,0.0,
3433,4151,F,1926-07-17,72,1997-07-07,monthly,Opava,north Moravia,1997-07-07,1998-12-31,77,76184.5,53471.8,18,22712.7,0,,0,0.0,
3482,4209,F,1933-02-23,65,1995-01-03,monthly,Karvina,north Moravia,1995-01-03,1998-12-31,223,228033.4,212415.8,48,15617.3,0,,0,0.0,
3496,4224,F,1977-04-03,21,1997-06-11,monthly,Havlickuv Brod,east Bohemia,1997-06-11,1998-12-31,89,639699.4,568651.8,19,71047.6,0,,0,0.0,
3522,4253,F,1936-05-19,62,1996-06-07,monthly,Jindrichuv Hradec,south Bohemia,1996-06-07,1998-12-31,156,217895.7,195040.6,31,22854.8,0,,0,0.0,
3525,4256,M,1957-03-29,41,1995-12-01,monthly,Karvina,north Moravia,1995-12-01,1998-12-31,174,207781.1,184599.2,37,23182.0,0,,0,0.0,
3530,4261,F,1924-08-04,74,1996-01-03,monthly,Chomutov,north Bohemia,1996-01-03,1998-12-31,182,225070.8,210599.6,36,14470.9,0,,0,0.0,
3563,4300,F,1977-11-15,21,1996-07-04,monthly,Hl.m. Praha,Prague,1996-07-04,1998-12-31,144,595144.7,548565.0,30,46579.3,0,,0,0.0,
3596,4339,F,1977-09-15,21,1996-04-23,monthly,Kromeriz,south Moravia,1996-04-23,1998-12-31,155,658714.2,608934.2,33,49779.8,0,,0,0.0,
3601,4344,M,1925-06-15,73,1995-06-13,monthly,Brno - mesto,south Moravia,1995-06-13,1998-12-31,216,251177.0,210428.2,43,40748.7,0,,0,0.0,
3624,4371,M,1968-12-12,30,1995-05-30,weekly,Ceska Lipa,north Bohemia,1995-05-30,1998-12-31,188,1019171.3,1002554.0,44,16617.0,0,,0,0.0,
3658,4410,F,1976-01-12,22,1997-03-25,monthly,Karlovy Vary,west Bohemia,1997-03-25,1998-12-31,118,117579.8,95762.8,22,21816.9,0,,0,0.0,
3717,4482,M,1979-01-17,19,1994-05-20,monthly,Breclav,south Moravia,1994-05-20,1998-12-31,287,958141.5,930461.0,56,27680.2,0,,0,0.0,
3730,4500,M,1924-08-12,74,1994-09-08,monthly,Pelhrimov,south Bohemia,1994-09-08,1998-12-31,251,276288.2,215404.2,52,60883.7,0,,0,0.0,
3739,4512,M,1963-10-19,35,1997-03-25,monthly,Hl.m. Praha,Prague,1997-03-25,1998-12-31,91,433731.0,387093.6,22,46637.3,0,,0,0.0,
1392,1685,F,1944-04-21,54,1993-04-28,monthly,Trebic,south Moravia,1993-04-28,1998-12-31,441,1746900.1,1681930.8,69,64968.8,0,,0,0.0,
1425,1729,M,1947-05-16,51,1993-07-06,monthly,Sumperk,north Moravia,1993-07-06,1998-12-31,395,616156.2,563968.6,66,52187.4,0,,0,0.0,
1468,1780,F,1954-12-09,44,1993-10-11,monthly,Brno - mesto,south Moravia,1993-10-11,1998-12-31,356,204756.9,177524.2,63,27232.3,0,,0,0.0,
1469,1781,M,1924-08-16,74,1995-12-15,monthly,Bruntal,north Moravia,1995-12-15,1998-12-31,172,228792.4,196260.6,37,32531.5,0,,0,0.0,
1502,1821,M,1941-04-24,57,1996-10-02,monthly,Hl.m. Praha,Prague,1996-10-02,1998-12-31,101,560835.6,525081.0,26,35754.5,0,,0,0.0,
1504,1823,F,1978-08-07,20,1996-08-26,monthly,Hl.m. Praha,Prague,1996-08-26,1998-12-31,173,739797.6,719679.8,29,20117.8,0,,0,0.0,
1524,1848,F,1924-07-02,74,1997-02-20,monthly,Kutna Hora,central Bohemia,1997-02-20,1998-12-31,96,95245.1,76373.2,23,18871.7,0,,0,0.0,
1540,1867,F,1944-09-24,54,1995-03-29,monthly,Hl.m. Praha,Prague,1995-03-29,1998-12-31,296,1154435.5,1055004.0,46,99431.5,0,,0,0.0,
1550,1880,M,1974-08-08,24,1996-04-15,monthly,Hl.m. Praha,Prague,1996-04-15,1998-12-31,176,302750.9,266378.2,33,36372.5,0,,0,0.0,
1597,1935,F,1929-05-12,69,1995-07-04,monthly,Frydek - Mistek,north Moravia,1995-07-04,1998-12-31,229,286661.6,254788.2,42,31873.0,0,,0,0.0,
1621,1965,M,1939-08-10,59,1993-12-01,monthly,Prerov,north Moravia,1993-12-01,1998-12-31,353,1074281.5,1016089.6,61,58191.5,0,,0,0.0,
1648,1998,F,1978-12-15,20,1997-08-08,monthly,Teplice,north Bohemia,1997-08-08,1998-12-31,97,115191.5,94204.4,17,20986.8,0,,0,0.0,
1655,2006,F,1962-08-22,36,1996-04-15,monthly,Usti nad Labem,north Bohemia,1996-04-15,1998-12-31,207,601319.4,546626.2,33,54692.9,0,,0,0.0,
1666,2021,M,1919-12-08,79,1993-10-30,monthly,Bruntal,north Moravia,1993-10-30,1998-12-31,321,390271.1,339370.2,63,50901.0,0,,0,0.0,
1686,2047,F,1943-07-25,55,1993-11-18,monthly,Praha - zapad,central Bohemia,1993-11-18,1998-12-31,407,406418.5,359441.6,62,46976.7,0,,0,0.0,
1706,2071,M,1973-12-19,25,1995-01-05,monthly,Hl.m. Praha,Prague,1995-01-05,1998-12-31,275,220799.8,166871.8,48,53927.5,0,,0,0.0,
1719,2084,F,1929-02-16,69,1993-09-06,monthly,Hl.m. Praha,Prague,1993-09-06,1998-12-31,281,271674.4,247491.4,64,24182.6,0,,0,0.0,
1728,2096,F,1974-09-06,24,1995-06-23,monthly,Ostrava - mesto,north Moravia,1995-06-23,1998-12-31,219,420473.0,376532.2,43,43940.7,0,,0,0.0,
3032,3662,M,1931-09-22,67,1993-06-07,monthly,Plzen - jih,west Bohemia,1993-06-07,1998-12-31,343,442621.3,392226.6,67,50394.5,0,,0,0.0,
3048,3685,M,1974-03-06,24,1997-12-26,weekly,Ostrava - mesto,north Moravia,1997-12-26,1998-12-31,38,175526.6,100420.0,13,75106.5,0,,0,0.0,
3074,3716,M,1953-04-15,45,1994-10-08,weekly,Ostrava - mesto,north Moravia,1994-10-08,1998-12-31,288,1785817.7,1752094.2,51,33723.1,0,,0,0.0,
3080,3724,F,1925-09-23,73,1995-10-29,monthly,Hodonin,south Moravia,1995-10-29,1998-12-31,178,215148.6,190908.8,39,24239.6,0,,0,0.0,
3130,3786,M,1920-07-10,78,1996-03-20,monthly,Rakovnik,central Bohemia,1996-03-20,1998-12-31,162,216468.2,127472.8,34,88995.3,0,,0,0.0,
3199,3868,M,1962-11-14,36,1996-06-06,monthly,Zdar nad Sazavou,south Moravia,1996-06-06,1998-12-31,195,670878.3,617066.6,31,53811.5,0,,0,0.0,
3205,3875,F,1930-07-27,68,1995-12-17,monthly,Hl.m. Praha,Prague,1995-12-17,1998-12-31,164,160787.9,128666.6,37,32121.5,0,,0,0.0,
3209,3881,F,1947-05-07,51,1997-12-10,monthly,Jicin,east Bohemia,1997-12-10,1998-12-31,57,215705.1,200194.2,13,15510.7,0,,0,0.0,
3232,3910,F,1919-08-23,79,1996-10-02,monthly,Litomerice,north Bohemia,1996-10-02,1998-12-31,122,126179.1,114230.2,27,11948.6,0,,0,0.0,
3246,3926,M,1972-10-01,26,1993-06-14,monthly,Brno - mesto,south Moravia,1993-06-14,1998-12-31,372,568194.7,554112.6,67,14081.7,0,,0,0.0,
3268,3956,F,1975-06-02,23,1993-09-20,monthly,Tabor,south Bohemia,1993-09-20,1998-12-31,425,220532.7,197326.8,64,23205.3,0,,0,0.0,
3272,3961,F,1943-04-03,55,1996-08-30,monthly,Blansko,south Moravia,1996-08-30,1998-12-31,217,633393.4,599055.8,29,34337.3,0,,0,0.0,
3286,3977,M,1975-09-27,23,1996-02-26,monthly,Mlada Boleslav,central Bohemia,1996-02-26,1998-12-31,232,1450808.2,1412744.8,35,38063.2,0,,0,0.0,
3306,3998,F,1950-06-03,48,1993-08-24,monthly,Kromeriz,south Moravia,1993-08-24,1998-12-31,403,853945.2,826641.4,65,27303.3,0,,0,0.0,
3310,4002,F,1920-06-29,78,1993-09-15,monthly,Klatovy,west Bohemia,1993-09-15,1998-12-31,286,314845.9,298129.8,64,16715.6,0,,0,0.0,
3317,4010,F,1948-06-17,50,1995-10-04,monthly,Kladno,central Bohemia,1995-10-04,1998-12-31,184,129861.2,112956.4,39,16904.4,0,,0,0.0,
3361,4063,F,1966-02-16,32,1993-08-26,monthly,Trebic,south Moravia,1993-08-26,1998-12-31,369,761166.8,687561.4,65,73605.3,0,,0,0.0,
3395,4105,F,1980-11-15,18,1997-11-05,monthly,Jindrichuv Hradec,south Bohemia,1997-11-05,1998-12-31,69,375905.3,290051.4,14,85854.0,0,,0,0.0,
3412,4125,F,1922-04-17,76,1996-12-20,monthly,Tachov,west Bohemia,1996-12-20,1998-12-31,130,138722.0,121634.4,25,17087.3,0,,0,0.0,
3425,4140,M,1963-10-04,35,1994-08-24,monthly,Karvina,north Moravia,1994-08-24,1998-12-31,296,274981.4,211734.2,53,63247.0,0,,0,0.0,
3456,4178,M,1926-08-31,72,1993-09-06,monthly,Ceska Lipa,north Bohemia,1993-09-06,1998-12-31,316,419553.1,368141.4,64,51411.4,0,,0,0.0,
3483,4210,M,1979-09-15,19,1993-10-12,monthly,Teplice,north Bohemia,1993-10-12,1998-12-31,300,206608.4,187156.2,63,19451.6,0,,0,0.0,
3345,4044,F,1930-04-29,68,1993-12-08,monthly,Chrudim,east Bohemia,1993-12-08,1998-12-31,307,259065.5,251466.8,61,7598.3,0,,0,0.0,
3385,4093,M,1946-09-29,52,1997-12-21,monthly,Hl.m. Praha,Prague,1997-12-21,1998-12-31,58,94458.9,50034.2,13,44424.5,0,,0,0.0,
3393,4102,F,1969-08-15,29,1996-12-22,monthly,Kladno,central Bohemia,1996-12-22,1998-12-31,113,319235.7,304934.4,25,14301.1,0,,0,0.0,
3466,4189,M,1941-12-07,57,1995-02-16,monthly,Zlin,south Moravia,1995-02-16,1998-12-31,353,1215976.8,1110289.6,47,105686.9,0,,0,0.0,
3498,4226,M,1957-04-08,41,1996-11-12,monthly,Tachov,west Bohemia,1996-11-12,1998-12-31,160,240030.0,213577.6,26,26452.1,0,,0,0.0,
3499,4227,F,1963-12-24,35,1996-09-14,monthly,Trutnov,east Bohemia,1996-09-14,1998-12-31,136,1254910.2,1198482.2,28,56428.1,0,,0,0.0,
3506,4234,F,1972-11-08,26,1997-05-08,monthly,Karvina,north Moravia,1997-05-08,1998-12-31,117,265692.2,211309.0,20,54382.9,0,,0,0.0,
3532,4263,F,1972-06-26,26,1995-07-18,monthly,Opava,north Moravia,1995-07-18,1998-12-31,200,540282.0,515225.6,42,25056.5,0,,0,0.0,
3540,4273,F,1976-11-29,22,1997-01-03,monthly,Pisek,south Bohemia,1997-01-03,1998-12-31,123,129860.9,87282.4,24,42578.4,0,,0,0.0,
3545,4279,M,1949-10-13,49,1993-02-17,monthly,Trutnov,east Bohemia,1993-02-17,1998-12-31,379,1549158.4,1494559.0,71,54599.3,0,,0,0.0,
3552,4287,F,1953-10-07,45,1995-09-06,monthly,Uherske Hradiste,south Moravia,1995-09-06,1998-12-31,301,582065.2,508679.0,40,73385.9,0,,0,0.0,
3590,4332,M,1936-01-11,62,1996-06-02,monthly,Hodonin,south Moravia,1996-06-02,1998-12-31,161,749542.9,725432.6,31,24110.3,0,,0,0.0,
3626,4373,M,1951-12-20,47,1996-11-05,monthly,Trutnov,east Bohemia,1996-11-05,1998-12-31,164,379897.2,344006.6,26,35890.4,0,,0,0.0,
3644,4394,F,1975-12-30,23,1993-04-13,monthly,Zlin,south Moravia,1993-04-13,1998-12-31,323,244621.3,223300.4,69,21320.5,0,,0,0.0,
3700,4462,M,1977-09-13,21,1997-06-03,monthly,Hl.m. Praha,Prague,1997-06-03,1998-12-31,104,418903.8,348654.4,19,70249.3,0,,0,0.0,
3701,4463,M,1923-08-17,75,1993-10-06,monthly,Sumperk,north Moravia,1993-10-06,1998-12-31,306,392757.8,344064.2,63,48693.0,0,,0,0.0,
3713,4477,M,1957-01-18,41,1993-06-08,weekly,Ostrava - mesto,north Moravia,1993-06-08,1998-12-31,402,2865774.0,2756023.0,67,109750.6,0,,0,0.0,
3734,4506,F,1954-11-30,44,1993-03-08,monthly,Praha - zapad,central Bohemia,1993-03-08,1998-12-31,340,422467.1,427913.7,70,-5446.8,0,,0,0.0,
3765,4541,F,1971-03-02,27,1996-11-14,monthly,Ceska Lipa,north Bohemia,1996-11-14,1998-12-31,148,79580.6,62680.0,26,16900.6,0,,0,0.0,
3785,4563,F,1971-07-25,27,1993-03-24,monthly,Praha - vychod,central Bohemia,1993-03-24,1998-12-31,423,1986006.8,1921364.4,70,64642.1,0,,0,0.0,
3790,4570,F,1939-11-03,59,1997-05-13,weekly,Hl.m. Praha,Prague,1997-05-13,1998-12-31,95,511660.0,502257.0,20,9402.9,0,,0,0.0,
5724,6922,F,1939-04-27,59,1995-04-19,after_transaction,Ceske Budejovice,south Bohemia,1995-04-19,1998-12-31,417,1418324.1,1356009.0,45,62314.9,0,,1,232560.0,C
6400,7727,F,1958-06-13,40,1995-10-09,after_transaction,Tachov,west Bohemia,1995-10-09,1998-12-31,287,1033440.6,1020047.8,39,13393.2,0,,1,72408.0,B
6434,7765,F,1958-02-24,40,1995-05-08,monthly,Hl.m. Praha,Prague,1995-05-08,1998-12-31,244,1327175.9,1288468.4,44,38708.1,0,,1,110136.0,A
6473,7815,F,1946-01-19,52,1993-01-26,monthly,Kladno,central Bohemia,1993-01-26,1998-12-31,473,2752562.2,2722718.4,72,29843.3,0,,1,76908.0,B
6678,8064,F,1966-11-29,32,1996-01-03,monthly,Brno - mesto,south Moravia,1996-01-03,1998-12-31,274,2064807.4,2039219.2,36,25588.1,0,,1,294384.0,C
6701,8091,M,1971-02-10,27,1993-03-15,weekly,Kolin,central Bohemia,1993-03-15,1998-12-31,479,3189171.8,3146907.2,70,42266.0,0,,1,95400.0,A
7190,8677,M,1955-08-14,43,1993-09-06,monthly,Semily,east Bohemia,1993-09-06,1998-12-31,401,634493.1,611760.8,64,22731.3,0,,1,63360.0,C
7559,9362,F,1973-07-19,25,1997-05-24,monthly,Breclav,south Moravia,1997-05-24,1998-12-31,114,168491.8,117568.4,20,50923.6,0,,1,12792.0,C
7769,9611,M,1958-05-27,40,1993-10-03,monthly,Cheb,west Bohemia,1993-10-03,1998-12-31,435,2704284.3,2660360.0,63,43923.7,0,,1,196080.0,A
8558,10555,M,1935-12-15,63,1994-02-27,after_transaction,Hl.m. Praha,Prague,1994-02-27,1998-12-31,337,1030069.8,1002111.0,59,27854.3,0,,1,288360.0,C
9031,11123,M,1948-01-29,50,1997-01-15,monthly,Pardubice,east Bohemia,1997-01-15,1998-12-31,189,390034.7,371949.4,24,18085.1,0,,1,50112.0,C
1068,1282,M,1936-11-27,62,1997-02-15,monthly,Usti nad Orlici,east Bohemia,1997-02-15,1998-12-31,158,448708.4,418591.7,23,30116.5,0,,1,253200.0,C
38,46,F,1940-01-30,58,1997-08-08,weekly,Prachatice,south Bohemia,1997-08-08,1998-12-31,130,308265.3,263684.4,17,44580.5,0,,1,110736.0,C
2496,3013,F,1950-03-18,48,1994-05-21,monthly,Trutnov,east Bohemia,1994-05-21,1998-12-31,317,512982.8,492204.0,56,20778.7,0,,1,165120.0,C
816,980,M,1961-09-30,37,1993-08-05,monthly,Teplice,north Bohemia,1993-08-05,1998-12-31,493,2825850.5,2724893.2,65,100958.1,0,,1,48624.0,A
2334,2822,M,1958-10-19,40,1996-03-19,monthly,Svitavy,east Bohemia,1996-03-19,1998-12-31,214,604739.1,558905.8,34,45832.9,0,,1,48312.0,C
2962,3576,F,1939-03-15,59,1993-05-30,monthly,Hl.m. Praha,Prague,1993-05-30,1998-12-05,422,2439589.8,2406765.0,68,32824.4,0,,1,31248.0,A
3021,3649,F,1959-10-25,39,1996-04-20,monthly,Praha - vychod,central Bohemia,1996-04-20,1998-12-31,177,693561.1,673390.2,33,20170.3,0,,1,155616.0,C
9631,11855,M,1957-12-01,41,1996-06-25,monthly,Praha - zapad,central Bohemia,1996-06-25,1998-12-31,177,509519.0,496352.2,31,13166.1,0,,1,59448.0,C
9731,11978,M,1971-10-09,27,1994-12-01,after_transaction,Brno - mesto,south Moravia,1994-12-01,1998-12-31,346,1025258.4,1006417.2,49,18842.3,0,,1,113796.0,A
10257,12616,F,1965-01-26,33,1997-05-01,monthly,Plzen - jih,west Bohemia,1997-05-01,1998-12-31,158,1165611.8,1082412.0,20,83199.6,0,,1,37812.0,C
10266,12625,M,1958-12-07,40,1993-06-10,monthly,Brno - mesto,south Moravia,1993-06-10,1998-11-30,453,2208957.1,2191832.1,66,17053.1,0,,1,75624.0,B
10630,13071,M,1956-02-18,42,1995-01-15,monthly,Usti nad Labem,north Bohemia,1995-01-15,1998-12-31,304,826451.3,789722.2,48,36728.8,0,,1,198240.0,A
10799,13276,M,1977-01-20,21,1997-08-19,monthly,Sumperk,north Moravia,1997-08-19,1998-12-31,83,121470.9,64774.6,17,56696.3,0,,1,31140.0,C
11362,13971,F,1962-10-19,36,1995-10-14,monthly,Bruntal,north Moravia,1995-10-14,1998-12-31,344,684270.7,645739.8,39,38530.6,0,,1,129408.0,A
1811,2195,F,1942-09-13,56,1993-09-22,monthly,Frydek - Mistek,north Moravia,1993-09-22,1998-12-31,470,1715921.1,1655980.0,64,59939.3,0,,1,239460.0,C
2018,2451,M,1939-12-06,59,1995-06-04,monthly,Havlickuv Brod,east Bohemia,1995-06-04,1998-12-31,244,293080.7,274959.8,43,18120.5,0,,1,38520.0,A
3752,4527,F,1963-02-04,35,1994-11-25,monthly,Hl.m. Praha,Prague,1994-11-25,1998-12-31,320,925228.4,835936.4,50,89291.8,0,,1,18564.0,A
1407,1705,F,1946-07-01,52,1997-04-11,after_transaction,Prachatice,south Bohemia,1997-04-11,1998-12-31,182,1331688.2,1257513.7,21,74174.8,0,,1,125472.0,C
3678,4433,M,1968-02-22,30,1993-03-24,monthly,Hl.m. Praha,Prague,1993-03-24,1998-12-31,414,797557.2,803237.6,70,-5680.2,0,,1,316140.0,D
5602,6764,M,1944-04-12,54,1996-07-10,after_transaction,Prachatice,south Bohemia,1996-07-10,1998-12-31,181,1044813.6,975260.6,30,69552.4,1,classic,1,177504.0,C
6363,7683,M,1946-04-01,52,1993-08-01,monthly,Pribram,central Bohemia,1993-08-01,1998-12-31,354,860223.6,789684.0,65,70539.2,1,gold,1,17508.0,A
6461,7796,F,1975-09-27,23,1996-07-17,monthly,Svitavy,east Bohemia,1996-07-17,1998-12-31,198,998179.2,972644.2,30,25535.0,1,classic,1,150912.0,C
8038,9929,F,1967-07-19,31,1996-08-17,monthly,Pardubice,east Bohemia,1996-08-17,1998-12-31,168,683137.1,605854.8,29,77282.5,1,classic,1,35856.0,C
8041,9933,M,1941-10-15,57,1993-10-10,monthly,Ostrava - mesto,north Moravia,1993-10-10,1998-12-31,442,2851556.9,2749752.4,63,101804.2,1,classic,1,140400.0,A
8533,10528,F,1952-02-16,46,1995-10-10,monthly,Pardubice,east Bohemia,1995-10-10,1998-12-31,296,1587709.5,1546320.8,39,41388.3,1,classic,1,174048.0,C
105,127,F,1950-12-27,48,1997-07-10,monthly,Tabor,south Bohemia,1997-07-10,1998-12-31,59,255490.7,238269.2,18,17221.3,1,classic,1,352704.0,C
339,414,F,1947-10-19,51,1996-09-11,weekly,Nachod,east Bohemia,1996-09-11,1998-12-31,216,1439996.2,1342010.4,28,97986.3,1,classic,1,468060.0,C
2994,3616,F,1964-04-14,34,1996-05-03,monthly,Vsetin,north Moravia,1996-05-03,1998-12-31,212,683286.5,644868.2,32,38418.0,1,classic,1,48744.0,C
2279,2759,M,1974-01-26,24,1996-10-30,weekly,Benesov,central Bohemia,1996-10-30,1998-12-31,147,1132448.8,1040265.1,27,92183.3,1,classic,1,314688.0,C
11359,13968,M,1968-04-13,30,1994-10-01,monthly,Trebic,south Moravia,1994-10-01,1998-12-31,378,1511641.2,1436440.2,51,75200.4,1,classic,1,54024.0,A
5505,6644,F,1959-09-06,39,1996-04-26,monthly,Hl.m. Praha,Prague,1996-04-26,1998-12-31,189,1260843.0,1177014.8,33,83828.0,1,classic,0,0.0,
1026,1231,F,1965-09-27,33,1997-09-03,monthly,Strakonice,south Bohemia,1997-09-03,1998-12-31,86,311549.8,255448.6,16,56101.3,1,classic,0,0.0,
1149,1382,F,1979-11-23,19,1995-09-07,monthly,Pisek,south Bohemia,1995-09-07,1998-12-23,93,182422.5,155402.2,40,27020.4,1,junior,0,0.0,
1486,1800,F,1943-09-28,55,1996-01-15,monthly,Vyskov,south Moravia,1996-01-15,1998-12-31,244,897068.5,831713.0,36,65355.3,1,classic,0,0.0,
73,87,F,1946-11-17,52,1993-11-08,monthly,Olomouc,north Moravia,1993-11-08,1998-12-31,366,1313249.9,1251330.2,62,61919.5,1,classic,0,0.0,
109,131,F,1977-01-31,21,1997-04-20,monthly,Blansko,south Moravia,1997-04-20,1998-12-31,113,122669.9,80848.2,21,41821.7,1,classic,0,0.0,
185,225,M,1936-05-10,62,1997-07-04,monthly,Ceska Lipa,north Bohemia,1997-07-04,1998-12-31,96,379962.7,314353.8,18,65609.0,1,classic,0,0.0,
311,378,M,1978-05-15,20,1997-08-08,monthly,Svitavy,east Bohemia,1997-08-08,1998-12-31,141,310299.7,244957.2,17,65342.4,1,junior,0,0.0,
329,402,M,1943-12-25,55,1996-10-19,monthly,Beroun,central Bohemia,1996-10-19,1998-12-31,158,685646.6,610510.6,27,75135.6,1,classic,0,0.0,
356,434,F,1943-01-30,55,1996-03-12,monthly,Karvina,north Moravia,1996-03-12,1998-12-31,178,674151.5,599060.8,34,75090.6,1,classic,0,0.0,
2515,3037,M,1942-01-04,56,1995-10-24,monthly,Zlin,south Moravia,1995-10-24,1998-12-31,135,646162.3,603178.8,38,42983.8,1,classic,0,0.0,
2908,3515,F,1975-01-02,23,1997-03-16,monthly,Trebic,south Moravia,1997-03-16,1998-12-31,110,400878.2,320545.6,22,80332.5,1,classic,0,0.0,
2915,3522,M,1963-02-02,35,1993-07-23,monthly,Hodonin,south Moravia,1993-07-23,1998-12-31,384,3417615.2,3351755.0,66,65859.9,1,classic,0,0.0,
2934,3544,F,1961-08-15,37,1996-10-08,monthly,Hl.m. Praha,Prague,1996-10-08,1998-12-31,152,998924.6,914346.8,27,84577.7,1,classic,0,0.0,
2993,3615,M,1974-07-04,24,1996-02-13,weekly,Hl.m. Praha,Prague,1996-02-13,1998-12-31,220,1383047.9,1368143.0,35,14904.8,1,classic,0,0.0,
573,688,M,1954-05-04,44,1996-07-11,weekly,Hl.m. Praha,Prague,1996-07-11,1998-12-25,89,446821.0,402117.0,30,44704.0,1,classic,0,0.0,
610,731,F,1979-01-22,19,1994-08-11,monthly,Ostrava - mesto,north Moravia,1994-08-11,1998-12-31,253,1506361.3,1407849.2,53,98511.7,1,junior,0,0.0,
655,786,M,1978-09-06,20,1993-03-24,monthly,Blansko,south Moravia,1993-03-24,1998-12-31,606,1789806.1,1730285.4,70,59520.2,1,junior,0,0.0,
2089,2532,M,1937-05-09,61,1997-03-05,weekly,Rokycany,west Bohemia,1997-03-05,1998-12-16,115,650678.9,652500.0,22,-1820.9,1,classic,0,0.0,
2093,2536,M,1961-10-22,37,1997-07-07,monthly,Zlin,south Moravia,1997-07-07,1998-12-08,77,320285.2,249789.8,18,70495.2,1,classic,0,0.0,
2287,2768,M,1964-04-02,34,1996-04-21,monthly,Hl.m. Praha,Prague,1996-04-21,1998-12-31,175,830681.7,788894.2,33,41787.4,1,classic,0,0.0,
2301,2785,M,1962-07-29,36,1995-10-10,monthly,Domazlice,west Bohemia,1995-10-10,1998-12-31,214,860528.6,790639.8,39,69888.8,1,classic,0,0.0,
2421,2924,F,1941-02-06,57,1995-01-11,monthly,Pisek,south Bohemia,1995-01-11,1998-12-31,279,169774.5,117927.2,48,51846.9,1,classic,0,0.0,
2780,3357,F,1954-07-21,44,1995-12-29,monthly,Vyskov,south Moravia,1995-12-29,1998-12-31,163,556542.4,511752.6,37,44789.3,1,classic,0,0.0,
2927,3535,M,1973-05-12,25,1997-08-04,monthly,Litomerice,north Bohemia,1997-08-04,1998-12-31,53,261122.1,225675.4,16,35446.8,1,classic,0,0.0,
2966,3581,M,1967-12-23,31,1997-03-27,monthly,Decin,north Bohemia,1997-03-27,1998-12-31,145,911437.5,833699.8,22,77737.6,1,gold,0,0.0,
2973,3590,F,1976-09-23,22,1996-08-15,monthly,Cheb,west Bohemia,1996-08-15,1998-12-31,175,507824.3,449790.8,29,58033.6,1,classic,0,0.0,
3204,3874,F,1942-08-10,56,1996-07-13,monthly,Trebic,south Moravia,1996-07-13,1998-12-31,139,412603.6,348565.0,30,64038.6,1,classic,0,0.0,
1803,2184,M,1970-07-07,28,1995-07-29,monthly,Karlovy Vary,west Bohemia,1995-07-29,1998-12-31,276,228285.6,153456.6,42,74828.9,1,classic,0,0.0,
1817,2203,M,1939-10-01,59,1996-12-16,monthly,Praha - vychod,central Bohemia,1996-12-16,1998-12-31,132,529620.4,469597.4,25,60022.9,1,classic,0,0.0,
1910,2320,M,1951-05-23,47,1996-09-06,monthly,Prostejov,south Moravia,1996-09-06,1998-12-31,173,614933.4,518682.2,28,96250.8,1,gold,0,0.0,
1914,2324,M,1978-07-16,20,1995-01-24,monthly,Plzen - jih,west Bohemia,1995-01-24,1998-12-31,313,420821.5,341403.2,48,79418.1,1,junior,0,0.0,
2195,2657,M,1948-07-09,50,1994-10-08,monthly,Opava,north Moravia,1994-10-08,1998-12-31,245,945019.4,859471.6,51,85547.8,1,classic,0,0.0,
3181,3846,F,1980-07-11,18,1993-05-16,monthly,Plzen - jih,west Bohemia,1993-05-16,1998-12-31,349,451572.5,396405.2,68,55167.0,1,junior,0,0.0,
3255,3938,M,1980-01-22,18,1993-09-15,monthly,Plzen - jih,west Bohemia,1993-09-15,1998-12-18,94,138479.3,11100.0,64,127380.1,1,junior,0,0.0,
3290,3981,M,1979-06-16,19,1996-12-09,monthly,Prachatice,south Bohemia,1996-12-09,1998-12-31,123,1070670.6,1002287.0,25,68383.6,1,junior,0,0.0,
3405,4116,M,1936-11-24,62,1994-03-07,monthly,Liberec,north Bohemia,1994-03-07,1998-12-31,337,1303506.4,1240152.8,58,63353.2,1,classic,0,0.0,
3725,4493,M,1947-10-05,51,1995-06-11,monthly,Decin,north Bohemia,1995-06-11,1998-12-31,239,787855.3,707056.2,43,80798.8,1,classic,0,0.0,
3733,4504,F,1965-11-24,33,1996-07-22,monthly,Decin,north Bohemia,1996-07-22,1998-12-31,181,1250673.5,1225720.8,30,24952.5,1,classic,0,0.0,
1467,1779,M,1935-11-26,63,1994-04-27,monthly,Litomerice,north Bohemia,1994-04-27,1998-12-31,297,1210031.0,1132272.6,57,77758.0,1,classic,0,0.0,
1495,1812,F,1947-05-17,51,1993-11-01,monthly,Liberec,north Bohemia,1993-11-01,1998-12-31,407,1655979.4,1634714.2,62,21265.0,1,gold,0,0.0,
1592,1930,F,1934-02-21,64,1994-08-18,monthly,Louny,north Bohemia,1994-08-18,1998-12-31,294,249757.5,163585.2,53,86172.2,1,gold,0,0.0,
1654,2005,M,1979-10-03,19,1996-08-05,monthly,Sokolov,west Bohemia,1996-08-05,1998-12-31,155,640376.6,599503.4,29,40873.1,1,junior,0,0.0,
1734,2104,M,1948-01-08,50,1997-04-10,monthly,Litomerice,north Bohemia,1997-04-10,1998-12-31,116,553440.1,481740.6,21,71699.6,1,classic,0,0.0,
3116,3769,M,1957-09-10,41,1996-04-05,monthly,Brno - mesto,south Moravia,1996-04-05,1998-12-31,167,650866.8,602041.8,33,48825.1,1,classic,0,0.0,
3296,3987,M,1960-11-07,38,1996-03-15,monthly,Bruntal,north Moravia,1996-03-15,1998-12-31,229,1673068.0,1612599.8,34,60467.9,1,classic,0,0.0,
3302,3994,F,1965-01-31,33,1993-03-02,monthly,Tabor,south Bohemia,1993-03-02,1998-12-31,545,316846.4,255346.0,70,61500.2,1,classic,0,0.0,
3383,4091,F,1982-09-07,16,1997-09-28,monthly,Rokycany,west Bohemia,1997-09-28,1998-12-31,92,112139.5,63325.2,16,48814.3,1,junior,0,0.0,
3471,4194,F,1940-01-03,58,1997-01-22,monthly,Vyskov,south Moravia,1997-01-22,1998-12-31,144,556070.1,472350.8,24,83719.2,1,classic,0,0.0,
3516,4246,F,1980-09-09,18,1997-09-07,weekly,Liberec,north Bohemia,1997-09-07,1998-12-31,87,875547.1,789701.0,16,85846.1,1,junior,0,0.0,
3527,4258,F,1966-05-11,32,1997-01-11,monthly,Chrudim,east Bohemia,1997-01-11,1998-12-31,127,645317.5,591963.4,24,53353.8,1,classic,0,0.0,
3578,4316,F,1943-08-26,55,1996-02-17,monthly,Hl.m. Praha,Prague,1996-02-17,1998-12-31,189,509108.8,424413.4,35,84695.2,1,classic,0,0.0,
3654,4405,F,1959-04-17,39,1993-07-13,monthly,Pardubice,east Bohemia,1993-07-13,1998-12-31,391,1502796.5,1399836.0,66,102960.2,1,gold,0,0.0,
441,531,M,1976-10-04,22,1993-12-17,weekly,Plzen - jih,west Bohemia,1993-12-17,1998-12-31,447,2984001.4,2876451.0,61,107550.4,1,junior,0,0.0,
497,597,M,1943-02-22,55,1993-04-15,monthly,Brno - venkov,south Moravia,1993-04-15,1998-12-31,396,1610173.9,1563599.8,69,46573.9,1,classic,0,0.0,
554,667,F,1981-07-20,17,1996-01-26,monthly,Plzen - mesto,west Bohemia,1996-01-26,1998-12-31,209,235348.4,210681.8,36,24666.5,1,junior,0,0.0,
2637,3183,M,1980-02-24,18,1997-01-01,monthly,Karvina,north Moravia,1997-01-01,1998-12-31,126,469439.8,427143.4,24,42296.3,1,junior,0,0.0,
2653,3201,F,1953-08-06,45,1997-01-08,monthly,Zdar nad Sazavou,south Moravia,1997-01-08,1998-12-31,148,605455.4,531497.4,24,73958.0,1,classic,0,0.0,
2693,3249,M,1959-01-20,39,1997-11-17,monthly,Pelhrimov,south Bohemia,1997-11-17,1998-12-31,60,231690.1,173412.8,14,58277.3,1,classic,0,0.0,
2708,3268,F,1956-03-31,42,1996-03-25,monthly,Hl.m. Praha,Prague,1996-03-25,1998-12-31,157,788366.5,711268.8,34,77097.2,1,classic,0,0.0,
2862,3458,M,1953-06-30,45,1993-06-07,monthly,Decin,north Bohemia,1993-06-07,1998-12-31,457,1767948.7,1751342.2,67,16605.7,1,classic,0,0.0,
3003,3627,F,1981-06-08,17,1993-11-27,monthly,Pisek,south Bohemia,1993-11-27,1998-12-31,190,396939.0,305111.0,62,91827.9,1,junior,0,0.0,
3014,3640,M,1978-07-24,20,1995-03-03,weekly,Prerov,north Moravia,1995-03-03,1998-12-31,265,1687307.9,1655642.0,46,31665.5,1,junior,0,0.0,
3103,3753,F,1959-04-14,39,1997-09-21,after_transaction,Hl.m. Praha,Prague,1997-09-21,1998-12-15,29,87228.0,50100.0,16,37127.6,1,gold,0,0.0,
3185,3850,F,1957-01-26,41,1997-07-29,monthly,Jicin,east Bohemia,1997-07-29,1998-12-31,105,262161.4,210180.2,18,51980.9,1,classic,0,0.0,
4000,4823,M,1982-04-16,16,1993-08-02,monthly,Melnik,central Bohemia,1993-08-02,1998-12-31,407,579124.5,473005.2,65,106118.7,1,junior,0,0.0,
4066,4901,F,1950-05-08,48,1994-05-24,monthly,Olomouc,north Moravia,1994-05-24,1998-12-31,372,1949470.8,1912098.0,56,37372.5,1,classic,0,0.0,
4416,5323,F,1976-02-17,22,1994-02-12,monthly,Ceske Budejovice,south Bohemia,1994-02-12,1998-12-31,368,477709.6,404467.6,59,73241.8,1,junior,0,0.0,
1634,1980,M,1959-04-30,39,1994-06-04,monthly,Vsetin,north Moravia,1994-06-04,1998-12-31,275,908042.5,807530.0,55,100512.1,1,classic,0,0.0,
1778,2155,M,1958-06-10,40,1995-02-25,monthly,Cesky Krumlov,south Bohemia,1995-02-25,1998-12-31,268,805500.4,730850.6,47,74649.3,1,classic,0,0.0,
14,19,M,1942-12-28,56,1996-11-27,monthly,Pardubice,east Bohemia,1996-11-27,1998-12-31,124,412586.0,373272.0,26,39313.9,1,classic,0,0.0,
65,76,F,1967-10-01,31,1996-10-29,monthly,Liberec,north Bohemia,1996-10-29,1998-12-31,181,706796.5,650650.6,27,56145.9,1,classic,0,0.0,
115,138,F,1972-10-21,26,1993-03-19,monthly,Brno - mesto,south Moravia,1993-03-19,1998-12-31,376,634589.6,600984.4,70,33604.8,1,classic,0,0.0,
172,208,F,1940-06-25,58,1993-08-30,monthly,Rakovnik,central Bohemia,1993-08-30,1998-12-31,378,1573896.4,1509181.4,65,64714.5,1,classic,0,0.0,
213,256,F,1963-02-27,35,1995-08-29,monthly,Opava,north Moravia,1995-08-29,1998-12-31,235,1064402.8,1027811.0,41,36591.6,1,classic,0,0.0,
897,1080,F,1950-10-06,48,1993-04-26,monthly,Brno - mesto,south Moravia,1993-04-26,1998-12-31,491,2426910.7,2355228.2,69,71682.5,1,classic,0,0.0,
967,1165,F,1942-10-02,56,1996-08-17,monthly,Cesky Krumlov,south Bohemia,1996-08-17,1998-12-31,115,571869.6,513293.6,29,58576.0,1,classic,0,0.0,
1507,1826,M,1937-09-12,61,1993-08-03,monthly,Rakovnik,central Bohemia,1993-08-03,1998-12-31,379,1529066.8,1452215.0,65,76851.5,1,classic,0,0.0,
1591,1929,F,1955-08-15,43,1996-01-10,monthly,Znojmo,south Moravia,1996-01-10,1998-12-31,180,888425.1,820317.0,36,68108.1,1,classic,0,0.0,
1685,2045,M,1956-08-22,42,1995-12-13,monthly,Plzen - sever,west Bohemia,1995-12-13,1998-12-09,143,635915.0,629953.2,37,5961.7,1,classic,0,0.0,
1919,2329,M,1973-01-02,25,1994-12-04,monthly,Pisek,south Bohemia,1994-12-04,1998-12-31,333,1381804.5,1274152.4,49,107651.7,1,classic,0,0.0,
2641,3187,M,1952-09-02,46,1993-05-02,monthly,Melnik,central Bohemia,1993-05-02,1998-12-31,398,1605216.3,1492883.8,68,112332.5,1,classic,0,0.0,
2731,3297,M,1968-04-17,30,1995-09-26,monthly,Hl.m. Praha,Prague,1995-09-26,1998-12-31,215,979051.9,910836.4,40,68215.3,1,classic,0,0.0,
2811,3395,M,1962-12-28,36,1996-01-02,monthly,Kladno,central Bohemia,1996-01-02,1998-12-31,230,1666903.9,1633980.4,36,32923.3,1,classic,0,0.0,
2867,3465,M,1942-04-17,56,1993-11-04,monthly,Sokolov,west Bohemia,1993-11-04,1998-12-31,371,1610323.1,1519643.2,62,90679.5,1,gold,0,0.0,
2897,3501,M,1964-03-21,34,1997-10-11,monthly,Trutnov,east Bohemia,1997-10-11,1998-12-31,109,972363.9,880962.6,15,91401.2,1,classic,0,0.0,
3705,4467,F,1944-11-17,54,1997-10-24,monthly,Strakonice,south Bohemia,1997-10-24,1998-12-31,82,779860.6,740880.0,15,38980.6,1,classic,0,0.0,
3735,4507,M,1970-08-03,28,1995-04-27,monthly,Hl.m. Praha,Prague,1995-04-27,1998-12-31,318,2021623.6,2006235.8,45,15388.0,1,classic,0,0.0,
3858,4651,M,1979-01-24,19,1995-12-14,monthly,Benesov,central Bohemia,1995-12-14,1998-12-31,196,276890.1,239967.2,37,36922.7,1,junior,0,0.0,
3886,4684,F,1953-03-05,45,1994-02-20,monthly,Hl.m. Praha,Prague,1994-02-20,1998-12-31,280,1804929.1,1769428.4,59,35500.5,1,classic,0,0.0,
3909,4715,F,1976-08-12,22,1993-01-14,monthly,Cesky Krumlov,south Bohemia,1993-01-14,1998-12-31,556,1894827.2,1839157.6,72,55669.2,1,junior,0,0.0,
6872,8295,F,1951-01-23,47,1995-09-02,monthly,Cesky Krumlov,south Bohemia,1995-09-02,1998-12-31,220,1019815.0,966917.5,40,52897.5,1,classic,0,0.0,
9192,11319,F,1942-04-14,56,1994-08-16,monthly,Hl.m. Praha,Prague,1994-08-16,1998-12-12,277,1329665.4,1293881.7,53,35782.8,1,classic,0,0.0,
10607,13044,M,1976-03-01,22,1996-10-08,monthly,Usti nad Orlici,east Bohemia,1996-10-08,1998-12-31,180,1045184.9,962721.6,27,82463.2,1,classic,0,0.0,
478,575,M,1970-04-04,28,1994-07-16,monthly,Jihlava,south Moravia,1994-07-16,1998-12-31,282,1374839.9,1282556.8,54,92283.0,1,classic,0,0.0,
566,679,M,1940-03-19,58,1997-11-13,monthly,Mlada Boleslav,central Bohemia,1997-11-13,1998-12-31,88,728241.8,658728.2,14,69513.4,1,classic,0,0.0,
618,742,F,1951-10-15,47,1996-10-02,monthly,Hl.m. Praha,Prague,1996-10-02,1998-12-31,161,741576.7,707947.2,27,33629.3,1,classic,0,0.0,
641,769,M,1977-12-15,21,1997-06-22,monthly,Teplice,north Bohemia,1997-06-22,1998-12-31,97,485101.2,438589.8,19,46511.3,1,classic,0,0.0,
683,819,M,1958-07-08,40,1996-07-22,monthly,Ostrava - mesto,north Moravia,1996-07-22,1998-12-31,156,737848.9,693740.4,30,44108.4,1,classic,0,0.0,
756,906,M,1978-06-16,20,1995-01-13,monthly,Znojmo,south Moravia,1995-01-13,1998-11-23,64,98521.2,11100.0,47,87421.2,1,junior,0,0.0,
776,928,F,1951-10-10,47,1996-05-18,monthly,Zdar nad Sazavou,south Moravia,1996-05-18,1998-12-31,233,669866.6,579843.6,32,90022.8,1,gold,0,0.0,
877,1056,M,1963-06-19,35,1996-05-29,monthly,Hl.m. Praha,Prague,1996-05-29,1998-12-31,192,241785.6,198915.6,32,42869.9,1,classic,0,0.0,
1151,1384,F,1953-04-24,45,1995-06-23,monthly,Teplice,north Bohemia,1995-06-23,1998-12-31,250,1105865.7,1007971.2,43,97894.3,1,classic,0,0.0,
1194,1440,M,1978-01-17,20,1994-04-15,monthly,Hl.m. Praha,Prague,1994-04-15,1998-12-31,332,1364817.5,1284145.6,57,80671.7,1,junior,0,0.0,
1929,2343,M,1959-03-18,39,1997-07-06,monthly,Hl.m. Praha,Prague,1997-07-06,1998-12-31,95,112626.1,57640.8,18,54985.2,1,classic,0,0.0,
1943,2361,M,1968-09-24,30,1996-11-26,monthly,Nymburk,central Bohemia,1996-11-26,1998-12-31,196,470803.8,425509.0,26,45294.8,1,classic,0,0.0,
1998,2428,F,1946-06-27,52,1993-06-17,monthly,Hl.m. Praha,Prague,1993-06-17,1998-12-31,332,1696066.7,1618390.6,67,77676.1,1,classic,0,0.0,
2095,2538,M,1980-02-23,18,1995-12-19,monthly,Breclav,south Moravia,1995-12-19,1998-12-31,172,789945.3,735052.6,37,54892.5,1,junior,0,0.0,
2126,2572,M,1953-10-08,45,1997-02-09,monthly,Hl.m. Praha,Prague,1997-02-09,1998-12-31,123,1039499.3,977803.8,23,61695.1,1,classic,0,0.0,
2162,2616,M,1970-07-07,28,1997-11-21,monthly,Svitavy,east Bohemia,1997-11-21,1998-12-31,82,500179.3,449368.6,14,50810.7,1,classic,0,0.0,
2170,2626,M,1940-02-14,58,1994-05-19,after_transaction,Hl.m. Praha,Prague,1994-05-19,1998-12-31,442,3133091.5,3055044.0,56,78047.2,1,classic,0,0.0,
2242,2715,M,1957-07-04,41,1993-02-25,weekly,Melnik,central Bohemia,1993-02-25,1998-12-31,426,3323150.8,3222978.0,71,100172.7,1,gold,0,0.0,
2371,2865,M,1948-11-18,50,1997-10-23,weekly,Cesky Krumlov,south Bohemia,1997-10-23,1998-12-31,62,252446.7,219725.0,15,32721.7,1,classic,0,0.0,
2441,2948,M,1978-11-20,20,1996-12-22,monthly,Pardubice,east Bohemia,1996-12-22,1998-12-31,170,479186.8,443157.4,25,36029.3,1,junior,0,0.0,
2547,3075,M,1941-05-05,57,1995-04-28,monthly,Ostrava - mesto,north Moravia,1995-04-28,1998-12-31,249,1196163.0,1106857.4,45,89305.5,1,gold,0,0.0,
2599,3135,M,1969-01-06,29,1993-04-20,monthly,Rychnov nad Kneznou,east Bohemia,1993-04-20,1998-12-31,293,1471153.0,1346511.4,69,124641.3,1,classic,0,0.0,
2625,3167,F,1943-09-08,55,1996-07-09,weekly,Rychnov nad Kneznou,east Bohemia,1996-07-09,1998-12-31,233,1626970.4,1575549.0,30,51421.4,1,classic,0,0.0,
2638,3184,F,1959-12-01,39,1994-06-02,monthly,Kolin,central Bohemia,1994-06-02,1998-12-31,417,1221093.1,1134570.0,55,86522.9,1,classic,0,0.0,
2702,3260,F,1942-09-08,56,1996-02-01,monthly,Ostrava - mesto,north Moravia,1996-02-01,1998-12-31,210,937653.7,894955.0,35,42698.6,1,classic,0,0.0,
3077,3721,F,1954-12-16,44,1997-04-16,monthly,Zlin,south Moravia,1997-04-16,1998-12-31,105,325397.8,256867.0,21,68530.7,1,classic,0,0.0,
3088,3735,M,1938-01-17,60,1996-03-08,monthly,Pisek,south Bohemia,1996-03-08,1998-12-31,185,826779.6,765782.8,34,60996.6,1,classic,0,0.0,
3628,4376,M,1954-03-05,44,1995-09-12,monthly,Karvina,north Moravia,1995-09-12,1998-12-31,284,663544.0,602721.4,40,60822.4,1,classic,0,0.0,
3708,4471,F,1975-06-11,23,1996-11-24,monthly,Zlin,south Moravia,1996-11-24,1998-12-31,154,179835.7,147785.8,26,32049.9,1,classic,0,0.0,
3938,4749,F,1948-01-19,50,1993-11-17,monthly,Hodonin,south Moravia,1993-11-17,1998-12-31,333,1546855.5,1477281.6,62,69573.6,1,classic,0,0.0,
6806,8217,M,1978-08-02,20,1993-11-26,monthly,Jesenik,north Moravia,1993-11-26,1998-12-31,333,1639951.3,1581151.7,62,58799.5,1,junior,0,0.0,
108,130,M,1942-02-14,56,1995-03-10,monthly,Blansko,south Moravia,1995-03-10,1998-12-31,241,794900.5,737924.0,46,56976.3,1,classic,0,0.0,
128,153,F,1981-02-12,17,1993-02-19,monthly,Rakovnik,central Bohemia,1993-02-19,1998-12-31,399,444791.7,370078.2,71,74713.1,1,junior,0,0.0,
159,192,M,1971-02-28,27,1997-02-11,monthly,Karvina,north Moravia,1997-02-11,1998-12-31,112,537470.3,442740.2,23,94729.9,1,classic,0,0.0,
195,236,M,1961-09-01,37,1997-02-27,monthly,Karvina,north Moravia,1997-02-27,1998-12-31,114,357993.3,308568.2,23,49425.2,1,classic,0,0.0,
277,334,M,1969-10-31,29,1994-05-01,after_transaction,Ceska Lipa,north Bohemia,1994-05-01,1998-12-31,299,1668478.2,1578181.0,56,90297.0,1,classic,0,0.0,
367,447,M,1946-09-04,52,1997-05-09,monthly,Cheb,west Bohemia,1997-05-09,1998-12-31,99,312462.3,262623.0,20,49839.2,1,classic,0,0.0,
388,469,F,1970-10-13,28,1995-02-11,monthly,Kromeriz,south Moravia,1995-02-11,1998-12-31,263,616940.6,517006.6,47,99933.8,1,classic,0,0.0,
1491,1807,M,1935-06-30,63,1997-06-11,monthly,Pardubice,east Bohemia,1997-06-11,1998-12-31,102,310019.2,258608.4,19,51410.5,1,classic,0,0.0,
1500,1819,F,1979-04-20,19,1996-10-01,monthly,Hradec Kralove,east Bohemia,1996-10-01,1998-12-31,148,659619.0,601758.2,27,57860.6,1,junior,0,0.0,
1519,1842,M,1943-09-13,55,1995-06-14,monthly,Nymburk,central Bohemia,1995-06-14,1998-12-31,245,969315.6,893451.2,43,75864.1,1,gold,0,0.0,
3160,3821,M,1939-05-16,59,1994-06-19,monthly,Domazlice,west Bohemia,1994-06-19,1998-12-31,322,1359670.9,1264515.4,55,95155.0,1,classic,0,0.0,
2678,3233,M,1980-11-30,18,1997-07-15,monthly,Hl.m. Praha,Prague,1997-07-15,1998-12-31,87,704961.8,643360.2,18,61601.5,1,junior,0,0.0,
2695,3253,M,1946-07-02,52,1993-09-16,monthly,Karvina,north Moravia,1993-09-16,1998-12-31,366,1442996.4,1356700.8,64,86295.1,1,gold,0,0.0,
2764,3337,M,1952-04-13,46,1996-08-15,monthly,Blansko,south Moravia,1996-08-15,1998-12-31,180,517969.9,427079.8,29,90890.0,1,classic,0,0.0,
2959,3573,F,1972-02-09,26,1994-02-25,monthly,Mlada Boleslav,central Bohemia,1994-02-25,1998-12-31,324,2406816.5,2359481.2,59,47335.0,1,classic,0,0.0,
3071,3713,F,1944-02-23,54,1996-10-03,monthly,Usti nad Labem,north Bohemia,1996-10-03,1998-12-31,156,724514.9,651701.2,27,72813.5,1,classic,0,0.0,
2009,2440,M,1935-09-09,63,1994-04-14,monthly,Pelhrimov,south Bohemia,1994-04-14,1998-12-31,361,1426554.9,1367657.6,57,58897.2,1,classic,0,0.0,
2460,2971,F,1977-12-03,21,1993-11-22,monthly,Hl.m. Praha,Prague,1993-11-22,1998-12-31,297,509455.0,438817.6,62,70637.2,1,classic,0,0.0,
2504,3023,M,1959-04-04,39,1993-12-09,monthly,Jindrichuv Hradec,south Bohemia,1993-12-09,1998-12-31,340,1565650.9,1503945.6,61,61705.5,1,classic,0,0.0,
2537,3063,M,1971-01-29,27,1997-02-09,monthly,Plzen - jih,west Bohemia,1997-02-09,1998-12-31,158,1254139.2,1229503.0,23,24636.0,1,classic,0,0.0,
2571,3102,F,1979-02-16,19,1997-01-15,monthly,Trebic,south Moravia,1997-01-15,1998-12-31,121,1196598.6,1093858.8,24,102739.6,1,junior,0,0.0,
2582,3116,M,1951-09-09,47,1993-11-01,monthly,Plzen - sever,west Bohemia,1993-11-01,1998-12-31,422,1495240.3,1423626.2,62,71613.7,1,classic,0,0.0,
1156,1390,F,1979-05-27,19,1997-12-09,monthly,Kromeriz,south Moravia,1997-12-09,1998-12-31,49,291571.8,205116.8,13,86455.0,1,junior,0,0.0,
1257,1517,M,1956-10-02,42,1995-10-11,monthly,Zdar nad Sazavou,south Moravia,1995-10-11,1998-12-31,215,781364.9,721352.8,39,60011.5,1,classic,0,0.0,
1466,1777,F,1963-01-08,35,1997-03-26,weekly,Jesenik,north Moravia,1997-03-26,1998-11-16,40,73238.8,55100.0,21,18138.7,1,gold,0,0.0,
1552,1883,F,1961-10-27,37,1994-01-02,monthly,Pisek,south Bohemia,1994-01-02,1998-12-31,337,1612434.4,1540668.0,60,71765.9,1,classic,0,0.0,
1567,1899,M,1941-07-03,57,1997-08-19,monthly,Praha - vychod,central Bohemia,1997-08-19,1998-12-31,110,387144.5,312220.6,17,74923.8,1,classic,0,0.0,
442,533,F,1941-05-19,57,1997-03-30,monthly,Brno - mesto,south Moravia,1997-03-30,1998-12-31,80,429482.3,375105.8,20,54376.5,0,,1,357840.0,D
2762,3335,M,1967-02-10,31,1993-03-20,monthly,Praha - zapad,central Bohemia,1993-03-20,1998-12-31,634,3724563.4,3674794.2,70,49768.9,0,,1,111384.0,A
4626,5574,F,1970-09-12,28,1996-06-15,monthly,Nymburk,central Bohemia,1996-06-15,1998-12-31,167,1068011.4,1008366.2,31,59645.3,0,,1,33348.0,A
4681,5642,F,1957-11-04,41,1995-08-08,monthly,Karvina,north Moravia,1995-08-08,1998-12-31,294,927419.1,873148.6,41,54270.4,0,,1,162624.0,C
5001,6042,M,1963-10-12,35,1995-12-15,monthly,Blansko,south Moravia,1995-12-15,1998-12-31,254,1558161.8,1542144.2,37,16017.3,0,,1,110112.0,A
5066,6115,F,1953-12-25,45,1995-08-27,weekly,Rakovnik,central Bohemia,1995-08-27,1998-12-31,333,1223737.0,1164068.4,41,59667.7,0,,1,61656.0,B
5228,6317,F,1957-01-27,41,1993-06-23,after_transaction,Vsetin,north Moravia,1993-06-23,1998-12-31,454,3576916.8,3540608.0,67,36308.4,0,,1,173808.0,A
1656,2008,M,1940-06-07,58,1997-02-01,monthly,Pardubice,east Bohemia,1997-02-01,1998-12-31,144,613286.8,567574.4,23,45712.2,0,,1,189792.0,C
1819,2205,M,1952-12-12,46,1996-10-21,weekly,Brno - venkov,south Moravia,1996-10-21,1998-12-31,184,841295.6,735950.6,27,105344.1,0,,1,143676.0,C
9156,11271,M,1937-12-08,61,1997-09-14,monthly,Pisek,south Bohemia,1997-09-14,1998-12-31,72,312896.9,281214.9,16,31681.8,0,,1,163332.0,C
9263,11405,F,1964-07-29,34,1996-06-04,monthly,Frydek - Mistek,north Moravia,1996-06-04,1998-12-31,238,681083.6,648849.2,31,32233.8,0,,1,39576.0,A
9353,11516,M,1938-11-09,60,1995-11-03,monthly,Kromeriz,south Moravia,1995-11-03,1998-12-31,230,1212824.8,1181162.6,38,31535.3,0,,1,188616.0,C
9673,11906,M,1944-12-03,54,1997-06-07,monthly,Sumperk,north Moravia,1997-06-07,1998-12-31,116,331072.2,292218.2,19,38854.0,0,,1,88200.0,C
10134,12468,M,1969-07-04,29,1997-04-26,monthly,Domazlice,west Bohemia,1997-04-26,1998-12-31,148,945665.7,891075.8,21,54589.7,0,,1,136368.0,C
11065,13603,M,1941-07-28,57,1993-03-19,monthly,Nachod,east Bohemia,1993-03-19,1998-12-31,403,905441.5,868439.4,70,37001.8,0,,1,69360.0,A
11096,13640,F,1955-06-09,43,1996-12-10,monthly,Plzen - sever,west Bohemia,1996-12-10,1998-12-31,149,639994.7,575002.4,25,64992.2,0,,1,213300.0,C
813,976,F,1955-11-19,43,1993-02-10,monthly,Jindrichuv Hradec,south Bohemia,1993-02-10,1998-12-31,392,978819.1,943524.0,71,35295.5,0,,1,24312.0,A
854,1029,F,1954-03-16,44,1993-09-21,monthly,Hl.m. Praha,Prague,1993-09-21,1998-12-31,511,729527.0,684942.8,64,44584.1,0,,1,87216.0,C
1603,1944,F,1957-01-22,41,1993-05-09,monthly,Tachov,west Bohemia,1993-05-09,1998-12-31,499,845166.6,781413.8,68,63752.6,0,,1,78936.0,A
1787,2166,F,1947-07-22,51,1993-03-22,weekly,Sokolov,west Bohemia,1993-03-22,1998-12-31,403,2057397.3,2051494.6,70,5903.1,0,,1,96396.0,B
2720,3284,M,1936-07-02,62,1997-06-16,weekly,Benesov,central Bohemia,1997-06-16,1998-12-31,167,1074715.9,999206.6,19,75509.7,0,,1,93888.0,C
6555,7914,F,1966-10-24,32,1993-03-05,weekly,Louny,north Bohemia,1993-03-05,1998-12-31,438,2152608.7,2090988.0,70,61619.8,0,,1,212400.0,A
7562,9366,M,1975-06-26,23,1995-01-17,weekly,Olomouc,north Moravia,1995-01-17,1998-12-31,295,1993819.6,1914507.2,48,79314.2,0,,1,309600.0,C
7594,9403,M,1974-03-22,24,1996-02-16,monthly,Jindrichuv Hradec,south Bohemia,1996-02-16,1998-12-31,323,1237100.3,1203476.8,34,33623.0,0,,1,130464.0,C
7819,9670,M,1948-05-04,50,1993-08-01,monthly,Louny,north Bohemia,1993-08-01,1998-12-31,591,661416.9,637354.0,65,24062.7,0,,1,20832.0,C
7857,9715,F,1977-11-30,21,1993-08-04,monthly,Jablonec n. Nisou,north Bohemia,1993-08-04,1998-12-31,579,2713171.7,2634043.0,65,79128.3,0,,1,68112.0,A
8772,10813,F,1979-05-13,19,1996-05-16,monthly,Hl.m. Praha,Prague,1996-05-16,1998-12-31,192,383924.6,367326.0,32,16597.4,0,,1,88272.0,C
9037,11130,F,1961-04-08,37,1996-10-22,monthly,Hl.m. Praha,Prague,1996-10-22,1998-12-31,206,455882.0,397636.6,27,58020.2,0,,1,321936.0,C
9052,11149,M,1965-07-14,33,1995-08-30,after_transaction,Hradec Kralove,east Bohemia,1995-08-30,1998-12-31,303,1593764.5,1566008.6,41,27755.0,0,,1,71976.0,D
9560,11768,F,1971-09-12,27,1997-07-13,monthly,Hl.m. Praha,Prague,1997-07-13,1998-12-31,88,535519.1,479495.7,18,56023.7,0,,1,157068.0,C
10711,13172,M,1938-10-19,60,1996-07-08,monthly,Liberec,north Bohemia,1996-07-08,1998-12-31,249,707601.3,625581.4,30,82019.9,0,,1,24180.0,C
6902,8333,M,1966-02-01,32,1996-10-22,monthly,Prostejov,south Moravia,1996-10-22,1998-12-31,175,305304.8,287276.6,27,18028.2,0,,1,49320.0,C
7052,8510,M,1947-05-24,51,1997-07-17,after_transaction,Brno - venkov,south Moravia,1997-07-17,1998-12-31,104,297413.3,266617.1,18,30796.5,0,,1,63972.0,D
7274,8777,F,1953-04-11,45,1997-09-28,monthly,Praha - zapad,central Bohemia,1997-09-28,1998-12-31,87,408688.2,378648.6,16,30039.0,0,,1,49044.0,C
7926,9798,F,1950-03-02,48,1996-06-09,weekly,Jesenik,north Moravia,1996-06-09,1998-12-31,191,1219491.4,1150360.0,31,69131.3,0,,1,84120.0,A
8027,9915,M,1967-07-10,31,1993-07-07,weekly,Plzen - jih,west Bohemia,1993-07-07,1998-12-31,403,2760366.6,2713252.4,66,47114.1,0,,1,77640.0,A
8158,10075,M,1964-07-01,34,1996-06-16,weekly,Rychnov nad Kneznou,east Bohemia,1996-06-16,1998-12-31,220,1306292.0,1226994.8,31,79297.5,0,,1,238716.0,C
8268,10209,M,1975-10-27,23,1996-09-19,monthly,Kromeriz,south Moravia,1996-09-19,1998-12-31,210,431285.8,358424.2,28,72583.4,0,,1,8616.0,C
8377,10350,F,1961-09-14,37,1993-11-20,monthly,Rokycany,west Bohemia,1993-11-20,1998-12-31,423,1426130.5,1370606.0,62,55336.6,0,,1,417060.0,C
8411,10389,F,1943-08-15,55,1994-12-02,monthly,Strakonice,south Bohemia,1994-12-02,1998-12-31,392,1197080.0,1164405.0,49,32673.4,0,,1,220620.0,C
9140,11252,F,1965-12-08,33,1997-08-18,monthly,Ceska Lipa,north Bohemia,1997-08-18,1998-12-31,135,252213.5,238677.6,17,13535.6,0,,1,16032.0,C
9242,11381,F,1979-07-26,19,1996-03-15,monthly,Hodonin,south Moravia,1996-03-15,1998-12-31,218,324248.4,279792.8,34,44455.7,0,,1,23184.0,A
9633,11857,M,1952-08-26,46,1996-01-08,monthly,Karvina,north Moravia,1996-01-08,1998-12-31,276,1334695.9,1327802.5,36,6865.8,0,,1,59448.0,D
9833,12102,F,1968-09-07,30,1993-07-24,monthly,Tabor,south Bohemia,1993-07-24,1998-12-31,547,3537847.1,3500091.0,66,37755.9,0,,1,97632.0,A
10049,12358,M,1943-07-05,55,1996-03-28,monthly,Pelhrimov,south Bohemia,1996-03-28,1998-12-31,230,370710.8,356261.8,34,14448.9,0,,1,91632.0,A
10063,12376,M,1959-02-17,39,1996-10-13,weekly,Kladno,central Bohemia,1996-10-13,1998-12-31,232,1123825.0,1073541.6,27,50284.1,0,,1,233424.0,C
10493,12908,M,1941-03-12,57,1997-01-09,monthly,Pribram,central Bohemia,1997-01-09,1998-12-31,177,871726.6,780025.4,24,91700.8,0,,1,133800.0,C
785,939,M,1952-08-03,46,1997-08-09,weekly,Tabor,south Bohemia,1997-08-09,1998-12-31,108,494841.6,449194.8,17,45646.4,0,,1,156096.0,C
1106,1327,F,1963-12-31,35,1993-08-29,weekly,Strakonice,south Bohemia,1993-08-29,1998-12-31,379,1772922.2,1772000.9,65,920.5,0,,1,192552.0,B
1256,1516,F,1946-10-17,52,1994-04-21,monthly,Louny,north Bohemia,1994-04-21,1998-12-31,409,949835.3,910924.6,57,38910.5,0,,1,71064.0,A
2228,2700,M,1945-02-22,53,1994-03-19,monthly,Chomutov,north Bohemia,1994-03-19,1998-12-31,356,1617604.7,1597264.5,58,20341.9,0,,1,185952.0,C
2247,2721,F,1950-06-26,48,1996-04-13,monthly,Karlovy Vary,west Bohemia,1996-04-13,1998-12-31,300,821448.4,793010.6,33,28437.9,0,,1,72504.0,C
2545,3072,M,1936-04-14,62,1996-12-04,monthly,Hl.m. Praha,Prague,1996-12-04,1998-12-31,192,359916.8,339743.0,25,20173.7,0,,1,428784.0,C
2705,3264,F,1950-10-20,48,1993-07-05,after_transaction,Vyskov,south Moravia,1993-07-05,1998-12-31,440,1398701.6,1335356.2,66,63346.6,0,,1,93888.0,A
2753,3324,F,1971-04-13,27,1996-02-13,monthly,Plzen - mesto,west Bohemia,1996-02-13,1998-12-31,213,821321.9,789064.4,35,32257.4,0,,1,66432.0,C
3084,3730,F,1945-08-07,53,1996-01-28,weekly,Kromeriz,south Moravia,1996-01-28,1998-12-31,200,856146.9,786905.2,36,69241.4,0,,1,253512.0,D
3916,4722,M,1972-01-28,26,1997-09-28,monthly,Mlada Boleslav,central Bohemia,1997-09-28,1998-12-31,94,275042.0,260136.2,16,14906.1,0,,1,96984.0,C
3942,4754,F,1939-12-28,59,1996-05-10,weekly,Plzen - jih,west Bohemia,1996-05-10,1998-12-31,199,1248604.6,1194130.0,32,54474.7,0,,1,107352.0,C
4727,5701,F,1959-11-22,39,1995-02-13,monthly,Benesov,central Bohemia,1995-02-13,1998-12-31,353,1840063.4,1765996.6,47,74066.4,0,,1,107640.0,A
5263,6359,M,1976-07-06,22,1995-07-14,monthly,Zlin,south Moravia,1995-07-14,1998-12-31,273,517549.7,450975.6,42,66574.0,0,,1,276300.0,C
5267,6363,F,1973-10-20,25,1996-01-12,monthly,Kladno,central Bohemia,1996-01-12,1998-12-31,233,1456840.9,1411004.0,36,45836.7,0,,1,129312.0,D
6138,7411,F,1963-01-25,35,1997-01-22,monthly,Brno - mesto,south Moravia,1997-01-22,1998-12-31,115,429793.4,391516.9,24,38275.7,0,,1,67608.0,C
6158,7435,F,1957-04-16,41,1996-05-13,monthly,Bruntal,north Moravia,1996-05-13,1998-12-31,111,535614.4,474326.1,32,61289.1,0,,1,247920.0,D
6289,7594,F,1949-04-07,49,1995-04-05,monthly,Zlin,south Moravia,1995-04-05,1998-12-31,280,1776037.9,1702690.3,45,73347.3,0,,1,85632.0,C
6440,7772,F,1976-12-30,22,1996-11-01,monthly,Hl.m. Praha,Prague,1996-11-01,1998-12-31,145,730682.8,710795.2,26,19887.3,0,,1,34572.0,A
6453,7787,M,1951-07-10,47,1996-07-27,monthly,Chomutov,north Bohemia,1996-07-27,1998-12-31,226,184221.8,163828.4,30,20393.1,0,,1,10944.0,C
6686,8074,M,1958-10-07,40,1996-02-10,monthly,Trebic,south Moravia,1996-02-10,1998-12-31,188,1083532.5,1061797.0,35,21735.1,0,,1,116496.0,C
7184,8670,F,1943-01-07,55,1995-06-19,monthly,Kolin,central Bohemia,1995-06-19,1998-12-31,370,1052149.9,999300.2,43,52849.7,0,,1,155640.0,A
7424,9202,M,1962-02-09,36,1996-07-28,monthly,Frydek - Mistek,north Moravia,1996-07-28,1998-12-31,274,1493902.2,1467873.0,30,26029.5,0,,1,30276.0,A
8073,9973,F,1945-10-03,53,1993-09-03,after_transaction,Karlovy Vary,west Bohemia,1993-09-03,1998-12-31,533,2640095.1,2550030.4,64,90064.4,0,,1,49320.0,B
8169,10090,F,1980-03-14,18,1995-11-28,monthly,Rokycany,west Bohemia,1995-11-28,1998-12-31,259,464613.0,434284.2,38,30328.7,0,,1,97980.0,C
8639,10654,F,1962-07-16,36,1997-08-22,monthly,Nachod,east Bohemia,1997-08-22,1998-12-31,103,330758.2,307191.1,17,23566.9,0,,1,185640.0,C
309,376,F,1973-01-08,25,1997-04-25,monthly,Ceske Budejovice,south Bohemia,1997-04-25,1998-12-31,108,428312.9,404100.0,21,24212.8,0,,1,91248.0,C
330,403,F,1973-05-26,25,1996-11-24,monthly,Havlickuv Brod,east Bohemia,1996-11-24,1998-12-31,130,620206.9,593480.0,26,26726.8,0,,1,331584.0,C
378,458,M,1961-07-24,37,1996-07-22,monthly,Frydek - Mistek,north Moravia,1996-07-22,1998-12-31,344,1982932.1,1943967.8,30,38964.8,0,,1,230400.0,C
1638,1985,M,1937-12-13,61,1996-11-12,weekly,Kutna Hora,central Bohemia,1996-11-12,1998-12-31,110,389288.2,362273.0,26,27015.4,0,,1,64224.0,C
1718,2083,M,1943-03-12,55,1997-09-23,monthly,Novy Jicin,north Moravia,1997-09-23,1998-12-31,83,729027.9,616618.0,16,112409.6,0,,1,172272.0,C
3161,3822,M,1953-11-26,45,1996-08-26,monthly,Rychnov nad Kneznou,east Bohemia,1996-08-26,1998-12-31,143,793881.5,757544.8,29,36336.5,0,,1,30012.0,C
3353,4055,F,1953-06-01,45,1996-08-27,monthly,Ostrava - mesto,north Moravia,1996-08-27,1998-12-31,230,1007654.8,967016.2,29,40639.3,0,,1,146064.0,C
2694,3251,F,1962-12-28,36,1993-03-08,monthly,Usti nad Orlici,east Bohemia,1993-03-08,1998-12-31,473,1414147.1,1331893.0,70,82253.9,0,,1,91632.0,A
2754,3326,F,1952-12-26,46,1996-01-26,weekly,Hodonin,south Moravia,1996-01-26,1998-12-31,239,1598836.8,1523353.0,36,75483.2,0,,1,335280.0,C
3005,3629,M,1947-12-13,51,1997-01-11,after_transaction,Havlickuv Brod,east Bohemia,1997-01-11,1998-12-31,101,581741.2,538543.1,24,43197.9,0,,1,390000.0,C
2246,2720,F,1949-09-05,49,1996-04-25,monthly,Hl.m. Praha,Prague,1996-04-25,1998-12-31,189,1261564.7,1186715.2,33,74849.4,0,,1,415800.0,C
1375,1663,M,1957-04-29,41,1994-04-27,monthly,Prachatice,south Bohemia,1994-04-27,1998-12-31,358,1256667.3,1171840.6,57,84826.0,0,,1,45336.0,A
1528,1852,M,1962-09-05,36,1996-06-08,monthly,Svitavy,east Bohemia,1996-06-08,1998-12-31,193,632565.9,569236.6,31,63328.9,0,,1,191088.0,C
428,515,M,1932-05-26,66,1993-02-27,monthly,Hl.m. Praha,Prague,1993-02-27,1998-12-31,353,472905.2,417104.0,71,55801.0,0,,0,0.0,
453,545,F,1973-10-11,25,1997-04-24,monthly,Prerov,north Moravia,1997-04-24,1998-12-31,110,538820.7,452211.0,21,86609.6,0,,0,0.0,
487,585,F,1942-02-21,56,1995-11-14,monthly,Teplice,north Bohemia,1995-11-14,1998-12-31,182,996150.6,892998.2,38,103152.0,0,,0,0.0,
520,625,F,1978-11-24,20,1993-11-04,monthly,Prostejov,south Moravia,1993-11-04,1998-12-31,281,223457.3,189546.2,62,33910.9,0,,0,0.0,
528,635,F,1927-06-29,71,1996-12-30,monthly,Pelhrimov,south Bohemia,1996-12-30,1998-12-31,99,111335.4,90717.4,25,20618.0,0,,0,0.0,
565,678,F,1933-05-28,65,1995-11-25,monthly,Most,north Bohemia,1995-11-25,1998-12-31,162,199719.5,157304.2,38,42415.0,0,,0,0.0,
571,685,F,1930-12-13,68,1996-07-16,monthly,Olomouc,north Moravia,1996-07-16,1998-12-31,126,143660.3,118085.4,30,25574.8,0,,0,0.0,
574,689,M,1964-08-02,34,1993-07-30,monthly,Karvina,north Moravia,1993-07-30,1998-12-31,370,2938732.5,2835501.0,66,103231.2,0,,0,0.0,
576,692,F,1936-01-11,62,1993-01-01,monthly,Ostrava - mesto,north Moravia,1993-01-01,1998-12-31,358,455585.1,420034.2,72,35550.7,0,,0,0.0,
582,700,M,1929-11-20,69,1994-08-05,monthly,Pribram,central Bohemia,1994-08-05,1998-12-31,243,228056.3,206798.8,53,21257.0,0,,0,0.0,
599,717,M,1968-05-02,30,1996-12-04,monthly,Brno - mesto,south Moravia,1996-12-04,1998-12-31,148,330533.4,304657.0,25,25876.3,0,,0,0.0,
607,726,M,1935-02-13,63,1995-02-17,monthly,Jindrichuv Hradec,south Bohemia,1995-02-17,1998-12-31,212,147177.9,132420.6,47,14757.3,0,,0,0.0,
613,737,M,1952-11-04,46,1996-08-10,after_transaction,Ostrava - mesto,north Moravia,1996-08-10,1998-12-31,124,395639.5,357903.0,29,37736.5,0,,0,0.0,
635,762,M,1937-04-20,61,1994-08-21,monthly,Tabor,south Bohemia,1994-08-21,1998-12-31,425,1776117.2,1768634.9,53,7481.8,0,,0,0.0,
637,764,F,1955-10-13,43,1996-08-27,monthly,Semily,east Bohemia,1996-08-27,1998-12-31,142,109121.5,93497.8,29,15623.5,0,,0,0.0,
706,847,M,1979-12-25,19,1996-05-07,monthly,Semily,east Bohemia,1996-05-07,1998-12-11,135,641988.9,591214.2,32,50774.8,0,,0,0.0,
720,863,F,1968-11-29,30,1995-07-20,monthly,Brno - mesto,south Moravia,1995-07-20,1998-12-31,213,291655.8,276737.6,42,14918.1,0,,0,0.0,
732,879,F,1943-12-08,55,1996-06-07,monthly,Louny,north Bohemia,1996-06-07,1998-12-31,171,580455.1,542682.6,31,37772.3,0,,0,0.0,
766,916,M,1958-06-29,40,1996-04-21,monthly,Beroun,central Bohemia,1996-04-21,1998-12-31,180,724523.5,632978.2,33,91544.9,0,,0,0.0,
768,918,M,1964-12-23,34,1997-07-03,monthly,Plzen - mesto,west Bohemia,1997-07-03,1998-12-31,89,121303.7,82571.8,18,38731.6,0,,0,0.0,
805,964,F,1953-10-21,45,1996-12-02,monthly,Praha - vychod,central Bohemia,1996-12-02,1998-12-31,123,435126.8,425796.9,25,9329.8,0,,0,0.0,
834,1004,M,1957-09-25,41,1997-05-23,monthly,Beroun,central Bohemia,1997-05-23,1998-12-31,86,86940.6,67969.4,20,18971.1,0,,0,0.0,
837,1008,M,1956-07-06,42,1993-09-18,monthly,Kutna Hora,central Bohemia,1993-09-18,1998-12-31,366,1483369.8,1432496.8,64,50872.8,0,,0,0.0,
843,1017,F,1943-02-12,55,1997-04-09,monthly,Kutna Hora,central Bohemia,1997-04-09,1998-12-31,137,81948.5,65321.6,21,16626.8,0,,0,0.0,
2636,3182,F,1925-04-22,73,1996-11-26,monthly,Pisek,south Bohemia,1996-11-26,1998-12-31,105,124286.7,103922.0,26,20364.6,0,,0,0.0,
2673,3228,M,1957-02-22,41,1994-01-04,monthly,Chomutov,north Bohemia,1994-01-04,1998-12-31,402,823082.4,790823.0,60,32258.8,0,,0,0.0,
2873,3472,F,1946-05-11,52,1996-12-13,monthly,Karvina,north Moravia,1996-12-13,1998-12-31,189,450806.1,373308.4,25,77497.6,0,,0,0.0,
2913,3520,F,1928-05-17,70,1993-12-28,monthly,Mlada Boleslav,central Bohemia,1993-12-28,1998-12-31,343,273125.1,255143.0,61,17981.9,0,,0,0.0,
2940,3550,F,1969-09-14,29,1993-06-24,monthly,Brno - mesto,south Moravia,1993-06-24,1998-12-31,365,1530788.3,1492781.0,67,38006.4,0,,0,0.0,
2950,3564,M,1948-03-23,50,1996-06-28,monthly,Uherske Hradiste,south Moravia,1996-06-28,1998-12-31,157,657173.3,600243.0,31,56930.0,0,,0,0.0,
2955,3569,M,1933-04-09,65,1996-09-27,monthly,Bruntal,north Moravia,1996-09-27,1998-12-31,117,140004.5,116929.2,28,23075.1,0,,0,0.0,
2971,3588,F,1953-11-04,45,1993-12-23,weekly,Sumperk,north Moravia,1993-12-23,1998-12-27,228,1283629.7,1193817.0,61,89812.7,0,,0,0.0,
2980,3598,M,1923-09-11,75,1993-12-09,monthly,Zdar nad Sazavou,south Moravia,1993-12-09,1998-12-31,293,303634.1,286159.0,61,17474.6,0,,0,0.0,
3007,3632,F,1943-09-29,55,1993-02-02,monthly,Cesky Krumlov,south Bohemia,1993-02-02,1998-12-31,600,1742062.9,1696193.6,71,45869.2,0,,0,0.0,
3018,3645,M,1975-02-26,23,1996-12-03,monthly,Chomutov,north Bohemia,1996-12-03,1998-12-12,128,703568.2,694685.7,25,8882.4,0,,0,0.0,
3029,3659,F,1930-11-10,68,1996-12-24,monthly,Havlickuv Brod,east Bohemia,1996-12-24,1998-12-31,113,145821.9,119087.4,25,26734.3,0,,0,0.0,
3052,3690,M,1960-08-02,38,1997-04-26,monthly,Chrudim,east Bohemia,1997-04-26,1998-12-17,39,116609.6,90600.0,21,26009.3,0,,0,0.0,
3093,3741,M,1936-05-04,62,1996-11-21,monthly,Jindrichuv Hradec,south Bohemia,1996-11-21,1998-12-31,129,602392.2,558792.0,26,43600.4,0,,0,0.0,
3125,3780,M,1977-11-22,21,1996-12-16,monthly,Litomerice,north Bohemia,1996-12-16,1998-12-31,114,191556.1,169812.4,25,21743.4,0,,0,0.0,
3164,3826,M,1921-03-08,77,1993-12-24,monthly,Decin,north Bohemia,1993-12-24,1998-12-31,349,374996.0,339366.0,61,35629.9,0,,0,0.0,
3171,3835,F,1931-05-12,67,1993-09-28,monthly,Svitavy,east Bohemia,1993-09-28,1998-12-31,300,311343.4,287632.8,64,23710.2,0,,0,0.0,
3978,4797,F,1940-09-03,58,1995-02-18,monthly,Kromeriz,south Moravia,1995-02-18,1998-12-31,345,1126892.6,1084403.6,47,42488.8,0,,0,0.0,
3989,4809,M,1930-11-01,68,1995-03-11,monthly,Prachatice,south Bohemia,1995-03-11,1998-12-31,191,185644.2,162951.0,46,22693.1,0,,0,0.0,
3998,4820,F,1969-09-19,29,1996-04-20,monthly,Benesov,central Bohemia,1996-04-20,1998-12-31,206,595086.1,541338.2,33,53747.7,0,,0,0.0,
4090,4927,F,1955-03-16,43,1996-10-11,monthly,Olomouc,north Moravia,1996-10-11,1998-11-30,28,47702.6,23700.0,26,24002.6,0,,0,0.0,
4286,5163,F,1957-10-28,41,1996-11-11,monthly,Hradec Kralove,east Bohemia,1996-11-11,1998-12-31,100,521092.2,426693.2,26,94398.7,0,,0,0.0,
4328,5212,F,1946-10-12,52,1994-06-17,monthly,Olomouc,north Moravia,1994-06-17,1998-12-31,274,407858.9,395815.4,55,12043.3,0,,0,0.0,
4356,5247,M,1943-04-14,55,1994-01-26,monthly,Pardubice,east Bohemia,1994-01-26,1998-12-31,270,435074.6,460895.6,60,-25821.2,0,,0,0.0,
4454,5374,M,1947-11-26,51,1996-12-21,monthly,Vyskov,south Moravia,1996-12-21,1998-12-31,113,287950.2,228697.4,25,59252.8,0,,0,0.0,
4471,5393,M,1955-12-03,43,1997-06-09,weekly,Kladno,central Bohemia,1997-06-09,1998-12-31,99,595013.9,537718.0,19,57296.0,0,,0,0.0,
4519,5450,M,1940-08-28,58,1994-06-08,monthly,Mlada Boleslav,central Bohemia,1994-06-08,1998-11-14,92,90791.4,33200.0,54,57589.9,0,,0,0.0,
5125,6183,M,1963-11-16,35,1995-09-14,monthly,Hl.m. Praha,Prague,1995-09-14,1998-12-27,212,1114782.7,1128215.4,40,-13432.8,0,,0,0.0,
5429,6552,M,1955-02-21,43,1995-09-22,monthly,Novy Jicin,north Moravia,1995-09-22,1998-12-31,156,388827.6,406054.7,40,-17226.7,0,,0,0.0,
1508,1828,M,1962-11-14,36,1996-01-22,monthly,Jesenik,north Moravia,1996-01-22,1998-12-31,157,1063311.2,1031244.4,36,32066.6,0,,0,0.0,
1516,1837,M,1957-01-13,41,1993-10-08,monthly,Bruntal,north Moravia,1993-10-08,1998-12-31,274,218751.1,180148.2,63,38602.3,0,,0,0.0,
1523,1847,F,1979-01-30,19,1997-11-24,after_transaction,Usti nad Orlici,east Bohemia,1997-11-24,1998-12-31,75,512531.8,491464.0,14,21067.6,0,,0,0.0,
1558,1889,F,1957-07-28,41,1996-10-06,monthly,Ceska Lipa,north Bohemia,1996-10-06,1998-12-31,161,199931.5,175740.6,27,24190.7,0,,0,0.0,
1565,1897,F,1969-03-07,29,1993-10-20,monthly,Liberec,north Bohemia,1993-10-20,1998-12-31,470,465742.4,433343.2,63,32399.0,0,,0,0.0,
1589,1925,M,1938-06-23,60,1993-08-07,monthly,Litomerice,north Bohemia,1993-08-07,1998-09-10,96,59813.9,48800.0,55,11014.3,0,,0,0.0,
1616,1960,M,1946-08-23,52,1997-02-07,monthly,Domazlice,west Bohemia,1997-02-07,1998-12-31,112,116734.1,89210.8,23,27523.1,0,,0,0.0,
1622,1966,F,1948-07-01,50,1996-04-12,monthly,Prachatice,south Bohemia,1996-04-12,1998-12-31,210,256837.6,223234.2,33,33603.4,0,,0,0.0,
1623,1967,F,1963-11-15,35,1996-02-04,monthly,Hl.m. Praha,Prague,1996-02-04,1998-12-31,200,945109.2,902198.0,35,42910.9,0,,0,0.0,
1628,1973,F,1931-09-13,67,1993-01-10,monthly,Prostejov,south Moravia,1993-01-10,1998-12-31,332,313906.4,294068.2,72,19838.2,0,,0,0.0,
1636,1982,M,1977-07-08,21,1997-04-08,monthly,Blansko,south Moravia,1997-04-08,1998-12-31,109,519419.5,442743.0,21,76676.2,0,,0,0.0,
1644,1993,M,1975-06-21,23,1993-05-09,monthly,Hl.m. Praha,Prague,1993-05-09,1998-12-31,528,1134647.7,1089464.2,68,45183.0,0,,0,0.0,
1651,2001,F,1977-08-05,21,1997-01-23,monthly,Chomutov,north Bohemia,1997-01-23,1998-12-31,90,527780.7,449399.0,24,78381.7,0,,0,0.0,
1703,2068,F,1930-05-24,68,1997-11-02,monthly,Olomouc,north Moravia,1997-11-02,1998-12-31,59,80747.9,56957.4,14,23790.5,0,,0,0.0,
1806,2187,M,1933-03-12,65,1993-01-19,monthly,Teplice,north Bohemia,1993-01-19,1998-12-31,349,363569.4,346107.6,72,17462.0,0,,0,0.0,
1807,2189,F,1962-11-15,36,1997-10-15,monthly,Tabor,south Bohemia,1997-10-15,1998-12-31,64,317134.3,258630.4,15,58503.9,0,,0,0.0,
1828,2216,F,1972-07-04,26,1994-09-28,monthly,Hl.m. Praha,Prague,1994-09-28,1998-12-31,464,2333325.4,2268941.0,52,64383.7,0,,0,0.0,
1831,2222,F,1934-08-03,64,1993-09-21,monthly,Hl.m. Praha,Prague,1993-09-21,1998-12-31,343,414976.7,390589.8,64,24386.5,0,,0,0.0,
1839,2230,M,1969-05-31,29,1997-06-22,monthly,Kolin,central Bohemia,1997-06-22,1998-12-31,89,270277.3,197898.8,19,72378.2,0,,0,0.0,
1845,2237,M,1958-10-03,40,1997-08-20,monthly,Pardubice,east Bohemia,1997-08-20,1998-12-31,88,518155.9,491461.4,17,26694.2,0,,0,0.0,
1881,2282,M,1973-03-11,25,1997-08-17,monthly,Prostejov,south Moravia,1997-08-17,1998-12-31,88,156506.5,129746.6,17,26759.6,0,,0,0.0,
1891,2294,F,1952-12-27,46,1993-04-10,monthly,Ceska Lipa,north Bohemia,1993-04-10,1998-12-31,532,375801.7,286290.8,69,89510.7,0,,0,0.0,
1902,2310,M,1939-07-23,59,1993-07-17,weekly,Teplice,north Bohemia,1993-07-17,1998-12-31,292,817333.5,750817.0,66,66516.2,0,,0,0.0,
9051,11147,F,1972-07-12,26,1996-01-17,weekly,Kolin,central Bohemia,1996-01-17,1998-12-31,144,419151.5,395963.4,36,23093.6,0,,0,0.0,
10036,12344,F,1940-06-20,58,1993-09-13,monthly,Plzen - mesto,west Bohemia,1993-09-13,1998-11-16,310,1461454.8,1475873.8,63,-14419.2,0,,0,0.0,
5,7,M,1929-01-25,69,1997-05-30,monthly,Cesky Krumlov,south Bohemia,1997-05-30,1998-12-31,84,97485.0,69396.4,20,28088.3,0,,0,0.0,
9,12,M,1981-02-20,17,1993-01-27,monthly,Teplice,north Bohemia,1993-01-27,1998-12-31,361,360155.9,336278.2,72,23877.5,0,,0,0.0,
17,22,F,1969-10-11,29,1997-01-08,monthly,Hl.m. Praha,Prague,1997-01-08,1998-12-31,54,255463.6,157585.6,24,97877.9,0,,0,0.0,
30,38,F,1973-07-23,25,1995-03-04,monthly,Liberec,north Bohemia,1995-03-04,1998-12-30,281,2302979.4,2258823.8,46,44155.3,0,,0,0.0,
44,52,M,1924-12-12,74,1993-05-10,monthly,Ceska Lipa,north Bohemia,1993-05-10,1998-12-31,316,286630.2,262787.2,68,23842.6,0,,0,0.0,
75,89,F,1951-05-05,47,1995-08-13,monthly,Hl.m. Praha,Prague,1995-08-13,1998-12-31,215,555590.5,530295.0,41,25295.4,0,,0,0.0,
79,93,M,1925-02-16,73,1996-11-29,monthly,Beroun,central Bohemia,1996-11-29,1998-12-31,104,106821.9,84920.0,26,21902.0,0,,0,0.0,
104,125,M,1936-10-31,62,1993-04-15,monthly,Litomerice,north Bohemia,1993-04-15,1998-12-31,385,214125.3,188487.8,69,25637.8,0,,0,0.0,
114,137,M,1923-09-14,75,1997-03-14,monthly,Prostejov,south Moravia,1997-03-14,1998-12-31,103,90904.3,64804.6,22,26099.7,0,,0,0.0,
135,162,M,1941-10-17,57,1993-06-15,monthly,Znojmo,south Moravia,1993-06-15,1998-12-31,326,408093.4,334390.6,67,73702.7,0,,0,0.0,
143,173,F,1918-12-08,80,1996-11-27,monthly,Tabor,south Bohemia,1996-11-27,1998-12-31,114,125076.9,102304.0,26,22772.9,0,,0,0.0,
154,186,F,1961-02-22,37,1994-06-21,monthly,Nachod,east Bohemia,1994-06-21,1998-12-31,316,843234.7,750874.4,55,92359.8,0,,0,0.0,
160,193,M,1962-05-01,36,1993-09-04,monthly,Hl.m. Praha,Prague,1993-09-04,1998-12-31,437,948345.1,899407.4,64,48937.5,0,,0,0.0,
162,195,M,1919-11-18,79,1993-08-25,monthly,Ostrava - mesto,north Moravia,1993-08-25,1998-12-31,286,338540.4,316911.4,65,21628.6,0,,0,0.0,
177,216,M,1960-01-30,38,1997-09-26,monthly,Hl.m. Praha,Prague,1997-09-26,1998-12-31,59,325517.2,263146.0,16,62371.1,0,,0,0.0,
184,224,M,1955-05-11,43,1996-02-21,monthly,Vsetin,north Moravia,1996-02-21,1998-12-31,163,736773.8,669723.4,35,67050.3,0,,0,0.0,
198,240,F,1929-06-17,69,1993-10-25,monthly,Chomutov,north Bohemia,1993-10-25,1998-12-31,329,272679.1,250174.2,63,22504.4,0,,0,0.0,
225,270,M,1947-03-08,51,1993-07-28,monthly,Nachod,east Bohemia,1993-07-28,1998-12-31,439,563498.6,470558.0,66,92940.2,0,,0,0.0,
257,310,M,1950-04-16,48,1995-11-05,monthly,Praha - zapad,central Bohemia,1995-11-05,1998-12-12,167,819586.7,810743.0,38,8843.6,0,,0,0.0,
264,318,F,1943-04-02,55,1996-02-09,monthly,Cesky Krumlov,south Bohemia,1996-02-09,1998-12-31,189,265871.5,230468.0,35,35403.6,0,,0,0.0,
273,330,F,1944-08-05,54,1993-07-11,after_transaction,Znojmo,south Moravia,1993-07-11,1998-12-31,488,1035305.5,994815.0,66,40490.2,0,,0,0.0,
726,871,M,1974-03-11,24,1994-02-03,monthly,Sumperk,north Moravia,1994-02-03,1998-12-31,307,388342.7,367978.4,59,20364.0,0,,0,0.0,
741,889,F,1981-10-24,17,1994-07-14,monthly,Brno - mesto,south Moravia,1994-07-14,1998-12-31,309,522033.7,465444.6,54,56589.1,0,,0,0.0,
747,895,M,1970-07-03,28,1993-08-09,monthly,Most,north Bohemia,1993-08-09,1998-12-31,369,375355.6,357156.0,65,18199.5,0,,0,0.0,
767,917,F,1973-09-16,25,1995-03-26,monthly,Klatovy,west Bohemia,1995-03-26,1998-12-31,390,927310.6,906903.0,46,20407.6,0,,0,0.0,
774,926,M,1981-01-22,17,1993-06-08,monthly,Hl.m. Praha,Prague,1993-06-08,1998-12-31,418,530668.1,465834.4,67,64833.4,0,,0,0.0,
784,938,F,1944-08-07,54,1994-04-19,monthly,Kromeriz,south Moravia,1994-04-19,1998-12-31,476,1418570.5,1396914.6,57,21655.8,0,,0,0.0,
788,942,F,1931-09-02,67,1996-06-25,monthly,Pribram,central Bohemia,1996-06-25,1998-12-31,141,167837.7,137275.0,31,30562.4,0,,0,0.0,
800,959,F,1962-09-12,36,1997-12-06,monthly,Praha - zapad,central Bohemia,1997-12-06,1998-12-31,70,85147.9,53004.8,13,32143.2,0,,0,0.0,
812,975,F,1959-07-12,39,1996-08-30,monthly,Hl.m. Praha,Prague,1996-08-30,1998-12-31,157,609692.8,574839.8,29,34853.0,0,,0,0.0,
857,1032,F,1938-10-30,60,1993-09-16,monthly,Hl.m. Praha,Prague,1993-09-16,1998-12-31,283,291030.3,269287.8,64,21742.2,0,,0,0.0,
868,1046,M,1975-08-24,23,1997-05-26,monthly,Hl.m. Praha,Prague,1997-05-26,1998-12-31,99,208546.5,185834.4,20,22712.0,0,,0,0.0,
875,1054,M,1924-08-20,74,1995-05-17,monthly,Vyskov,south Moravia,1995-05-17,1998-12-31,205,289763.0,246737.8,44,43025.3,0,,0,0.0,
928,1117,F,1976-11-01,22,1993-04-26,monthly,Strakonice,south Bohemia,1993-04-26,1998-12-31,404,668940.1,604763.8,69,64176.4,0,,0,0.0,
944,1138,F,1970-09-30,28,1993-03-08,monthly,Karvina,north Moravia,1993-03-08,1998-12-31,410,1305914.5,1253094.0,70,52820.4,0,,0,0.0,
949,1145,F,1968-09-14,30,1996-02-13,monthly,Jihlava,south Moravia,1996-02-13,1998-12-31,167,526256.4,474392.8,35,51863.4,0,,0,0.0,
973,1172,F,1923-06-13,75,1994-11-05,monthly,Brno - mesto,south Moravia,1994-11-05,1998-12-31,239,294677.0,270571.0,50,24105.5,0,,0,0.0,
1490,1806,M,1952-01-03,46,1996-07-25,monthly,Kolin,central Bohemia,1996-07-25,1998-12-31,160,1080053.3,1005988.2,30,74064.7,0,,0,0.0,
1509,1829,F,1942-08-16,56,1994-05-19,monthly,Trutnov,east Bohemia,1994-05-19,1998-12-31,349,860356.8,843263.0,56,17093.6,0,,0,0.0,
1593,1931,F,1942-11-14,56,1996-08-22,monthly,Jindrichuv Hradec,south Bohemia,1996-08-22,1998-12-31,120,89760.7,65713.8,29,24047.0,0,,0,0.0,
1633,1979,F,1926-03-19,72,1995-02-22,monthly,Trutnov,east Bohemia,1995-02-22,1998-12-31,228,242472.2,224883.6,47,17588.4,0,,0,0.0,
1650,2000,F,1942-05-09,56,1997-12-06,monthly,Most,north Bohemia,1997-12-06,1998-12-31,71,256780.5,223389.8,13,33390.5,0,,0,0.0,
1658,2010,M,1952-08-12,46,1993-05-10,monthly,Litomerice,north Bohemia,1993-05-10,1998-12-31,384,219031.8,194509.2,68,24522.1,0,,0,0.0,
1672,2030,F,1980-08-04,18,1996-05-08,monthly,Kolin,central Bohemia,1996-05-08,1998-12-31,186,670271.9,623938.2,32,46333.6,0,,0,0.0,
1677,2037,F,1948-08-26,50,1997-01-08,monthly,Jesenik,north Moravia,1997-01-08,1998-12-31,129,254799.2,230277.4,24,24521.9,0,,0,0.0,
1682,2042,M,1982-07-04,16,1995-12-22,monthly,Semily,east Bohemia,1995-12-22,1998-12-31,181,234900.1,196102.6,37,38797.2,0,,0,0.0,
1689,2051,F,1918-12-07,80,1993-09-07,monthly,Ostrava - mesto,north Moravia,1993-09-07,1998-12-31,319,323785.7,310418.8,64,13366.6,0,,0,0.0,
1715,2080,M,1963-12-26,35,1996-05-26,monthly,Prostejov,south Moravia,1996-05-26,1998-12-31,165,975432.7,973612.8,32,1819.9,0,,0,0.0,
1739,2110,F,1967-11-03,31,1996-07-08,monthly,Beroun,central Bohemia,1996-07-08,1998-12-31,156,701362.0,655040.0,30,46321.8,0,,0,0.0,
1793,2173,F,1951-12-17,47,1995-06-10,monthly,Breclav,south Moravia,1995-06-10,1998-12-31,249,593179.5,542470.8,43,50708.5,0,,0,0.0,
1809,2192,F,1956-04-12,42,1993-11-12,weekly,Hl.m. Praha,Prague,1993-11-12,1998-12-31,459,1466712.8,1403787.0,62,62925.7,0,,0,0.0,
1837,2228,F,1940-03-20,58,1993-06-24,monthly,Hradec Kralove,east Bohemia,1993-06-24,1998-12-31,394,1620501.4,1542444.6,67,78056.8,0,,0,0.0,
1904,2313,M,1980-10-29,18,1996-05-18,monthly,Karvina,north Moravia,1996-05-18,1998-12-31,208,322302.2,280669.6,32,41632.6,0,,0,0.0,
1920,2330,F,1948-11-17,50,1996-04-08,monthly,Teplice,north Bohemia,1996-04-08,1998-12-31,172,300914.8,235388.8,33,65525.8,0,,0,0.0,
1930,2344,F,1924-04-27,74,1993-06-27,monthly,Beroun,central Bohemia,1993-06-27,1998-12-31,358,437357.1,402133.6,67,35222.7,0,,0,0.0,
2652,3199,F,1957-12-18,41,1996-07-22,monthly,Hl.m. Praha,Prague,1996-07-22,1998-12-31,188,669952.8,619025.4,30,50927.2,0,,0,0.0,
2658,3208,M,1947-02-06,51,1997-11-14,monthly,Plzen - jih,west Bohemia,1997-11-14,1998-12-31,64,45946.3,24776.8,14,21169.6,0,,0,0.0,
2661,3213,M,1941-10-04,57,1997-02-25,monthly,Hl.m. Praha,Prague,1997-02-25,1998-12-31,116,221794.6,200536.2,23,21258.2,0,,0,0.0,
2714,3276,M,1980-03-21,18,1993-01-30,monthly,Usti nad Orlici,east Bohemia,1993-01-30,1998-12-31,361,516701.5,498778.2,72,17923.3,0,,0,0.0,
2715,3277,M,1966-03-26,32,1997-10-06,monthly,Havlickuv Brod,east Bohemia,1997-10-06,1998-12-31,77,51760.9,27526.0,15,24234.7,0,,0,0.0,
2751,3322,M,1948-02-29,50,1995-04-28,monthly,Tachov,west Bohemia,1995-04-28,1998-12-31,289,368338.0,317809.4,45,50528.3,0,,0,0.0,
2778,3355,M,1953-01-15,45,1993-12-30,monthly,Louny,north Bohemia,1993-12-30,1998-12-31,360,857845.4,830111.0,61,27734.1,0,,0,0.0,
2821,3410,M,1965-02-16,33,1996-07-12,monthly,Brno - mesto,south Moravia,1996-07-12,1998-12-31,181,302500.0,280592.4,30,21907.7,0,,0,0.0,
2868,3466,F,1936-05-31,62,1994-06-15,monthly,Hl.m. Praha,Prague,1994-06-15,1998-12-31,251,272737.5,244735.4,55,28001.9,0,,0,0.0,
2875,3475,M,1957-03-13,41,1996-12-24,monthly,Prachatice,south Bohemia,1996-12-24,1998-12-31,112,462073.4,395777.4,25,66296.0,0,,0,0.0,
2900,3505,M,1977-12-06,21,1997-05-14,monthly,Strakonice,south Bohemia,1997-05-14,1998-05-09,26,113162.3,101400.0,13,11762.4,0,,0,0.0,
2903,3508,M,1970-11-09,28,1994-05-19,monthly,Louny,north Bohemia,1994-05-19,1998-12-31,301,1340914.8,1319850.0,56,21064.3,0,,0,0.0,
2905,3511,M,1963-09-11,35,1994-10-03,monthly,Ostrava - mesto,north Moravia,1994-10-03,1998-12-31,246,724606.6,665231.6,51,59374.8,0,,0,0.0,
2919,3527,M,1978-08-11,20,1995-05-10,monthly,Vsetin,north Moravia,1995-05-10,1998-12-31,238,680197.8,649898.4,44,30299.2,0,,0,0.0,
2945,3556,M,1927-11-27,71,1996-07-11,monthly,Kutna Hora,central Bohemia,1996-07-11,1998-12-31,144,175046.9,160880.4,30,14166.4,0,,0,0.0,
2947,3559,F,1939-10-23,59,1996-08-09,monthly,Hodonin,south Moravia,1996-08-09,1998-12-31,145,154260.9,126240.4,29,28020.4,0,,0,0.0,
2989,3610,M,1919-05-08,79,1993-11-28,monthly,Liberec,north Bohemia,1993-11-28,1998-12-31,283,316667.3,288297.6,62,28369.6,0,,0,0.0,
3033,3663,F,1947-06-25,51,1997-12-10,monthly,Jesenik,north Moravia,1997-12-10,1998-12-31,55,36251.2,16954.2,13,19297.1,0,,0,0.0,
3045,3681,M,1921-04-26,77,1995-06-08,monthly,Hl.m. Praha,Prague,1995-06-08,1998-12-31,225,259514.7,242388.2,43,17126.2,0,,0,0.0,
3057,3697,F,1954-01-16,44,1997-07-23,monthly,Nymburk,central Bohemia,1997-07-23,1998-12-31,84,343278.8,303027.2,18,40251.6,0,,0,0.0,
3091,3739,F,1956-08-21,42,1993-11-11,monthly,Beroun,central Bohemia,1993-11-11,1998-12-31,416,1088330.2,1023043.6,62,65286.0,0,,0,0.0,
3645,4395,F,1958-05-16,40,1996-06-18,monthly,Liberec,north Bohemia,1996-06-18,1998-12-31,196,520999.4,497237.0,31,23762.1,0,,0,0.0,
3691,4451,F,1927-10-19,71,1993-02-19,monthly,Svitavy,east Bohemia,1993-02-19,1998-12-31,349,464330.9,438111.0,71,26220.0,0,,0,0.0,
3722,4489,M,1948-03-24,50,1997-12-07,monthly,Sumperk,north Moravia,1997-12-07,1998-12-31,63,181517.4,154360.8,13,27156.5,0,,0,0.0,
3746,4519,F,1951-10-31,47,1996-06-04,monthly,Karvina,north Moravia,1996-06-04,1998-12-31,193,656902.3,552782.6,31,104119.5,0,,0,0.0,
3771,4547,F,1943-12-30,55,1993-06-11,monthly,Nymburk,central Bohemia,1993-06-11,1998-12-31,319,1880305.0,1786258.8,67,94045.6,0,,0,0.0,
3793,4573,F,1955-10-12,43,1996-06-28,monthly,Kolin,central Bohemia,1996-06-28,1998-12-31,171,384291.3,358321.0,31,25970.1,0,,0,0.0,
3799,4579,F,1939-07-01,59,1996-11-29,monthly,Ostrava - mesto,north Moravia,1996-11-29,1998-12-31,196,447837.7,419444.0,26,28393.5,0,,0,0.0,
3801,4581,F,1956-06-16,42,1996-06-20,monthly,Hl.m. Praha,Prague,1996-06-20,1998-12-31,143,717698.9,656965.0,31,60733.9,0,,0,0.0,
3815,4597,F,1952-05-19,46,1996-03-24,monthly,Hl.m. Praha,Prague,1996-03-24,1998-12-09,165,935725.0,916433.0,34,19291.8,0,,0,0.0,
3819,4603,F,1946-07-26,52,1996-11-11,monthly,Jesenik,north Moravia,1996-11-11,1998-12-31,128,306750.2,281732.0,26,25018.2,0,,0,0.0,
3825,4609,F,1976-12-19,22,1993-12-14,monthly,Melnik,central Bohemia,1993-12-14,1998-12-18,149,271763.5,250367.2,61,21395.8,0,,0,0.0,
3841,4631,F,1933-04-01,65,1995-01-22,monthly,Mlada Boleslav,central Bohemia,1995-01-22,1998-12-31,256,218615.2,181689.2,48,36925.8,0,,0,0.0,
3865,4659,F,1959-04-14,39,1995-02-09,monthly,Svitavy,east Bohemia,1995-02-09,1998-12-31,251,1001069.8,967887.2,47,33182.1,0,,0,0.0,
3872,4667,M,1941-04-26,57,1997-05-21,monthly,Klatovy,west Bohemia,1997-05-21,1998-12-31,158,353965.7,309236.4,20,44729.0,0,,0,0.0,
3889,4687,F,1947-12-19,51,1997-07-03,monthly,Jindrichuv Hradec,south Bohemia,1997-07-03,1998-12-31,93,54349.6,38792.8,18,15556.7,0,,0,0.0,
3891,4690,F,1962-08-26,36,1993-08-18,monthly,Zdar nad Sazavou,south Moravia,1993-08-18,1998-12-31,387,1167190.1,1080701.4,65,86488.5,0,,0,0.0,
3910,4716,F,1933-08-02,65,1997-01-19,monthly,Praha - vychod,central Bohemia,1997-01-19,1998-12-31,94,105952.9,90109.8,24,15843.1,0,,0,0.0,
3911,4717,M,1944-08-09,54,1997-12-16,monthly,Ceska Lipa,north Bohemia,1997-12-16,1998-12-31,40,35712.1,18220.2,13,17491.8,0,,0,0.0,
3924,4732,M,1918-03-17,80,1996-02-24,monthly,Karvina,north Moravia,1996-02-24,1998-12-31,150,164721.8,140333.4,35,24388.4,0,,0,0.0,
3927,4736,F,1943-05-28,55,1993-10-22,monthly,Breclav,south Moravia,1993-10-22,1998-12-31,407,442530.7,399494.2,63,43036.7,0,,0,0.0,
3935,4745,F,1948-08-04,50,1993-03-08,monthly,Frydek - Mistek,north Moravia,1993-03-08,1998-12-31,602,1713795.8,1670011.4,70,43784.3,0,,0,0.0,
3946,4760,M,1935-03-27,63,1996-07-16,monthly,Karvina,north Moravia,1996-07-16,1998-12-31,176,560616.2,523925.4,30,36690.8,0,,0,0.0,
3947,4762,F,1971-02-13,27,1996-01-23,monthly,Sumperk,north Moravia,1996-01-23,1998-12-31,223,784134.6,755946.0,36,28188.3,0,,0,0.0,
9703,11943,M,1961-07-09,37,1993-07-15,monthly,Hl.m. Praha,Prague,1993-07-15,1998-12-31,433,2439191.1,2364875.8,66,74314.9,0,,0,0.0,
9707,11947,M,1964-05-29,34,1993-04-24,monthly,Karvina,north Moravia,1993-04-24,1998-12-31,483,2625256.0,2525383.5,69,99600.3,0,,0,0.0,
10018,12324,M,1978-03-06,20,1995-07-23,monthly,Mlada Boleslav,central Bohemia,1995-07-23,1998-12-31,326,906588.7,878305.6,42,28177.1,0,,0,0.0,
7033,8489,F,1952-12-27,46,1996-07-03,monthly,Prerov,north Moravia,1996-07-03,1998-12-11,139,160692.5,163282.0,30,-2589.6,0,,0,0.0,
9883,12163,M,1954-06-16,44,1993-03-19,monthly,Hl.m. Praha,Prague,1993-03-19,1998-12-31,489,2267032.2,2221063.6,70,45968.2,0,,0,0.0,
10220,12568,F,1956-03-01,42,1996-08-26,monthly,Chrudim,east Bohemia,1996-08-26,1998-12-31,163,598861.9,560957.4,29,37790.2,0,,0,0.0,
434,522,F,1956-03-04,42,1996-12-24,monthly,Hl.m. Praha,Prague,1996-12-24,1998-12-31,133,290953.3,259834.4,25,31118.8,0,,0,0.0,
464,558,F,1920-07-05,78,1997-05-28,monthly,Hradec Kralove,east Bohemia,1997-05-28,1998-12-31,83,101636.9,84849.4,20,16787.5,0,,0,0.0,
502,604,F,1965-07-31,33,1997-10-13,monthly,Hl.m. Praha,Prague,1997-10-13,1998-12-31,68,81546.3,48603.4,15,32942.7,0,,0,0.0,
543,654,F,1942-05-17,56,1994-05-03,monthly,Zlin,south Moravia,1994-05-03,1998-12-31,412,245832.4,229438.6,56,16393.5,0,,0,0.0,
551,664,F,1980-03-19,18,1993-05-07,monthly,Vsetin,north Moravia,1993-05-07,1998-12-31,279,383931.8,342419.8,68,41511.4,0,,0,0.0,
578,695,M,1955-06-27,43,1997-03-21,weekly,Plzen - sever,west Bohemia,1997-03-21,1998-12-31,161,442671.7,406202.0,22,36469.5,0,,0,0.0,
590,708,F,1977-11-27,21,1996-02-24,monthly,Svitavy,east Bohemia,1996-02-24,1998-12-31,146,459750.3,400723.4,35,59026.9,0,,0,0.0,
591,709,M,1934-12-29,64,1997-08-12,monthly,Hl.m. Praha,Prague,1997-08-12,1998-12-31,59,68469.5,45716.6,17,22752.9,0,,0,0.0,
611,733,M,1978-07-28,20,1997-07-21,monthly,Nachod,east Bohemia,1997-07-21,1998-12-31,69,59910.9,45963.2,18,13947.5,0,,0,0.0,
627,754,F,1947-06-04,51,1993-02-05,monthly,Vyskov,south Moravia,1993-02-05,1998-12-31,426,1744595.6,1644511.6,71,100083.2,0,,0,0.0,
650,780,M,1924-02-26,74,1995-01-28,monthly,Beroun,central Bohemia,1995-01-28,1998-12-31,259,330776.0,303317.2,48,27458.4,0,,0,0.0,
686,823,M,1956-10-24,42,1993-04-04,monthly,Usti nad Labem,north Bohemia,1993-04-04,1998-12-31,506,817249.2,791952.4,69,25296.3,0,,0,0.0,
695,833,M,1960-06-11,38,1996-04-21,monthly,Kolin,central Bohemia,1996-04-21,1998-12-31,174,814394.4,797642.2,33,16752.2,0,,0,0.0,
699,839,F,1955-05-18,43,1993-09-17,monthly,Pardubice,east Bohemia,1993-09-17,1998-12-31,347,2499974.2,2386633.8,64,113340.0,0,,0,0.0,
731,877,F,1927-01-21,71,1995-07-11,monthly,Kolin,central Bohemia,1995-07-11,1998-12-31,190,173577.9,156442.2,42,17135.7,0,,0,0.0,
764,914,F,1921-01-19,77,1993-01-08,monthly,Hl.m. Praha,Prague,1993-01-08,1998-12-31,359,450675.1,429183.6,72,21491.3,0,,0,0.0,
801,960,F,1957-04-13,41,1997-07-23,monthly,Jindrichuv Hradec,south Bohemia,1997-07-23,1998-12-31,95,125044.5,109204.2,18,15840.1,0,,0,0.0,
826,993,F,1969-10-31,29,1996-10-05,monthly,Chrudim,east Bohemia,1996-10-05,1998-12-31,179,265325.9,240906.2,27,24419.6,0,,0,0.0,
841,1014,M,1931-02-08,67,1993-11-04,monthly,Hl.m. Praha,Prague,1993-11-04,1998-12-31,331,366398.4,323564.2,62,42834.4,0,,0,0.0,
860,1037,F,1965-11-01,33,1993-03-19,monthly,Hl.m. Praha,Prague,1993-03-19,1998-12-31,397,1011334.7,981838.4,70,29496.1,0,,0,0.0,
930,1120,F,1973-10-21,25,1993-08-03,monthly,Usti nad Labem,north Bohemia,1993-08-03,1998-12-31,392,1064506.8,1010892.0,65,53614.7,0,,0,0.0,
965,1163,M,1964-08-28,34,1993-08-25,monthly,Strakonice,south Bohemia,1993-08-25,1998-12-31,354,366730.2,348341.4,65,18388.3,0,,0,0.0,
1006,1210,M,1961-10-12,37,1993-02-08,monthly,Kutna Hora,central Bohemia,1993-02-08,1998-12-31,613,348662.7,298455.0,71,50207.3,0,,0,0.0,
1010,1214,M,1940-11-15,58,1995-05-01,monthly,Trebic,south Moravia,1995-05-01,1998-12-31,289,1800228.6,1751652.2,44,48576.5,0,,0,0.0,
1042,1250,F,1952-08-01,46,1994-04-03,monthly,Hradec Kralove,east Bohemia,1994-04-03,1998-12-31,281,764061.6,714559.2,57,49501.8,0,,0,0.0,
1104,1325,M,1945-09-19,53,1995-12-07,monthly,Most,north Bohemia,1995-12-07,1998-12-31,204,641052.4,590132.6,37,50919.5,0,,0,0.0,
1125,1350,M,1959-04-28,39,1997-11-21,weekly,Hl.m. Praha,Prague,1997-11-21,1998-12-31,120,732420.7,686209.0,14,46211.6,0,,0,0.0,
1134,1363,F,1979-12-27,19,1993-02-09,monthly,Kutna Hora,central Bohemia,1993-02-09,1998-12-31,454,944064.2,904622.0,71,39441.8,0,,0,0.0,
1138,1369,M,1978-10-23,20,1997-04-07,monthly,Usti nad Labem,north Bohemia,1997-04-07,1998-11-30,29,51620.0,33600.0,15,17915.5,0,,0,0.0,
1170,1409,M,1951-04-30,47,1996-03-26,monthly,Klatovy,west Bohemia,1996-03-26,1998-12-31,189,886134.9,857537.8,34,28596.9,0,,0,0.0,
1176,1416,M,1927-12-02,71,1996-10-24,monthly,Prachatice,south Bohemia,1996-10-24,1998-12-31,111,120970.9,108053.6,27,12917.1,0,,0,0.0,
1187,1431,F,1930-11-08,68,1996-07-28,monthly,Brno - venkov,south Moravia,1996-07-28,1998-12-31,148,184574.6,165030.4,30,19544.1,0,,0,0.0,
1211,1462,M,1941-03-02,57,1996-08-09,monthly,Semily,east Bohemia,1996-08-09,1998-12-31,212,249119.7,224662.4,29,24457.3,0,,0,0.0,
1251,1510,F,1948-01-30,50,1995-07-18,weekly,Chomutov,north Bohemia,1995-07-18,1998-12-31,206,947128.4,845222.0,42,101905.9,0,,0,0.0,
1286,1556,M,1950-04-02,48,1993-11-23,after_transaction,Zdar nad Sazavou,south Moravia,1993-11-23,1998-12-31,468,3333099.1,3277564.0,62,55535.2,0,,0,0.0,
1289,1559,M,1940-10-20,58,1996-07-07,monthly,Olomouc,north Moravia,1996-07-07,1998-12-31,168,771073.1,685135.0,30,85938.0,0,,0,0.0,
1822,2209,F,1927-06-13,71,1993-05-05,monthly,Sokolov,west Bohemia,1993-05-05,1998-12-31,347,362855.4,320873.8,68,41981.1,0,,0,0.0,
1827,2215,M,1925-01-29,73,1993-09-06,monthly,Praha - vychod,central Bohemia,1993-09-06,1998-12-31,313,310531.9,278574.4,64,31957.3,0,,0,0.0,
1840,2231,F,1971-10-13,27,1997-01-22,monthly,Tabor,south Bohemia,1997-01-22,1998-12-31,102,229640.0,204062.8,24,25577.2,0,,0,0.0,
1936,2352,F,1977-09-29,21,1995-07-18,monthly,Karvina,north Moravia,1995-07-18,1998-12-31,193,134946.1,110992.6,42,23953.3,0,,0,0.0,
1955,2377,M,1950-11-17,48,1995-01-07,monthly,Semily,east Bohemia,1995-01-07,1998-12-31,218,141663.7,123375.2,48,18288.2,0,,0,0.0,
1957,2379,F,1964-06-19,34,1996-09-18,monthly,Decin,north Bohemia,1996-09-18,1998-12-31,169,133805.0,107792.2,28,26012.6,0,,0,0.0,
1984,2410,F,1973-02-08,25,1993-11-07,monthly,Opava,north Moravia,1993-11-07,1998-12-31,303,911129.5,838672.2,62,72457.1,0,,0,0.0,
2047,2485,M,1933-05-15,65,1995-02-21,monthly,Strakonice,south Bohemia,1995-02-21,1998-12-31,209,224153.1,180828.6,47,43324.4,0,,0,0.0,
2048,2486,F,1961-10-05,37,1997-03-30,monthly,Sumperk,north Moravia,1997-03-30,1998-12-31,134,342407.4,294820.6,22,47586.7,0,,0,0.0,
2071,2511,F,1975-03-27,23,1997-05-08,monthly,Jablonec n. Nisou,north Bohemia,1997-05-08,1998-12-31,113,346641.9,295809.0,20,50832.7,0,,0,0.0,
2075,2516,F,1942-01-05,56,1996-01-01,monthly,Decin,north Bohemia,1996-01-01,1998-12-31,234,122059.0,102232.6,36,19826.3,0,,0,0.0,
2101,2545,F,1953-09-28,45,1996-08-04,monthly,Nymburk,central Bohemia,1996-08-04,1998-12-31,201,138909.6,111286.4,29,27622.9,0,,0,0.0,
2115,2559,F,1965-03-31,33,1996-12-05,monthly,Mlada Boleslav,central Bohemia,1996-12-05,1998-12-31,108,74561.4,61302.0,25,13259.3,0,,0,0.0,
2139,2586,M,1966-05-14,32,1995-06-09,monthly,Mlada Boleslav,central Bohemia,1995-06-09,1998-12-31,335,1346308.3,1303066.8,43,43241.1,0,,0,0.0,
2161,2615,F,1945-08-26,53,1993-12-30,weekly,Zlin,south Moravia,1993-12-30,1998-12-31,341,919514.7,912223.0,61,7291.1,0,,0,0.0,
2230,2702,M,1919-02-26,79,1996-02-11,monthly,Melnik,central Bohemia,1996-02-11,1998-12-31,160,183439.6,151633.4,35,31806.1,0,,0,0.0,
2233,2705,M,1924-04-30,74,1996-01-03,monthly,Hradec Kralove,east Bohemia,1996-01-03,1998-12-31,167,215785.5,171680.6,36,44104.7,0,,0,0.0,
2255,2730,M,1947-03-18,51,1995-10-14,monthly,Usti nad Orlici,east Bohemia,1995-10-14,1998-12-31,171,122326.3,99673.8,39,22652.3,0,,0,0.0,
2257,2732,F,1953-09-16,45,1993-12-21,monthly,Hodonin,south Moravia,1993-12-21,1998-12-31,288,207427.8,190583.0,61,16844.5,0,,0,0.0,
2300,2784,F,1958-07-25,40,1997-01-13,monthly,Liberec,north Bohemia,1997-01-13,1998-06-07,15,23800.0,13900.0,15,9900.0,0,,0,0.0,
2309,2794,M,1965-01-22,33,1995-12-03,monthly,Pisek,south Bohemia,1995-12-03,1998-12-31,203,686032.8,652439.2,37,33593.3,0,,0,0.0,
2311,2797,M,1950-11-05,48,1997-10-19,monthly,Plzen - sever,west Bohemia,1997-10-19,1998-12-31,70,317044.1,285911.4,15,31132.7,0,,0,0.0,
2325,2812,F,1970-05-02,28,1997-02-26,monthly,Brno - venkov,south Moravia,1997-02-26,1998-12-31,153,416244.5,380375.2,23,35869.2,0,,0,0.0,
2346,2835,M,1966-01-27,32,1996-05-08,monthly,Plzen - jih,west Bohemia,1996-05-08,1998-12-31,193,533565.5,535801.6,32,-2236.2,0,,0,0.0,
2348,2838,M,1965-03-09,33,1996-02-05,monthly,Znojmo,south Moravia,1996-02-05,1998-12-31,204,567816.4,540638.0,35,27178.3,0,,0,0.0,
2377,2872,F,1933-10-27,65,1994-11-13,monthly,Vsetin,north Moravia,1994-11-13,1998-12-31,282,219176.5,196490.4,50,22686.2,0,,0,0.0,
2416,2918,M,1967-05-21,31,1996-01-23,monthly,Kolin,central Bohemia,1996-01-23,1998-12-31,182,656222.2,649413.0,36,6809.1,0,,0,0.0,
2420,2923,F,1977-03-21,21,1996-06-25,monthly,Jablonec n. Nisou,north Bohemia,1996-06-25,1998-12-31,149,124025.1,108301.0,31,15723.7,0,,0,0.0,
2438,2944,F,1943-08-23,55,1997-11-16,monthly,Novy Jicin,north Moravia,1997-11-16,1998-12-31,61,147314.5,124892.8,14,22421.7,0,,0,0.0,
2439,2945,M,1921-06-02,77,1996-08-13,monthly,Ostrava - mesto,north Moravia,1996-08-13,1998-12-31,142,183690.3,162713.8,29,20976.3,0,,0,0.0,
2503,3021,M,1961-08-24,37,1993-03-05,monthly,Hl.m. Praha,Prague,1993-03-05,1998-12-31,370,771976.7,707829.4,70,64147.0,0,,0,0.0,
2522,3044,M,1945-10-07,53,1996-01-21,monthly,Liberec,north Bohemia,1996-01-21,1998-12-31,191,894554.8,877121.7,36,17433.1,0,,0,0.0,
2565,3096,M,1982-02-27,16,1995-10-04,monthly,Ostrava - mesto,north Moravia,1995-10-04,1998-12-31,194,251989.9,237446.4,39,14543.4,0,,0,0.0,
2587,3123,M,1979-07-25,19,1997-07-25,monthly,Hl.m. Praha,Prague,1997-07-25,1998-12-31,78,171656.7,157175.2,18,14481.5,0,,0,0.0,
2619,3160,M,1951-06-29,47,1996-05-13,monthly,Strakonice,south Bohemia,1996-05-13,1998-12-31,154,394834.9,354963.6,32,39871.2,0,,0,0.0,
2621,3162,M,1960-05-17,38,1995-10-29,monthly,Brno - venkov,south Moravia,1995-10-29,1998-12-31,183,198138.2,182488.8,39,15649.0,0,,0,0.0,
2627,3170,M,1921-02-21,77,1994-10-02,monthly,Sumperk,north Moravia,1994-10-02,1998-12-31,291,251078.9,228442.6,51,22635.9,0,,0,0.0,
2639,3185,F,1972-11-26,26,1993-04-26,monthly,Pelhrimov,south Bohemia,1993-04-26,1998-12-31,405,1808046.5,1746098.8,69,61947.4,0,,0,0.0,
2672,3227,F,1950-10-28,48,1997-03-14,monthly,Kromeriz,south Moravia,1997-03-14,1998-12-31,101,74542.8,57086.6,22,17456.1,0,,0,0.0,
2686,3241,M,1934-09-14,64,1996-01-11,monthly,Plzen - mesto,west Bohemia,1996-01-11,1998-12-31,174,215621.0,199194.6,36,16426.2,0,,0,0.0,
2687,3243,F,1920-09-30,78,1993-07-01,monthly,Novy Jicin,north Moravia,1993-07-01,1998-12-31,336,425078.2,395020.6,66,30057.2,0,,0,0.0,
2696,3254,M,1930-02-13,68,1997-01-19,monthly,Hl.m. Praha,Prague,1997-01-19,1998-12-31,97,109565.3,88472.8,24,21092.4,0,,0,0.0,
2743,3311,M,1954-08-25,44,1997-05-22,monthly,Trutnov,east Bohemia,1997-05-22,1998-12-31,128,428188.1,404788.4,20,23399.4,0,,0,0.0,
2771,3345,F,1941-01-27,57,1993-08-18,monthly,Litomerice,north Bohemia,1993-08-18,1998-12-31,376,1373287.2,1336741.4,65,36545.3,0,,0,0.0,
2816,3402,F,1952-05-02,46,1997-05-04,monthly,Ostrava - mesto,north Moravia,1997-05-04,1998-12-31,126,398587.1,341211.0,20,57376.2,0,,0,0.0,
2826,3416,M,1978-06-01,20,1996-11-20,monthly,Jablonec n. Nisou,north Bohemia,1996-11-20,1998-12-31,137,409021.9,373412.0,26,35609.7,0,,0,0.0,
2846,3440,F,1938-02-13,60,1997-09-27,monthly,Hl.m. Praha,Prague,1997-09-27,1998-12-31,64,93844.7,72596.0,16,21248.5,0,,0,0.0,
2860,3456,F,1945-01-21,53,1997-05-30,weekly,Brno - mesto,south Moravia,1997-05-30,1998-12-31,98,695603.1,661788.0,20,33815.2,0,,0,0.0,
2876,3476,F,1968-01-05,30,1993-04-22,monthly,Prostejov,south Moravia,1993-04-22,1998-12-31,396,1300665.9,1258503.8,69,42162.1,0,,0,0.0,
2930,3538,F,1944-05-02,54,1996-08-24,monthly,Hl.m. Praha,Prague,1996-08-24,1998-12-31,180,1236928.9,1151070.4,29,85858.6,0,,0,0.0,
2956,3570,F,1945-04-27,53,1997-06-10,monthly,Cesky Krumlov,south Bohemia,1997-06-10,1998-12-31,93,301653.3,244435.8,19,57217.5,0,,0,0.0,
2958,3572,F,1928-12-18,70,1993-09-19,monthly,Rychnov nad Kneznou,east Bohemia,1993-09-19,1998-12-31,302,336520.4,320254.8,64,16265.4,0,,0,0.0,
2981,3600,F,1943-07-26,55,1997-01-11,monthly,Nachod,east Bohemia,1997-01-11,1998-12-31,124,95043.8,81895.4,24,13148.3,0,,0,0.0,
3015,3642,M,1961-08-27,37,1996-06-15,monthly,Prachatice,south Bohemia,1996-06-15,1998-12-31,159,99622.1,73433.0,31,26188.9,0,,0,0.0,
3036,3669,M,1962-08-22,36,1994-04-10,monthly,Praha - vychod,central Bohemia,1994-04-10,1998-11-30,243,1010931.3,994853.0,56,16092.9,0,,0,0.0,
3060,3701,F,1954-05-06,44,1997-06-09,monthly,Opava,north Moravia,1997-06-09,1998-12-31,93,411607.3,368504.4,19,43102.8,0,,0,0.0,
3063,3704,M,1962-04-11,36,1993-05-26,monthly,Jesenik,north Moravia,1993-05-26,1998-12-31,331,243187.0,200105.2,68,43081.8,0,,0,0.0,
3132,3788,F,1955-07-05,43,1995-10-08,monthly,Breclav,south Moravia,1995-10-08,1998-12-31,279,310681.8,291608.4,39,19072.9,0,,0,0.0,
3133,3789,M,1964-10-17,34,1993-06-14,monthly,Zdar nad Sazavou,south Moravia,1993-06-14,1998-12-31,441,1416325.5,1363819.6,67,52506.0,0,,0,0.0,
3169,3833,M,1935-03-01,63,1997-12-19,monthly,Prachatice,south Bohemia,1997-12-19,1998-12-31,65,242463.3,221948.2,13,20515.0,0,,0,0.0,
3183,3848,F,1938-08-14,60,1994-04-01,monthly,Jicin,east Bohemia,1994-04-01,1998-12-31,312,398831.8,369717.2,57,29113.9,0,,0,0.0,
3196,3863,F,1939-10-27,59,1993-12-13,monthly,Hl.m. Praha,Prague,1993-12-13,1998-12-31,299,333355.1,288247.0,61,45107.9,0,,0,0.0,
3576,4314,F,1925-05-24,73,1994-11-07,monthly,Jihlava,south Moravia,1994-11-07,1998-12-31,283,204381.3,173652.4,50,30728.6,0,,0,0.0,
3584,4325,M,1947-07-19,51,1996-06-12,monthly,Brno - venkov,south Moravia,1996-06-12,1998-12-31,194,1105013.3,1043610.0,31,61403.3,0,,0,0.0,
3585,4326,M,1930-09-20,68,1996-06-23,monthly,Hl.m. Praha,Prague,1996-06-23,1998-12-31,150,190703.2,159195.0,31,31508.1,0,,0,0.0,
3623,4370,M,1939-06-28,59,1995-02-12,monthly,Kromeriz,south Moravia,1995-02-12,1998-12-31,284,225878.6,211318.6,47,14559.6,0,,0,0.0,
3686,4444,M,1969-03-28,29,1997-08-03,monthly,Vsetin,north Moravia,1997-08-03,1998-12-31,70,54376.6,36297.2,17,18079.3,0,,0,0.0,
3688,4448,F,1942-05-02,56,1993-11-10,monthly,Olomouc,north Moravia,1993-11-10,1998-12-31,309,1047365.0,1017632.2,62,29732.0,0,,0,0.0,
3695,4456,M,1936-10-23,62,1997-04-02,monthly,Sokolov,west Bohemia,1997-04-02,1998-12-31,115,306439.4,284350.6,21,22088.5,0,,0,0.0,
3699,4461,F,1957-04-22,41,1993-08-05,monthly,Brno - mesto,south Moravia,1993-08-05,1998-12-31,368,1374692.0,1365081.0,65,9610.8,0,,0,0.0,
3772,4548,M,1958-01-05,40,1995-11-20,monthly,Melnik,central Bohemia,1995-11-20,1998-12-31,214,962285.0,918842.2,38,43442.6,0,,0,0.0,
3797,4577,F,1949-07-25,49,1994-09-03,monthly,Zlin,south Moravia,1994-09-03,1998-11-11,91,73018.7,40900.0,47,32118.6,0,,0,0.0,
3802,4582,M,1918-10-12,80,1996-04-18,monthly,Chrudim,east Bohemia,1996-04-18,1998-12-31,148,159667.5,142956.2,33,16711.0,0,,0,0.0,
3850,4641,M,1958-02-12,40,1993-08-09,monthly,Decin,north Bohemia,1993-08-09,1998-12-31,443,1454150.6,1362836.0,65,91314.3,0,,0,0.0,
3854,4647,M,1978-08-20,20,1996-04-18,monthly,Mlada Boleslav,central Bohemia,1996-04-18,1998-12-31,205,141213.9,113714.2,33,27499.5,0,,0,0.0,
3855,4648,M,1964-01-24,34,1995-09-04,monthly,Decin,north Bohemia,1995-09-04,1998-12-31,303,963742.4,941039.0,40,22703.1,0,,0,0.0,
3901,4704,F,1955-04-29,43,1997-08-30,monthly,Pribram,central Bohemia,1997-08-30,1998-12-31,75,306273.8,246960.6,17,59313.0,0,,0,0.0,
3903,4706,F,1943-07-11,55,1994-12-19,monthly,Jihlava,south Moravia,1994-12-19,1998-12-31,271,915505.8,864756.8,49,50748.5,0,,0,0.0,
3923,4731,F,1973-02-11,25,1993-03-30,monthly,Usti nad Orlici,east Bohemia,1993-03-30,1998-12-31,383,1675799.5,1561539.4,70,114259.8,0,,0,0.0,
3933,4742,F,1949-04-13,49,1996-02-11,monthly,Trebic,south Moravia,1996-02-11,1998-12-31,153,553342.3,539314.4,35,14027.7,0,,0,0.0,
3961,4779,M,1978-02-10,20,1997-01-24,monthly,Usti nad Orlici,east Bohemia,1997-01-24,1998-12-31,102,81493.8,69923.8,24,11569.9,0,,0,0.0,
3984,4804,F,1930-02-07,68,1996-12-14,monthly,Trutnov,east Bohemia,1996-12-14,1998-12-31,102,98859.4,82494.4,25,16364.8,0,,0,0.0,
3992,4813,M,1968-10-25,30,1997-12-16,monthly,Hradec Kralove,east Bohemia,1997-12-16,1998-12-31,53,261110.0,222286.2,13,38823.6,0,,0,0.0,
3997,4819,M,1964-04-13,34,1994-01-13,monthly,Uherske Hradiste,south Moravia,1994-01-13,1998-12-31,274,529944.3,487388.4,60,42555.2,0,,0,0.0,
4103,4942,M,1959-07-05,39,1995-01-25,monthly,Louny,north Bohemia,1995-01-25,1998-12-31,271,1961569.6,1872102.0,48,89467.4,0,,0,0.0,
4208,5072,F,1981-03-24,17,1997-04-08,monthly,Hl.m. Praha,Prague,1997-04-08,1998-12-31,99,92126.6,65648.2,21,26478.4,0,,0,0.0,
4273,5149,M,1962-12-18,36,1996-03-11,monthly,Cesky Krumlov,south Bohemia,1996-03-11,1998-12-13,140,793437.4,792791.2,34,646.2,0,,0,0.0,
4309,5189,F,1961-01-10,37,1997-06-25,weekly,Ostrava - mesto,north Moravia,1997-06-25,1998-12-17,38,62729.2,15000.0,19,47729.2,0,,0,0.0,
4386,5284,F,1971-09-24,27,1997-11-29,weekly,Trutnov,east Bohemia,1997-11-29,1998-12-31,55,273735.4,251929.0,14,21806.3,0,,0,0.0,
4439,5354,F,1967-01-05,31,1995-12-25,monthly,Sokolov,west Bohemia,1995-12-25,1998-12-31,162,200735.0,167312.6,37,33422.2,0,,0,0.0,
4470,5392,F,1955-03-28,43,1993-11-01,monthly,Jindrichuv Hradec,south Bohemia,1993-11-01,1998-12-31,335,2754035.1,2655882.2,62,98152.7,0,,0,0.0,
5011,6052,M,1949-04-06,49,1993-08-25,monthly,Teplice,north Bohemia,1993-08-25,1998-12-31,407,2433424.4,2433388.2,65,36.0,0,,0,0.0,
5290,6391,M,1952-01-30,46,1997-07-21,monthly,Chomutov,north Bohemia,1997-07-21,1998-12-31,130,486852.0,469058.4,18,17793.4,0,,0,0.0,
7011,8463,M,1947-09-04,51,1993-10-08,monthly,Prerov,north Moravia,1993-10-08,1998-12-31,356,1900155.9,1836838.3,63,63317.4,0,,0,0.0,
42,50,F,1978-07-30,20,1996-08-16,monthly,Most,north Bohemia,1996-08-16,1998-12-31,198,310489.2,284504.8,29,25984.1,0,,0,0.0,
70,81,M,1976-04-29,22,1995-02-18,monthly,Mlada Boleslav,central Bohemia,1995-02-18,1998-12-31,245,478821.9,436398.6,47,42423.1,0,,0,0.0,
124,149,M,1948-06-27,50,1997-12-28,monthly,Brno - venkov,south Moravia,1997-12-28,1998-12-31,70,51534.1,37968.2,13,13566.0,0,,0,0.0,
125,150,F,1980-09-27,18,1996-09-07,after_transaction,Benesov,central Bohemia,1996-09-07,1998-12-31,150,983802.4,918944.0,28,64858.3,0,,0,0.0,
170,206,F,1963-04-13,35,1996-07-02,monthly,Kromeriz,south Moravia,1996-07-02,1998-12-31,144,568675.2,512565.0,30,56110.2,0,,0,0.0,
174,212,M,1975-02-10,23,1996-09-04,monthly,Usti nad Orlici,east Bohemia,1996-09-04,1998-12-31,121,97175.0,76192.8,28,20982.2,0,,0,0.0,
190,230,F,1967-03-10,31,1995-03-02,monthly,Ostrava - mesto,north Moravia,1995-03-02,1998-12-31,385,897883.5,828408.6,46,69474.4,0,,0,0.0,
217,262,M,1945-11-25,53,1995-01-20,monthly,Vsetin,north Moravia,1995-01-20,1998-12-31,245,575776.9,551491.2,48,24285.4,0,,0,0.0,
239,289,M,1958-03-27,40,1993-03-01,weekly,Brno - mesto,south Moravia,1993-03-01,1998-12-31,569,2530556.8,2495582.0,70,34974.3,0,,0,0.0,
251,303,M,1946-05-06,52,1996-04-06,monthly,Ostrava - mesto,north Moravia,1996-04-06,1998-12-31,186,363538.1,328079.8,33,35458.3,0,,0,0.0,
289,351,M,1973-05-01,25,1994-03-17,monthly,Hl.m. Praha,Prague,1994-03-17,1998-12-31,381,1093983.8,1046936.2,58,47047.2,0,,0,0.0,
296,360,M,1943-04-27,55,1996-02-14,monthly,Semily,east Bohemia,1996-02-14,1998-12-31,165,152934.0,138883.4,35,14050.3,0,,0,0.0,
325,397,M,1930-03-27,68,1996-10-06,monthly,Prerov,north Moravia,1996-10-06,1998-12-31,126,159943.6,140194.2,27,19749.5,0,,0,0.0,
343,420,M,1978-03-13,20,1994-04-26,monthly,Pisek,south Bohemia,1994-04-26,1998-12-31,316,256286.1,237829.6,57,18456.6,0,,0,0.0,
381,461,F,1970-08-13,28,1993-07-04,monthly,Frydek - Mistek,north Moravia,1993-07-04,1998-12-31,330,612764.0,563610.6,66,49152.8,0,,0,0.0,
385,465,M,1952-09-01,46,1993-04-07,monthly,Kolin,central Bohemia,1993-04-07,1998-12-31,472,246700.7,217483.4,69,29217.2,0,,0,0.0,
1475,1788,M,1950-03-23,48,1993-06-14,weekly,Hl.m. Praha,Prague,1993-06-14,1998-12-31,390,1662984.6,1626288.2,67,36695.9,0,,0,0.0,
1479,1792,M,1975-09-01,23,1995-04-04,monthly,Brno - mesto,south Moravia,1995-04-04,1998-12-31,253,186660.5,171646.0,45,15014.3,0,,0,0.0,
1518,1841,F,1953-03-23,45,1993-04-21,monthly,Bruntal,north Moravia,1993-04-21,1998-12-31,342,1300864.4,1186319.8,69,114544.4,0,,0,0.0,
1544,1872,F,1963-01-24,35,1993-07-14,monthly,Usti nad Orlici,east Bohemia,1993-07-14,1998-12-31,451,1362811.9,1315031.0,66,47780.4,0,,0,0.0,
1556,1887,M,1926-07-15,72,1996-09-15,monthly,Brno - mesto,south Moravia,1996-09-15,1998-12-31,123,165347.0,109612.2,28,55734.9,0,,0,0.0,
1560,1891,F,1959-03-04,39,1997-04-14,monthly,Uherske Hradiste,south Moravia,1997-04-14,1998-12-31,141,191301.3,148683.0,21,42618.2,0,,0,0.0,
1566,1898,M,1961-08-01,37,1993-07-07,monthly,Opava,north Moravia,1993-07-07,1998-12-31,564,1104245.8,1057279.6,66,46966.0,0,,0,0.0,
1572,1905,F,1949-05-18,49,1997-10-21,monthly,Olomouc,north Moravia,1997-10-21,1998-12-31,65,223275.7,197495.4,15,25780.2,0,,0,0.0,
1604,1945,M,1954-06-03,44,1993-12-16,monthly,Brno - mesto,south Moravia,1993-12-16,1998-12-31,351,1167870.6,1106023.0,61,61847.7,0,,0,0.0,
1612,1955,F,1971-10-28,27,1996-02-12,monthly,Zdar nad Sazavou,south Moravia,1996-02-12,1998-12-31,160,791197.3,745623.4,35,45573.7,0,,0,0.0,
1625,1970,F,1947-11-05,51,1995-01-17,monthly,Hl.m. Praha,Prague,1995-01-17,1998-12-31,385,636418.7,610124.2,48,26294.2,0,,0,0.0,
1646,1996,M,1937-03-20,61,1996-05-27,weekly,Hl.m. Praha,Prague,1996-05-27,1998-12-31,267,1680064.4,1593131.0,32,86933.1,0,,0,0.0,
1665,2019,M,1932-09-28,66,1997-04-15,monthly,Opava,north Moravia,1997-04-15,1998-12-31,88,133114.7,99979.0,21,33135.7,0,,0,0.0,
1673,2031,M,1926-12-15,72,1993-12-08,monthly,Brno - mesto,south Moravia,1993-12-08,1998-12-31,292,269104.2,255968.0,61,13136.1,0,,0,0.0,
1679,2039,F,1969-01-20,29,1996-09-05,monthly,Frydek - Mistek,north Moravia,1996-09-05,1998-12-31,153,418260.8,367843.8,28,50416.9,0,,0,0.0,
1726,2093,M,1970-06-24,28,1993-01-03,monthly,Rychnov nad Kneznou,east Bohemia,1993-01-03,1998-12-31,602,1132625.3,1098381.2,72,34243.8,0,,0,0.0,
1730,2099,M,1918-01-16,80,1993-01-09,monthly,Hl.m. Praha,Prague,1993-01-09,1998-12-31,372,487122.8,419959.6,72,67162.7,0,,0,0.0,
1731,2100,F,1931-09-29,67,1993-01-14,monthly,Decin,north Bohemia,1993-01-14,1998-12-31,342,343822.8,314430.6,72,29391.4,0,,0,0.0,
1738,2109,F,1950-05-14,48,1996-08-06,monthly,Cesky Krumlov,south Bohemia,1996-08-06,1998-12-31,130,88692.6,75570.4,29,13122.0,0,,0,0.0,
3067,3708,F,1958-03-16,40,1997-01-30,monthly,Nachod,east Bohemia,1997-01-30,1998-12-31,137,171102.2,149568.8,24,21533.2,0,,0,0.0,
3079,3723,M,1968-09-01,30,1996-02-26,monthly,Pisek,south Bohemia,1996-02-26,1998-12-31,175,120470.7,101163.4,35,19307.0,0,,0,0.0,
3099,3748,F,1930-03-05,68,1993-05-20,monthly,Kromeriz,south Moravia,1993-05-20,1998-12-31,351,410235.6,391170.2,68,19065.1,0,,0,0.0,
3107,3757,M,1922-04-16,76,1993-11-20,monthly,Kolin,central Bohemia,1993-11-20,1998-12-31,309,396638.1,295591.6,62,101046.2,0,,0,0.0,
3109,3760,M,1955-01-04,43,1995-04-08,monthly,Pisek,south Bohemia,1995-04-08,1998-12-31,236,851752.3,856053.9,45,-4301.8,0,,0,0.0,
3110,3761,M,1975-08-05,23,1997-01-12,monthly,Rychnov nad Kneznou,east Bohemia,1997-01-12,1998-12-31,114,230576.9,199527.4,24,31049.4,0,,0,0.0,
3119,3773,F,1964-07-29,34,1997-05-02,monthly,Decin,north Bohemia,1997-05-02,1998-12-31,117,65678.8,44053.0,20,21625.7,0,,0,0.0,
3134,3790,M,1936-08-28,62,1994-04-29,monthly,Rychnov nad Kneznou,east Bohemia,1994-04-29,1998-12-31,323,1228090.1,1156160.6,57,71929.0,0,,0,0.0,
3140,3796,M,1953-06-29,45,1997-05-13,monthly,Beroun,central Bohemia,1997-05-13,1998-12-31,116,166755.6,150556.4,20,16199.1,0,,0,0.0,
3173,3837,F,1921-08-22,77,1993-05-15,monthly,Most,north Bohemia,1993-05-15,1998-12-31,363,289550.8,266490.2,68,23060.4,0,,0,0.0,
3176,3841,M,1919-07-08,79,1997-03-26,monthly,Plzen - mesto,west Bohemia,1997-03-26,1998-12-31,96,98136.5,84811.6,22,13324.6,0,,0,0.0,
3222,3897,F,1951-03-28,47,1993-07-21,monthly,Jindrichuv Hradec,south Bohemia,1993-07-21,1998-12-31,435,212634.7,192139.0,66,20495.4,0,,0,0.0,
3225,3900,M,1943-09-23,55,1993-11-01,monthly,Brno - venkov,south Moravia,1993-11-01,1998-12-31,366,1403994.0,1318822.2,62,85171.9,0,,0,0.0,
3237,3915,M,1977-01-05,21,1993-10-02,monthly,Strakonice,south Bohemia,1993-10-02,1998-12-31,377,1243753.5,1176171.8,63,67581.6,0,,0,0.0,
3238,3916,F,1970-08-27,28,1996-01-07,monthly,Pardubice,east Bohemia,1996-01-07,1998-12-31,231,866126.5,808040.0,36,58086.2,0,,0,0.0,
3304,3996,F,1947-07-16,51,1997-01-16,monthly,Liberec,north Bohemia,1997-01-16,1998-12-31,124,285697.5,271402.8,24,14294.7,0,,0,0.0,
3323,4016,F,1971-05-25,27,1993-09-08,monthly,Rakovnik,central Bohemia,1993-09-08,1998-12-31,377,1530832.3,1453523.4,64,77308.7,0,,0,0.0,
3343,4042,M,1939-09-04,59,1997-08-03,monthly,Hl.m. Praha,Prague,1997-08-03,1998-12-31,99,428017.9,365831.2,17,62186.4,0,,0,0.0,
3355,4057,F,1922-06-11,76,1994-02-26,monthly,Karvina,north Moravia,1994-02-26,1998-12-31,293,344859.5,274533.8,59,70325.3,0,,0,0.0,
3357,4059,M,1924-05-11,74,1995-07-26,monthly,Brno - mesto,south Moravia,1995-07-26,1998-12-31,207,281352.8,244031.6,42,37321.0,0,,0,0.0,
3365,4068,M,1924-06-25,74,1997-11-18,monthly,Praha - zapad,central Bohemia,1997-11-18,1998-12-31,67,93124.2,66721.8,14,26402.2,0,,0,0.0,
3371,4077,F,1955-03-06,43,1993-11-04,monthly,Frydek - Mistek,north Moravia,1993-11-04,1998-12-31,352,2073739.1,2042773.0,62,30965.6,0,,0,0.0,
3379,4086,F,1941-12-22,57,1997-01-24,monthly,Vyskov,south Moravia,1997-01-24,1998-12-31,101,366469.6,305962.8,24,60506.6,0,,0,0.0,
2667,3220,M,1957-02-17,41,1993-10-23,monthly,Cheb,west Bohemia,1993-10-23,1998-12-31,291,207615.3,182272.2,63,25342.8,0,,0,0.0,
2709,3269,M,1974-11-05,24,1996-10-18,monthly,Benesov,central Bohemia,1996-10-18,1998-12-31,157,80997.9,63538.6,27,17459.2,0,,0,0.0,
2719,3283,M,1933-11-23,65,1996-02-08,monthly,Praha - vychod,central Bohemia,1996-02-08,1998-12-31,178,211695.0,193628.0,35,18067.1,0,,0,0.0,
2721,3286,F,1972-03-15,26,1997-11-14,monthly,Ostrava - mesto,north Moravia,1997-11-14,1998-12-31,88,245534.7,223940.8,14,21593.9,0,,0,0.0,
2722,3288,M,1926-01-28,72,1997-07-24,monthly,Jesenik,north Moravia,1997-07-24,1998-12-31,71,100782.0,71478.2,18,29303.7,0,,0,0.0,
2739,3306,M,1948-04-26,50,1993-11-29,monthly,Plzen - jih,west Bohemia,1993-11-29,1998-12-31,352,475625.4,440136.6,62,35488.6,0,,0,0.0,
2788,3366,F,1959-02-12,39,1994-10-12,monthly,Brno - mesto,south Moravia,1994-10-12,1998-12-31,269,779055.0,762429.6,51,16625.1,0,,0,0.0,
2794,3375,M,1954-11-06,44,1996-08-08,monthly,Ostrava - mesto,north Moravia,1996-08-08,1998-12-31,132,386379.8,379639.1,29,6740.6,0,,0,0.0,
2798,3381,F,1965-09-01,33,1994-08-24,monthly,Karvina,north Moravia,1994-08-24,1998-12-31,305,1143650.6,1112512.2,53,31138.1,0,,0,0.0,
2819,3407,F,1973-04-13,25,1994-07-16,monthly,Jablonec n. Nisou,north Bohemia,1994-07-16,1998-12-31,372,1062934.9,1002829.8,54,60104.9,0,,0,0.0,
2839,3431,F,1979-04-05,19,1995-04-04,monthly,Karvina,north Moravia,1995-04-04,1998-12-31,378,994282.2,956715.0,45,37566.8,0,,0,0.0,
2870,3469,F,1975-02-23,23,1996-06-18,monthly,Hl.m. Praha,Prague,1996-06-18,1998-12-31,173,334251.2,290131.0,31,44120.0,0,,0,0.0,
2946,3558,F,1928-07-01,70,1996-05-07,monthly,Brno - mesto,south Moravia,1996-05-07,1998-12-31,144,131265.5,116148.2,32,15117.2,0,,0,0.0,
2957,3571,M,1970-06-17,28,1995-07-28,monthly,Klatovy,west Bohemia,1995-07-28,1998-12-31,241,968164.4,911385.6,42,56778.7,0,,0,0.0,
2961,3575,F,1937-10-12,61,1996-07-12,monthly,Nymburk,central Bohemia,1996-07-12,1998-12-31,160,148337.1,115810.4,30,32527.0,0,,0,0.0,
3031,3661,M,1932-11-25,66,1997-03-10,monthly,Trutnov,east Bohemia,1997-03-10,1998-12-31,96,94174.2,73001.2,22,21173.1,0,,0,0.0,
3055,3693,M,1922-03-31,76,1996-05-26,monthly,Cesky Krumlov,south Bohemia,1996-05-26,1998-12-31,184,215775.1,175433.6,32,40341.1,0,,0,0.0,
3085,3732,M,1946-08-27,52,1997-07-03,monthly,Zdar nad Sazavou,south Moravia,1997-07-03,1998-12-31,102,245380.3,230606.8,18,14773.3,0,,0,0.0,
3092,3740,M,1929-11-03,69,1995-12-20,monthly,Nachod,east Bohemia,1995-12-20,1998-12-31,183,206864.8,188734.6,37,18129.7,0,,0,0.0,
2027,2462,M,1934-06-06,64,1994-11-28,monthly,Prachatice,south Bohemia,1994-11-28,1998-12-31,225,260639.6,227846.4,50,32793.2,0,,0,0.0,
2061,2500,F,1946-08-20,52,1993-05-12,monthly,Karlovy Vary,west Bohemia,1993-05-12,1998-12-31,414,353485.1,332203.2,68,21281.1,0,,0,0.0,
2066,2505,F,1960-04-30,38,1996-08-07,monthly,Klatovy,west Bohemia,1996-08-07,1998-12-31,145,133440.9,119186.4,29,14254.5,0,,0,0.0,
2090,2533,F,1929-07-17,69,1996-11-26,monthly,Teplice,north Bohemia,1996-11-26,1998-12-31,102,135746.7,106364.0,26,29382.7,0,,0,0.0,
2179,2638,M,1942-01-07,56,1994-01-14,weekly,Hl.m. Praha,Prague,1994-01-14,1998-12-31,396,1523642.8,1462513.0,59,61129.7,0,,0,0.0,
2205,2669,M,1927-05-08,71,1996-04-13,monthly,Trutnov,east Bohemia,1996-04-13,1998-12-31,140,184784.2,156978.2,33,27805.7,0,,0,0.0,
2206,2670,M,1936-09-13,62,1995-08-10,monthly,Jicin,east Bohemia,1995-08-10,1998-12-31,224,374317.0,317485.6,41,56831.2,0,,0,0.0,
2211,2676,M,1961-06-01,37,1997-11-10,after_transaction,Trebic,south Moravia,1997-11-10,1998-12-31,65,685105.3,669667.0,14,15438.1,0,,0,0.0,
2254,2729,M,1966-08-28,32,1996-04-17,monthly,Hl.m. Praha,Prague,1996-04-17,1998-12-31,244,1419711.4,1328946.0,33,90765.0,0,,0,0.0,
2270,2749,F,1921-03-04,77,1997-03-08,monthly,Ceske Budejovice,south Bohemia,1997-03-08,1998-12-31,88,115904.5,94621.6,22,21282.6,0,,0,0.0,
2288,2769,M,1937-05-15,61,1996-01-01,monthly,Jesenik,north Moravia,1996-01-01,1998-12-31,199,837614.9,756993.6,36,80621.5,0,,0,0.0,
2307,2791,M,1921-10-10,77,1995-07-12,monthly,Prostejov,south Moravia,1995-07-12,1998-12-31,229,221500.6,198583.2,42,22917.1,0,,0,0.0,
2330,2818,M,1963-04-12,35,1993-01-19,monthly,Brno - mesto,south Moravia,1993-01-19,1998-12-31,399,246507.1,224044.6,72,22462.3,0,,0,0.0,
2333,2821,F,1980-11-01,18,1994-10-08,monthly,Jicin,east Bohemia,1994-10-08,1998-12-31,276,429018.0,404465.4,51,24552.2,0,,0,0.0,
2340,2828,F,1949-07-10,49,1997-06-22,monthly,Ceske Budejovice,south Bohemia,1997-06-22,1998-12-31,83,181037.5,137589.8,19,43447.5,0,,0,0.0,
2386,2881,F,1967-03-21,31,1996-12-17,monthly,Pribram,central Bohemia,1996-12-17,1998-12-31,148,473420.6,390160.4,25,83260.0,0,,0,0.0,
2395,2892,F,1941-03-21,57,1996-06-24,monthly,Beroun,central Bohemia,1996-06-24,1998-12-31,168,278412.9,236405.0,31,42007.7,0,,0,0.0,
2401,2899,M,1918-05-18,80,1994-08-26,monthly,Jindrichuv Hradec,south Bohemia,1994-08-26,1998-12-31,266,364120.9,321852.2,53,42268.5,0,,0,0.0,
2404,2902,F,1959-07-03,39,1997-06-05,monthly,Mlada Boleslav,central Bohemia,1997-06-05,1998-12-31,99,272941.1,258216.4,19,14724.7,0,,0,0.0,
2442,2949,M,1943-09-25,55,1997-08-21,monthly,Ceske Budejovice,south Bohemia,1997-08-21,1998-12-31,73,51991.6,34648.6,17,17342.9,0,,0,0.0,
2526,3048,F,1923-01-06,75,1996-07-04,monthly,Jindrichuv Hradec,south Bohemia,1996-07-04,1998-12-31,148,184690.0,167675.0,30,17014.5,0,,0,0.0,
1180,1421,F,1956-02-10,42,1993-05-19,monthly,Strakonice,south Bohemia,1993-05-19,1998-12-31,330,1130301.8,1045925.2,68,84376.3,0,,0,0.0,
1207,1458,M,1938-04-08,60,1993-06-08,monthly,Bruntal,north Moravia,1993-06-08,1998-12-31,394,1406258.8,1375681.2,67,30577.5,0,,0,0.0,
1222,1475,M,1932-03-31,66,1993-01-20,monthly,Prachatice,south Bohemia,1993-01-20,1998-12-31,367,457954.2,437875.6,72,20078.8,0,,0,0.0,
1239,1495,F,1931-02-10,67,1993-04-10,monthly,Hl.m. Praha,Prague,1993-04-10,1998-12-31,332,460000.9,442935.8,69,17064.6,0,,0,0.0,
1240,1496,F,1942-06-08,56,1997-09-11,monthly,Hl.m. Praha,Prague,1997-09-11,1998-12-31,71,187715.4,164529.0,16,23186.4,0,,0,0.0,
1245,1502,M,1973-01-24,25,1997-11-12,monthly,Frydek - Mistek,north Moravia,1997-11-12,1998-12-31,60,167179.8,116415.8,14,50764.1,0,,0,0.0,
1272,1535,M,1936-10-28,62,1993-05-25,weekly,Teplice,north Bohemia,1993-05-25,1998-12-31,260,873638.0,780039.7,68,93597.9,0,,0,0.0,
1293,1564,F,1947-06-25,51,1996-09-03,monthly,Teplice,north Bohemia,1996-09-03,1998-12-31,155,709396.8,660767.8,28,48628.8,0,,0,0.0,
1307,1581,F,1963-04-15,35,1994-12-05,monthly,Breclav,south Moravia,1994-12-05,1998-12-31,269,339244.2,326510.4,49,12733.1,0,,0,0.0,
1349,1635,F,1930-09-02,68,1996-03-05,monthly,Prerov,north Moravia,1996-03-05,1998-12-31,196,224961.8,208713.4,34,16248.3,0,,0,0.0,
1362,1650,M,1953-03-29,45,1996-12-19,monthly,Hl.m. Praha,Prague,1996-12-19,1998-12-31,83,402504.3,341460.6,25,61043.6,0,,0,0.0,
1369,1657,M,1935-10-02,63,1996-03-23,monthly,Ceska Lipa,north Bohemia,1996-03-23,1998-12-31,215,478530.6,424112.8,34,54417.7,0,,0,0.0,
1395,1689,M,1936-12-04,62,1995-11-21,monthly,Hl.m. Praha,Prague,1995-11-21,1998-12-31,207,289280.8,237591.2,38,51689.3,0,,0,0.0,
1476,1789,F,1933-08-07,65,1993-04-26,monthly,Trebic,south Moravia,1993-04-26,1998-12-31,348,441102.7,423897.8,69,17204.7,0,,0,0.0,
1483,1796,M,1938-11-23,60,1996-01-09,monthly,Praha - vychod,central Bohemia,1996-01-09,1998-12-31,230,358624.3,300325.6,36,58298.6,0,,0,0.0,
1512,1832,F,1966-07-31,32,1994-01-08,monthly,Hl.m. Praha,Prague,1994-01-08,1998-12-31,337,940248.7,892758.4,60,47490.2,0,,0,0.0,
1525,1849,F,1922-09-24,76,1996-09-05,monthly,Hodonin,south Moravia,1996-09-05,1998-12-31,139,132161.4,113715.8,28,18445.2,0,,0,0.0,
1570,1903,F,1939-08-30,59,1994-03-12,monthly,Hl.m. Praha,Prague,1994-03-12,1998-12-31,263,249278.0,228814.2,58,20463.4,0,,0,0.0,
1578,1911,F,1938-04-21,60,1994-12-01,monthly,Rychnov nad Kneznou,east Bohemia,1994-12-01,1998-12-31,231,209118.6,157962.4,49,51155.6,0,,0,0.0,
1602,1943,M,1926-02-11,72,1993-09-19,monthly,Most,north Bohemia,1993-09-19,1998-12-31,317,317831.8,285413.8,64,32417.9,0,,0,0.0,
4503,5433,M,1975-09-24,23,1995-01-03,monthly,Svitavy,east Bohemia,1995-01-03,1998-12-31,293,1983394.4,1908959.2,48,74433.6,1,junior,1,135360.0,C
4533,5468,F,1944-05-27,54,1997-08-03,monthly,Frydek - Mistek,north Moravia,1997-08-03,1998-12-31,119,954191.9,866048.6,17,88143.4,1,classic,1,81144.0,C
4894,5911,M,1935-10-03,63,1993-06-20,monthly,Ceske Budejovice,south Bohemia,1993-06-20,1998-12-31,410,2159655.0,2078030.8,67,81623.1,1,classic,1,117024.0,A
5622,6789,M,1979-03-26,19,1993-02-08,monthly,Hodonin,south Moravia,1993-02-08,1998-12-31,565,2655043.0,2586997.8,71,68044.6,1,junior,1,83016.0,A
1869,2267,F,1966-04-10,32,1996-06-14,monthly,Hl.m. Praha,Prague,1996-06-14,1998-12-31,169,810626.4,717459.0,31,93167.1,1,classic,1,37944.0,C
10243,12599,M,1956-01-01,42,1997-09-03,monthly,Chrudim,east Bohemia,1997-09-03,1998-12-31,133,1203154.9,1157294.7,16,45860.1,1,classic,1,113436.0,C
2910,3517,F,1953-06-24,45,1997-10-21,monthly,Frydek - Mistek,north Moravia,1997-10-21,1998-12-31,85,681542.5,639292.6,15,42249.6,1,classic,1,437460.0,C
3050,3687,M,1972-02-06,26,1993-05-08,monthly,Semily,east Bohemia,1993-05-08,1998-12-31,609,3067590.6,3011686.2,68,55904.2,1,classic,1,82896.0,A
6924,8359,M,1979-12-06,19,1994-06-01,monthly,Ostrava - mesto,north Moravia,1994-06-01,1998-12-31,376,1487030.1,1445762.5,55,41267.3,1,junior,1,194880.0,C
8327,10282,M,1979-06-19,19,1995-08-08,weekly,Hl.m. Praha,Prague,1995-08-08,1998-12-31,339,1300912.3,1271151.8,41,29761.7,1,junior,1,247728.0,C
10022,12328,F,1944-04-08,54,1997-05-07,monthly,Hl.m. Praha,Prague,1997-05-07,1998-12-31,133,592457.3,526284.8,20,66172.6,1,classic,1,218064.0,C
10905,13405,M,1958-08-13,40,1996-11-21,monthly,Ceska Lipa,north Bohemia,1996-11-21,1998-12-31,177,294770.3,230233.0,26,64537.5,1,classic,1,57120.0,C
10280,12643,F,1962-07-20,36,1996-12-01,monthly,Jesenik,north Moravia,1996-12-01,1998-12-31,145,964131.5,869923.6,25,94207.5,1,classic,1,348120.0,C
10650,13095,M,1950-03-16,48,1997-09-09,monthly,Sumperk,north Moravia,1997-09-09,1998-12-31,94,826274.8,784442.6,16,41832.1,1,gold,1,196224.0,C
825,992,M,1948-05-21,50,1996-03-06,monthly,Prachatice,south Bohemia,1996-03-06,1998-12-31,218,624043.2,582294.4,34,41748.4,1,classic,1,53076.0,A
940,1133,F,1958-09-15,40,1994-11-15,monthly,Litomerice,north Bohemia,1994-11-15,1998-12-31,297,2070534.2,1961395.4,50,109138.5,1,gold,1,284280.0,C
2982,3601,M,1938-08-03,60,1996-06-04,monthly,Prachatice,south Bohemia,1996-06-04,1998-12-31,303,1686905.8,1616954.6,31,69951.0,1,gold,1,41256.0,C
5120,6178,F,1940-10-15,58,1993-06-21,monthly,Hl.m. Praha,Prague,1993-06-21,1998-12-31,453,2267417.4,2202231.4,67,65187.7,1,classic,1,323472.0,A
7637,9457,M,1978-09-26,20,1996-08-19,monthly,Nachod,east Bohemia,1996-08-19,1998-12-31,171,766374.4,685927.8,29,80446.6,1,junior,1,390096.0,C
8026,9914,M,1942-12-08,56,1997-03-23,monthly,Liberec,north Bohemia,1997-03-23,1998-12-31,108,556392.4,483881.6,22,72510.9,1,classic,1,128268.0,C
2912,3519,M,1949-12-15,49,1994-07-30,monthly,Ostrava - mesto,north Moravia,1994-07-30,1998-12-31,369,2834487.5,2775793.2,54,58694.2,1,classic,1,380160.0,C
1499,1817,F,1953-12-06,45,1993-11-28,monthly,Pardubice,east Bohemia,1993-11-28,1998-12-31,357,533426.3,467959.6,62,65466.5,0,,0,0.0,
1521,1844,F,1922-02-03,76,1996-04-04,monthly,Ostrava - mesto,north Moravia,1996-04-04,1998-12-31,149,152678.0,134634.8,33,18042.7,0,,0,0.0,
1548,1877,F,1957-08-21,41,1995-01-27,monthly,Pardubice,east Bohemia,1995-01-27,1998-12-31,206,152175.0,130061.2,48,22113.6,0,,0,0.0,
1576,1909,F,1944-03-16,54,1996-08-06,weekly,Jablonec n. Nisou,north Bohemia,1996-08-06,1998-12-31,149,675004.3,661393.0,29,13611.3,0,,0,0.0,
1585,1920,M,1975-08-07,23,1996-02-23,monthly,Havlickuv Brod,east Bohemia,1996-02-23,1998-12-31,83,170027.8,139710.6,34,30317.1,0,,0,0.0,
1590,1927,M,1952-04-26,46,1995-04-07,monthly,Vsetin,north Moravia,1995-04-07,1998-12-31,375,605398.9,572322.0,45,33076.5,0,,0,0.0,
1600,1939,M,1925-08-14,73,1996-09-13,monthly,Hl.m. Praha,Prague,1996-09-13,1998-12-31,118,184884.2,155853.2,28,29031.0,0,,0,0.0,
1640,1988,M,1952-05-04,46,1995-09-01,monthly,Rakovnik,central Bohemia,1995-09-01,1998-12-31,223,887850.0,828759.0,40,59090.9,0,,0,0.0,
1708,2073,M,1956-02-08,42,1994-11-21,monthly,Domazlice,west Bohemia,1994-11-21,1998-12-31,299,778776.3,748952.4,50,29823.7,0,,0,0.0,
1713,2078,F,1978-08-03,20,1993-03-03,monthly,Praha - vychod,central Bohemia,1993-03-03,1998-12-31,317,462537.9,445199.0,70,17338.4,0,,0,0.0,
1714,2079,F,1925-05-29,73,1994-09-08,monthly,Olomouc,north Moravia,1994-09-08,1998-12-31,245,257624.3,227117.6,52,30506.4,0,,0,0.0,
1716,2081,F,1972-11-06,26,1996-05-02,monthly,Nachod,east Bohemia,1996-05-02,1998-12-31,186,524833.9,492455.2,32,32378.8,0,,0,0.0,
1774,2150,M,1941-04-17,57,1996-09-10,monthly,Trebic,south Moravia,1996-09-10,1998-12-31,132,93126.8,75125.8,28,18000.8,0,,0,0.0,
1781,2158,M,1981-05-06,17,1996-06-23,monthly,Praha - vychod,central Bohemia,1996-06-23,1998-12-31,154,218044.3,187565.0,31,30479.3,0,,0,0.0,
1791,2171,M,1958-11-28,40,1996-02-03,monthly,Hl.m. Praha,Prague,1996-02-03,1998-12-31,196,510828.7,486554.0,35,24274.7,0,,0,0.0,
1794,2174,F,1952-08-08,46,1997-07-23,monthly,Ostrava - mesto,north Moravia,1997-07-23,1998-12-31,120,153576.0,133011.2,18,20564.5,0,,0,0.0,
1800,2180,F,1972-10-17,26,1996-03-14,monthly,Trutnov,east Bohemia,1996-03-14,1998-12-31,206,703164.0,642282.8,34,60880.9,0,,0,0.0,
1815,2200,M,1953-07-31,45,1993-04-17,monthly,Zdar nad Sazavou,south Moravia,1993-04-17,1998-12-31,464,1342456.0,1299763.8,69,42692.1,0,,0,0.0,
1821,2207,F,1961-02-17,37,1995-04-07,monthly,Karvina,north Moravia,1995-04-07,1998-12-31,238,1005125.3,974489.0,45,30636.0,0,,0,0.0,
1824,2212,M,1972-05-27,26,1994-01-17,monthly,Usti nad Orlici,east Bohemia,1994-01-17,1998-12-31,397,1553043.5,1480963.4,60,72079.9,0,,0,0.0,
2717,3281,M,1950-12-27,48,1996-07-25,monthly,Ostrava - mesto,north Moravia,1996-07-25,1998-12-31,134,101611.8,80415.4,30,21196.4,0,,0,0.0,
2730,3296,M,1969-06-11,29,1996-05-02,monthly,Cheb,west Bohemia,1996-05-02,1998-12-31,153,113038.8,89096.2,32,23942.7,0,,0,0.0,
2740,3307,F,1979-07-01,19,1994-05-08,monthly,Ceske Budejovice,south Bohemia,1994-05-08,1998-12-31,265,1358612.0,1334944.6,56,23666.9,0,,0,0.0,
2767,3340,M,1976-02-16,22,1996-03-23,monthly,Brno - mesto,south Moravia,1996-03-23,1998-12-31,228,710552.1,629757.8,34,80794.3,0,,0,0.0,
2772,3347,M,1936-01-19,62,1996-02-24,monthly,Praha - zapad,central Bohemia,1996-02-24,1998-12-31,185,477158.2,403649.4,35,73508.5,0,,0,0.0,
2832,3423,F,1971-09-05,27,1997-11-22,monthly,Pribram,central Bohemia,1997-11-22,1998-12-31,46,43457.4,24644.8,14,18812.5,0,,0,0.0,
2837,3429,M,1941-10-16,57,1996-06-02,monthly,Nachod,east Bohemia,1996-06-02,1998-12-31,153,723230.7,699879.6,31,23351.1,0,,0,0.0,
2852,3446,M,1957-10-01,41,1996-12-29,monthly,Karvina,north Moravia,1996-12-29,1998-12-19,25,49500.0,22900.0,25,26600.0,0,,0,0.0,
2855,3449,M,1928-03-21,70,1995-08-21,monthly,Plzen - jih,west Bohemia,1995-08-21,1998-12-31,172,172985.7,122266.0,41,50719.5,0,,0,0.0,
2856,3450,M,1976-09-12,22,1995-03-18,monthly,Klatovy,west Bohemia,1995-03-18,1998-12-31,248,713922.5,681543.0,46,32379.4,0,,0,0.0,
2884,3486,M,1962-03-09,36,1993-02-08,monthly,Vsetin,north Moravia,1993-02-08,1998-12-31,405,618794.2,513727.6,71,105066.3,0,,0,0.0,
2902,3507,F,1946-12-02,52,1993-01-28,monthly,Ceska Lipa,north Bohemia,1993-01-28,1998-12-31,479,1570937.0,1529293.6,72,41642.9,0,,0,0.0,
2917,3524,F,1945-11-20,53,1996-08-08,monthly,Frydek - Mistek,north Moravia,1996-08-08,1998-12-31,147,530728.7,483766.8,29,46961.8,0,,0,0.0,
2951,3565,M,1962-07-29,36,1993-09-06,monthly,Chrudim,east Bohemia,1993-09-06,1998-12-31,487,833876.4,805379.4,64,28496.9,0,,0,0.0,
3000,3623,F,1965-04-20,33,1993-07-14,monthly,Plzen - sever,west Bohemia,1993-07-14,1998-12-31,317,555733.1,489636.0,66,66096.7,0,,0,0.0,
3019,3646,F,1943-06-16,55,1996-04-21,monthly,Decin,north Bohemia,1996-04-21,1998-12-31,139,597743.2,582614.2,33,15128.9,0,,0,0.0,
3078,3722,F,1956-04-29,42,1993-07-16,monthly,Hl.m. Praha,Prague,1993-07-16,1998-12-31,315,222144.3,201026.0,66,21118.1,0,,0,0.0,
1712,2077,F,1930-03-01,68,1996-11-25,monthly,Chrudim,east Bohemia,1996-11-25,1998-12-31,115,155341.2,115338.0,26,40003.2,0,,0,0.0,
1722,2088,F,1948-08-26,50,1996-03-11,monthly,Ceska Lipa,north Bohemia,1996-03-11,1998-12-31,192,789443.2,723851.4,34,65591.7,0,,0,0.0,
1725,2092,M,1945-03-21,53,1995-07-03,after_transaction,Olomouc,north Moravia,1995-07-03,1998-12-31,237,2189765.1,2162484.0,42,27281.1,0,,0,0.0,
1741,2112,M,1927-09-15,71,1995-05-10,monthly,Tabor,south Bohemia,1995-05-10,1998-12-31,199,210562.8,176958.8,44,33603.8,0,,0,0.0,
1744,2116,M,1930-06-14,68,1996-02-07,monthly,Sumperk,north Moravia,1996-02-07,1998-12-31,165,201172.8,177008.0,35,24164.6,0,,0,0.0,
1747,2119,F,1960-05-18,38,1997-08-14,monthly,Sokolov,west Bohemia,1997-08-14,1998-12-31,71,49121.5,27959.6,17,21161.8,0,,0,0.0,
1768,2144,F,1960-01-28,38,1993-12-20,monthly,Cesky Krumlov,south Bohemia,1993-12-20,1998-12-31,295,777940.2,726363.0,61,51576.7,0,,0,0.0,
1788,2167,M,1981-12-13,17,1994-01-04,monthly,Hl.m. Praha,Prague,1994-01-04,1998-12-31,263,297502.8,237953.0,60,59549.3,0,,0,0.0,
1804,2185,F,1957-06-20,41,1993-09-23,weekly,Strakonice,south Bohemia,1993-09-23,1998-12-31,351,1988168.5,1930997.0,64,57171.7,0,,0,0.0,
1805,2186,F,1942-07-26,56,1993-02-02,monthly,Rychnov nad Kneznou,east Bohemia,1993-02-02,1998-12-31,386,1881182.6,1796041.6,70,85140.3,0,,0,0.0,
1810,2194,F,1961-08-22,37,1995-09-03,monthly,Svitavy,east Bohemia,1995-09-03,1998-12-31,228,781110.2,757011.0,40,24099.4,0,,0,0.0,
1818,2204,F,1946-08-19,52,1997-02-25,monthly,Brno - mesto,south Moravia,1997-02-25,1998-12-31,95,407880.3,369268.2,23,38611.9,0,,0,0.0,
1844,2236,F,1978-06-27,20,1993-01-06,monthly,Chrudim,east Bohemia,1993-01-06,1998-12-31,321,242481.4,198956.2,72,43524.8,0,,0,0.0,
1852,2247,F,1978-01-13,20,1993-07-05,monthly,Jablonec n. Nisou,north Bohemia,1993-07-05,1998-12-31,335,244226.0,212369.6,66,31856.2,0,,0,0.0,
1853,2248,M,1975-10-24,23,1997-01-29,monthly,Melnik,central Bohemia,1997-01-29,1998-12-31,132,162812.5,129592.0,24,33220.3,0,,0,0.0,
1854,2249,F,1945-12-07,53,1997-02-02,monthly,Ceska Lipa,north Bohemia,1997-02-02,1998-12-31,126,454527.9,413474.8,23,41053.1,0,,0,0.0,
1901,2309,F,1976-05-13,22,1995-12-01,monthly,Cesky Krumlov,south Bohemia,1995-12-01,1998-12-31,206,737224.0,716542.2,37,20681.7,0,,0,0.0,
1925,2336,M,1922-07-17,76,1993-08-03,monthly,Pribram,central Bohemia,1993-08-03,1998-12-31,302,386750.5,356756.0,65,29994.1,0,,0,0.0,
1926,2338,F,1957-07-25,41,1993-01-06,monthly,Jihlava,south Moravia,1993-01-06,1998-12-31,447,418083.9,395886.2,72,22197.6,0,,0,0.0,
1927,2340,M,1953-05-02,45,1995-08-04,monthly,Havlickuv Brod,east Bohemia,1995-08-04,1998-12-31,194,144413.7,120453.6,41,23959.7,0,,0,0.0,
1971,2396,F,1949-08-29,49,1995-08-04,monthly,Usti nad Labem,north Bohemia,1995-08-04,1998-12-31,241,501606.7,450789.6,41,50816.7,0,,0,0.0,
1992,2420,F,1972-06-06,26,1997-09-27,monthly,Rychnov nad Kneznou,east Bohemia,1997-09-27,1998-12-31,70,118776.3,98226.0,16,20550.1,0,,0,0.0,
2002,2432,F,1924-03-08,74,1993-04-08,monthly,Plzen - jih,west Bohemia,1993-04-08,1998-12-31,328,419373.3,380251.8,69,39121.1,0,,0,0.0,
625,751,M,1959-03-09,39,1995-07-12,monthly,Karvina,north Moravia,1995-07-12,1998-12-31,213,1630838.5,1551325.8,42,79512.4,0,,0,0.0,
638,765,M,1969-12-31,29,1995-06-28,monthly,Znojmo,south Moravia,1995-06-28,1998-12-31,293,795931.0,769656.2,43,26274.4,0,,0,0.0,
672,807,F,1969-10-21,29,1997-06-23,monthly,Blansko,south Moravia,1997-06-23,1998-11-15,18,47500.0,10500.0,18,37000.0,0,,0,0.0,
698,837,M,1974-10-14,24,1996-09-29,monthly,Novy Jicin,north Moravia,1996-09-29,1998-12-31,142,465722.4,413515.2,28,52206.8,0,,0,0.0,
727,872,M,1963-02-22,35,1997-12-25,monthly,Jablonec n. Nisou,north Bohemia,1997-12-25,1998-11-20,11,34000.0,1400.0,11,32600.0,0,,0,0.0,
743,891,M,1931-01-31,67,1993-11-05,monthly,Decin,north Bohemia,1993-11-05,1998-12-31,296,281322.5,256940.2,62,24382.1,0,,0,0.0,
753,903,M,1934-03-06,64,1996-08-14,monthly,Tachov,west Bohemia,1996-08-14,1998-12-31,152,189853.0,171283.8,29,18569.0,0,,0,0.0,
781,933,F,1978-03-11,20,1995-02-19,monthly,Decin,north Bohemia,1995-02-19,1998-12-31,222,145053.1,131526.6,47,13526.1,0,,0,0.0,
787,941,M,1935-10-05,63,1993-11-14,monthly,Praha - vychod,central Bohemia,1993-11-14,1998-12-31,372,479957.6,452564.6,62,27392.4,0,,0,0.0,
795,953,M,1937-10-17,61,1995-01-27,monthly,Klatovy,west Bohemia,1995-01-27,1998-12-31,266,363900.7,288205.2,48,75695.3,0,,0,0.0,
820,986,M,1955-05-16,43,1995-11-04,monthly,Ostrava - mesto,north Moravia,1995-11-04,1998-12-31,244,535095.5,469882.8,38,65212.5,0,,0,0.0,
842,1015,M,1934-03-13,64,1995-04-07,monthly,Uherske Hradiste,south Moravia,1995-04-07,1998-12-31,205,224796.0,206912.0,45,17883.6,0,,0,0.0,
858,1034,F,1974-11-11,24,1996-07-13,monthly,Usti nad Orlici,east Bohemia,1996-07-13,1998-12-31,162,737599.3,678790.4,30,58808.6,0,,0,0.0,
876,1055,M,1919-05-17,79,1997-10-26,monthly,Kladno,central Bohemia,1997-10-26,1998-12-31,56,88476.4,77105.4,15,11371.0,0,,0,0.0,
892,1075,F,1934-06-04,64,1993-03-20,monthly,Znojmo,south Moravia,1993-03-20,1998-12-31,416,434279.8,380480.4,70,53799.5,0,,0,0.0,
917,1105,M,1942-01-03,56,1995-10-13,monthly,Breclav,south Moravia,1995-10-13,1998-12-31,207,369219.5,312382.4,39,56836.8,0,,0,0.0,
919,1108,F,1955-12-22,43,1997-03-03,monthly,Uherske Hradiste,south Moravia,1997-03-03,1998-12-31,116,270564.0,232188.2,22,38375.6,0,,0,0.0,
921,1110,F,1928-03-24,70,1996-10-08,monthly,Praha - vychod,central Bohemia,1996-10-08,1998-12-31,159,182207.3,156949.2,27,25257.7,0,,0,0.0,
929,1119,F,1980-01-05,18,1993-07-03,monthly,Brno - mesto,south Moravia,1993-07-03,1998-12-31,368,668722.7,638698.6,66,30023.9,0,,0,0.0,
942,1136,F,1976-09-18,22,1993-08-16,monthly,Nymburk,central Bohemia,1993-08-16,1998-12-31,393,429163.5,355055.2,65,74107.8,0,,0,0.0,
946,1141,F,1941-04-22,57,1996-01-01,monthly,Tabor,south Bohemia,1996-01-01,1998-12-31,174,691124.3,657552.6,36,33571.7,0,,0,0.0,
962,1159,M,1944-02-03,54,1996-06-24,monthly,Zlin,south Moravia,1996-06-24,1998-12-31,140,390995.7,375599.0,31,15396.4,0,,0,0.0,
1003,1207,F,1939-09-17,59,1996-10-10,monthly,Plzen - sever,west Bohemia,1996-10-10,1998-12-31,162,626294.1,555863.2,27,70430.8,0,,0,0.0,
1020,1224,M,1938-05-12,60,1996-04-09,monthly,Breclav,south Moravia,1996-04-09,1998-12-31,223,119068.4,99645.8,33,19422.1,0,,0,0.0,
1028,1234,M,1975-01-15,23,1996-03-19,monthly,Cheb,west Bohemia,1996-03-19,1998-10-05,30,36300.0,26700.0,30,9600.0,0,,0,0.0,
1029,1236,F,1967-04-28,31,1996-06-25,monthly,Plzen - mesto,west Bohemia,1996-06-25,1998-12-31,268,1777007.6,1719115.8,31,57891.6,0,,0,0.0,
1691,2054,M,1948-12-06,50,1995-11-08,monthly,Rychnov nad Kneznou,east Bohemia,1995-11-08,1998-12-31,207,113233.8,89143.8,38,24089.7,0,,0,0.0,
1711,2076,F,1957-02-07,41,1996-01-05,monthly,Vyskov,south Moravia,1996-01-05,1998-12-31,257,175744.3,150012.6,36,25731.6,0,,0,0.0,
1729,2097,M,1936-11-11,62,1997-09-08,monthly,Blansko,south Moravia,1997-09-08,1998-12-31,77,190378.6,149794.6,16,40583.9,0,,0,0.0,
1767,2142,F,1941-12-20,57,1993-10-20,monthly,Tabor,south Bohemia,1993-10-20,1998-12-31,448,1318487.9,1270374.2,63,48113.1,0,,0,0.0,
1771,2147,F,1963-08-14,35,1993-03-28,monthly,Jesenik,north Moravia,1993-03-28,1998-12-31,411,471885.9,449714.4,70,22170.9,0,,0,0.0,
1833,2224,M,1932-10-04,66,1997-11-15,monthly,Brno - mesto,south Moravia,1997-11-15,1998-12-31,52,88684.1,52702.8,14,35981.3,0,,0,0.0,
1846,2239,F,1976-01-09,22,1995-06-17,monthly,Kutna Hora,central Bohemia,1995-06-17,1998-12-31,181,133792.6,108206.2,43,25586.1,0,,0,0.0,
1874,2274,M,1964-10-14,34,1993-03-27,monthly,Nymburk,central Bohemia,1993-03-27,1998-12-31,346,225281.5,196384.4,70,28896.7,0,,0,0.0,
1893,2297,M,1965-01-18,33,1996-07-20,monthly,Rychnov nad Kneznou,east Bohemia,1996-07-20,1998-12-31,185,1321075.0,1284639.6,30,36435.2,0,,0,0.0,
1899,2307,M,1923-09-06,75,1996-11-05,monthly,Plzen - mesto,west Bohemia,1996-11-05,1998-12-31,115,122764.2,104098.6,26,18665.6,0,,0,0.0,
1937,2353,F,1929-09-17,69,1993-05-18,monthly,Kladno,central Bohemia,1993-05-18,1998-12-31,339,334096.0,316984.2,68,17111.3,0,,0,0.0,
1945,2364,F,1971-04-26,27,1995-11-09,monthly,Breclav,south Moravia,1995-11-09,1998-12-31,166,686012.8,634027.2,38,51985.5,0,,0,0.0,
1989,2417,F,1938-06-21,60,1994-09-21,monthly,Rychnov nad Kneznou,east Bohemia,1994-09-21,1998-12-31,238,219466.0,190725.6,52,28740.1,0,,0,0.0,
2010,2441,M,1928-10-06,70,1993-12-27,monthly,Hl.m. Praha,Prague,1993-12-27,1998-12-31,287,354954.3,328803.0,61,26151.2,0,,0,0.0,
2015,2447,M,1972-10-07,26,1995-11-25,monthly,Frydek - Mistek,north Moravia,1995-11-25,1998-12-31,195,325289.3,300322.2,38,24967.2,0,,0,0.0,
2023,2457,M,1940-08-17,58,1993-01-26,monthly,Frydek - Mistek,north Moravia,1993-01-26,1998-12-31,610,1831898.5,1736060.6,72,95837.5,0,,0,0.0,
2025,2460,F,1963-01-05,35,1994-10-02,monthly,Prachatice,south Bohemia,1994-10-02,1998-12-31,268,853034.4,808695.6,51,44338.6,0,,0,0.0,
2045,2482,M,1925-01-07,73,1996-09-09,monthly,Chomutov,north Bohemia,1996-09-09,1998-12-31,132,173633.1,156729.2,28,16903.6,0,,0,0.0,
3040,3674,F,1980-11-10,18,1996-08-03,monthly,Pelhrimov,south Bohemia,1996-08-03,1998-12-31,122,99067.1,76310.4,29,22756.6,0,,0,0.0,
3041,3675,M,1952-03-18,46,1996-04-04,monthly,Karvina,north Moravia,1996-04-04,1998-12-31,229,180991.8,163608.8,33,17382.8,0,,0,0.0,
3062,3703,M,1931-06-15,67,1997-08-15,monthly,Pelhrimov,south Bohemia,1997-08-15,1998-12-31,57,72820.8,52258.6,17,20562.1,0,,0,0.0,
3076,3719,M,1930-08-30,68,1993-03-27,monthly,Brno - mesto,south Moravia,1993-03-27,1998-12-31,317,293185.9,264824.4,70,28361.2,0,,0,0.0,
3122,3776,M,1978-07-09,20,1997-05-12,monthly,Ostrava - mesto,north Moravia,1997-05-12,1998-12-31,107,220512.7,175824.4,20,44688.1,0,,0,0.0,
3142,3799,M,1929-03-24,69,1994-09-14,monthly,Benesov,central Bohemia,1994-09-14,1998-12-31,309,311484.6,287827.6,52,23656.8,0,,0,0.0,
3148,3807,F,1947-11-07,51,1995-11-19,monthly,Decin,north Bohemia,1995-11-19,1998-12-31,201,181437.3,152031.2,38,29406.1,0,,0,0.0,
3149,3808,M,1943-01-24,55,1996-06-27,monthly,Hodonin,south Moravia,1996-06-27,1998-12-31,146,301545.1,255385.0,31,46160.0,0,,0,0.0,
3154,3814,M,1945-09-13,53,1997-07-02,monthly,Hl.m. Praha,Prague,1997-07-02,1998-12-31,102,443802.0,354401.8,18,89400.3,0,,0,0.0,
3155,3815,F,1969-04-12,29,1996-08-29,monthly,Plzen - sever,west Bohemia,1996-08-29,1998-12-31,158,596198.2,560687.8,29,35510.3,0,,0,0.0,
3175,3840,F,1933-06-12,65,1996-10-08,monthly,Svitavy,east Bohemia,1996-10-08,1998-12-31,114,135182.4,115191.2,27,19991.0,0,,0,0.0,
3253,3935,M,1939-11-27,59,1994-03-15,after_transaction,Novy Jicin,north Moravia,1994-03-15,1998-12-31,321,2087543.4,2021897.0,58,65645.9,0,,0,0.0,
3274,3963,M,1974-02-07,24,1997-09-17,monthly,Sumperk,north Moravia,1997-09-17,1998-12-31,75,379779.2,351451.0,16,28328.1,0,,0,0.0,
3278,3969,F,1951-02-19,47,1996-01-02,monthly,Kladno,central Bohemia,1996-01-02,1998-12-31,158,856326.1,773132.6,36,83193.5,0,,0,0.0,
3284,3975,F,1954-07-19,44,1993-05-17,monthly,Hl.m. Praha,Prague,1993-05-17,1998-12-31,366,596341.0,572621.2,68,23719.6,0,,0,0.0,
3303,3995,F,1948-08-15,50,1995-11-17,monthly,Hl.m. Praha,Prague,1995-11-17,1998-12-31,177,835040.2,755607.2,38,79432.7,0,,0,0.0,
3305,3997,F,1927-01-05,71,1995-12-09,monthly,Rakovnik,central Bohemia,1995-12-09,1998-12-31,223,250453.2,237217.2,37,13235.4,0,,0,0.0,
3319,4012,F,1956-10-09,42,1993-08-29,monthly,Breclav,south Moravia,1993-08-29,1998-12-31,411,293441.6,246175.4,65,47265.9,0,,0,0.0,
3410,4122,M,1969-09-18,29,1995-07-03,monthly,Most,north Bohemia,1995-07-03,1998-12-31,321,699203.7,648478.2,42,50725.3,0,,0,0.0,
3453,4175,F,1965-01-06,33,1995-06-08,monthly,Rakovnik,central Bohemia,1995-06-08,1998-12-31,226,1042078.9,983572.8,43,58506.0,0,,0,0.0,
3541,4274,F,1937-05-24,61,1997-03-02,monthly,Karvina,north Moravia,1997-03-02,1998-12-31,102,123052.9,90825.2,22,32227.9,0,,0,0.0,
432,520,F,1947-09-27,51,1993-06-16,monthly,Nachod,east Bohemia,1993-06-16,1998-12-31,315,528151.9,501990.6,67,26161.3,0,,0,0.0,
459,551,F,1976-07-05,22,1993-01-21,monthly,Pardubice,east Bohemia,1993-01-21,1997-03-01,49,45800.0,37700.0,49,8100.0,0,,0,0.0,
467,561,F,1962-11-10,36,1993-09-24,monthly,Ostrava - mesto,north Moravia,1993-09-24,1998-12-31,415,764957.4,728702.8,64,36254.1,0,,0,0.0,
476,573,M,1967-08-10,31,1997-04-11,monthly,Jesenik,north Moravia,1997-04-11,1998-12-02,19,36700.0,12700.0,19,24000.0,0,,0,0.0,
508,610,F,1979-08-10,19,1996-11-19,monthly,Ostrava - mesto,north Moravia,1996-11-19,1998-12-31,139,128689.8,106072.0,26,22617.7,0,,0,0.0,
509,611,M,1952-10-13,46,1997-08-14,monthly,Liberec,north Bohemia,1997-08-14,1998-12-31,78,279563.4,235960.6,17,43602.6,0,,0,0.0,
518,622,F,1931-11-23,67,1994-09-09,monthly,Ostrava - mesto,north Moravia,1994-09-09,1998-12-31,293,302107.2,283857.6,52,18249.4,0,,0,0.0,
581,699,F,1922-04-22,76,1996-10-13,monthly,Plzen - mesto,west Bohemia,1996-10-13,1998-12-31,106,130831.8,79138.6,27,51693.1,0,,0,0.0,
601,720,M,1954-09-06,44,1993-08-04,monthly,Rokycany,west Bohemia,1993-08-04,1998-12-31,326,222152.7,205696.0,65,16456.1,0,,0,0.0,
615,739,M,1942-04-16,56,1996-04-09,monthly,Olomouc,north Moravia,1996-04-09,1998-12-31,182,107019.6,81732.8,33,25286.8,0,,0,0.0,
626,752,M,1944-12-20,54,1993-11-11,monthly,Olomouc,north Moravia,1993-11-11,1998-12-31,366,538862.4,504260.6,62,34601.5,0,,0,0.0,
700,840,M,1937-04-26,61,1994-06-01,monthly,Strakonice,south Bohemia,1994-06-01,1998-12-31,357,337058.4,285976.0,55,51082.0,0,,0,0.0,
751,901,M,1919-12-21,79,1993-05-12,monthly,Most,north Bohemia,1993-05-12,1998-12-31,334,297900.6,278594.2,68,19306.4,0,,0,0.0,
824,991,M,1941-06-27,57,1996-03-21,monthly,Ceska Lipa,north Bohemia,1996-03-21,1998-12-31,180,336045.4,281976.8,34,54068.3,0,,0,0.0,
827,994,M,1971-04-27,27,1996-02-23,monthly,Liberec,north Bohemia,1996-02-23,1998-12-31,151,118842.7,89883.4,35,28959.1,0,,0,0.0,
833,1003,F,1937-10-31,61,1996-08-29,monthly,Tachov,west Bohemia,1996-08-29,1998-12-31,123,159991.2,131663.8,29,28327.2,0,,0,0.0,
852,1026,M,1979-08-12,19,1997-10-23,monthly,Hodonin,south Moravia,1997-10-23,1998-12-31,58,45486.4,27389.4,15,18097.1,0,,0,0.0,
864,1041,M,1961-07-05,37,1997-07-08,monthly,Olomouc,north Moravia,1997-07-08,1998-12-31,86,129023.9,98862.2,18,30161.6,0,,0,0.0,
867,1045,F,1947-12-24,51,1997-11-09,monthly,Prostejov,south Moravia,1997-11-09,1998-12-31,83,384904.0,362292.4,14,22611.5,0,,0,0.0,
893,1076,F,1979-05-11,19,1995-04-12,monthly,Blansko,south Moravia,1995-04-12,1998-12-31,215,1078116.6,986889.4,45,91227.3,0,,0,0.0,
925,1114,M,1980-06-18,18,1993-02-23,monthly,Kromeriz,south Moravia,1993-02-23,1998-12-31,372,1423449.9,1365819.0,71,57630.6,0,,0,0.0,
5870,7102,F,1967-07-20,31,1997-09-17,monthly,Prerov,north Moravia,1997-09-17,1998-12-31,80,671527.3,606452.0,15,65075.0,0,,0,0.0,
6306,7614,M,1977-03-05,21,1997-03-04,monthly,Zlin,south Moravia,1997-03-04,1998-12-03,68,245905.2,246096.9,22,-191.6,0,,0,0.0,
6927,8362,F,1975-09-15,23,1995-12-08,weekly,Ostrava - mesto,north Moravia,1995-12-08,1998-12-31,169,755168.8,704401.8,37,50766.8,0,,0,0.0,
7774,9616,M,1962-09-19,36,1993-09-14,after_transaction,Ostrava - mesto,north Moravia,1993-09-14,1998-12-31,437,1914505.1,1866860.7,64,47506.2,0,,0,0.0,
9549,11755,F,1945-07-16,53,1997-01-17,monthly,Kladno,central Bohemia,1997-01-17,1998-12-31,177,1129295.3,1076179.0,24,53116.3,0,,0,0.0,
3519,4249,M,1977-05-21,21,1996-02-10,monthly,Usti nad Orlici,east Bohemia,1996-02-10,1998-12-31,193,183939.9,152067.2,35,31872.4,0,,0,0.0,
3546,4280,F,1944-01-08,54,1997-02-03,monthly,Brno - venkov,south Moravia,1997-02-03,1998-12-31,140,568730.6,482716.8,23,86013.4,0,,0,0.0,
3549,4283,M,1924-09-05,74,1996-08-14,monthly,Plzen - jih,west Bohemia,1996-08-14,1998-12-31,125,139527.4,121460.8,29,18066.6,0,,0,0.0,
3551,4286,F,1965-09-28,33,1993-10-17,monthly,Kutna Hora,central Bohemia,1993-10-17,1998-12-31,445,261682.8,243385.2,63,18297.3,0,,0,0.0,
3625,4372,M,1933-10-11,65,1994-08-22,monthly,Beroun,central Bohemia,1994-08-22,1998-12-31,314,367275.3,349420.2,53,17854.9,0,,0,0.0,
3680,4436,M,1920-04-28,78,1996-02-16,monthly,Plzen - jih,west Bohemia,1996-02-16,1998-12-31,189,201103.0,170963.4,35,30139.6,0,,0,0.0,
3697,4458,F,1950-12-23,48,1993-04-29,monthly,Domazlice,west Bohemia,1993-04-29,1998-12-31,432,980965.2,913187.8,69,67777.2,0,,0,0.0,
3738,4511,F,1945-04-27,53,1993-08-01,monthly,Trutnov,east Bohemia,1993-08-01,1998-12-31,353,1446425.2,1394456.0,65,51968.5,0,,0,0.0,
3753,4528,M,1922-01-09,76,1995-02-24,monthly,Plzen - sever,west Bohemia,1995-02-24,1998-12-31,246,280138.1,231738.6,47,48399.4,0,,0,0.0,
3764,4540,M,1936-01-16,62,1995-11-05,monthly,Jesenik,north Moravia,1995-11-05,1998-12-31,214,202109.9,168935.8,38,33174.2,0,,0,0.0,
3791,4571,M,1967-11-07,31,1996-05-03,weekly,Hl.m. Praha,Prague,1996-05-03,1998-12-31,251,976954.2,918019.0,32,58935.2,0,,0,0.0,
3813,4594,M,1940-11-25,58,1997-10-09,monthly,Hl.m. Praha,Prague,1997-10-09,1998-12-31,91,179603.1,152761.0,15,26842.0,0,,0,0.0,
3827,4611,F,1953-05-10,45,1994-10-04,monthly,Hl.m. Praha,Prague,1994-10-04,1998-12-31,236,519790.4,476871.6,51,42918.8,0,,0,0.0,
3836,4623,M,1967-05-09,31,1997-12-09,monthly,Frydek - Mistek,north Moravia,1997-12-09,1998-12-31,77,339674.2,271987.8,13,67686.4,0,,0,0.0,
3973,4792,F,1957-05-25,41,1995-11-27,monthly,Strakonice,south Bohemia,1995-11-27,1998-12-31,190,442499.8,410299.2,38,32200.3,0,,0,0.0,
3981,4801,M,1978-11-25,20,1995-01-15,monthly,Cheb,west Bohemia,1995-01-15,1998-12-31,304,163216.7,149441.2,48,13775.6,0,,0,0.0,
3990,4811,F,1971-03-26,27,1997-02-04,monthly,Vsetin,north Moravia,1997-02-04,1998-12-31,122,648908.9,631265.6,23,17643.1,0,,0,0.0,
9635,11860,F,1925-08-30,73,1993-01-05,monthly,Karvina,north Moravia,1993-01-05,1998-12-31,414,325452.1,318530.5,72,6902.1,0,,0,0.0,
11053,13588,M,1974-01-29,24,1997-05-27,monthly,Nachod,east Bohemia,1997-05-27,1998-12-31,131,926512.3,877760.6,20,48476.2,0,,0,0.0,
11123,13673,M,1971-02-20,27,1996-07-21,monthly,Most,north Bohemia,1996-07-21,1998-12-08,146,521032.7,522568.0,30,-1535.2,0,,0,0.0,
1583,1917,F,1969-03-13,29,1994-11-17,after_transaction,Jesenik,north Moravia,1994-11-17,1998-12-31,339,1945933.8,1878839.8,50,67094.7,0,,1,388512.0,D
1762,2136,F,1940-07-24,58,1993-12-11,monthly,Plzen - sever,west Bohemia,1993-12-11,1998-12-31,490,1272879.2,1243546.0,61,29332.7,0,,1,248148.0,A
2933,3542,M,1939-09-02,59,1993-06-18,monthly,Praha - vychod,central Bohemia,1993-06-18,1998-12-31,473,2524974.1,2493927.4,67,31046.4,0,,1,272520.0,C
1886,2288,F,1957-08-23,41,1996-03-05,monthly,Ceska Lipa,north Bohemia,1996-03-05,1998-12-31,209,1007717.9,958449.7,34,49269.6,0,,1,162468.0,C
1772,2148,F,1953-07-20,45,1995-02-20,weekly,Tachov,west Bohemia,1995-02-20,1998-12-31,330,2457266.3,2380720.0,47,76546.3,0,,1,202788.0,C
1808,2190,M,1974-10-22,24,1997-05-16,monthly,Plzen - sever,west Bohemia,1997-05-16,1998-12-31,101,637225.8,589340.2,20,47885.8,0,,1,385584.0,C
3448,4169,F,1980-02-19,18,1996-06-06,weekly,Jihlava,south Moravia,1996-06-06,1998-12-31,145,666478.1,642561.8,31,23916.6,0,,1,68664.0,C
5742,6946,F,1970-01-29,28,1995-07-05,after_transaction,Ostrava - mesto,north Moravia,1995-07-05,1998-12-31,243,1242510.5,1216356.0,42,26154.3,0,,1,232560.0,C
5774,6987,M,1968-01-29,30,1995-06-08,monthly,Hl.m. Praha,Prague,1995-06-08,1998-12-31,303,929464.5,876238.8,43,53225.4,0,,1,31176.0,A
6083,7348,F,1977-10-26,21,1996-09-19,weekly,Kutna Hora,central Bohemia,1996-09-19,1998-12-31,220,1252837.3,1247779.9,28,5181.5,0,,1,360864.0,D
7240,8737,F,1948-04-11,50,1996-04-23,monthly,Pelhrimov,south Bohemia,1996-04-23,1998-12-31,187,544826.0,530838.9,33,13987.6,0,,1,152160.0,C
7966,9846,F,1967-07-01,31,1996-12-27,monthly,Brno - mesto,south Moravia,1996-12-27,1998-12-31,168,714956.4,687346.5,25,27502.5,0,,1,473280.0,D
8320,10273,F,1958-09-27,40,1997-01-19,monthly,Trutnov,east Bohemia,1997-01-19,1998-12-31,163,780119.3,743507.6,24,36461.2,0,,1,309660.0,C
8566,10566,F,1942-11-09,56,1993-10-08,monthly,Ostrava - mesto,north Moravia,1993-10-08,1998-12-31,452,1541095.3,1522415.1,63,18629.0,0,,1,230220.0,B
9167,11286,F,1940-11-27,58,1997-04-02,monthly,Breclav,south Moravia,1997-04-02,1998-12-31,190,755894.5,684332.0,21,71269.5,0,,1,272220.0,C
9201,11329,F,1961-01-31,37,1996-10-28,monthly,Jesenik,north Moravia,1996-10-28,1998-12-31,206,1240763.0,1193059.6,27,47408.2,0,,1,122472.0,C
9493,11685,F,1965-07-23,33,1995-04-02,monthly,Zlin,south Moravia,1995-04-02,1998-12-31,302,1181532.0,1091828.0,45,89702.6,0,,1,188688.0,C
9513,11713,F,1951-04-11,47,1996-05-12,monthly,Kromeriz,south Moravia,1996-05-12,1998-12-31,196,716400.6,676290.2,32,40110.6,0,,1,18324.0,A
9677,11911,M,1939-10-24,59,1996-10-13,monthly,Mlada Boleslav,central Bohemia,1996-10-13,1998-12-31,161,407924.2,370560.6,27,37363.1,0,,1,31620.0,C
9730,11976,F,1939-10-27,59,1997-01-01,monthly,Brno - mesto,south Moravia,1997-01-01,1998-12-31,157,284073.9,245061.4,24,39012.1,0,,1,116040.0,C
10019,12325,M,1964-10-30,34,1995-06-15,monthly,Mlada Boleslav,central Bohemia,1995-06-15,1998-12-12,250,1314298.4,1292632.4,43,21665.5,0,,1,194940.0,C
3556,4291,F,1951-05-07,47,1997-08-29,monthly,Jihlava,south Moravia,1997-08-29,1998-12-31,113,326927.7,304432.0,17,22495.7,0,,1,174840.0,C
3906,4710,F,1961-05-09,37,1997-07-08,monthly,Usti nad Orlici,east Bohemia,1997-07-08,1998-12-31,94,667673.0,574546.8,18,93125.8,0,,1,334620.0,C
8645,10662,F,1949-08-25,49,1997-06-23,monthly,Prostejov,south Moravia,1997-06-23,1998-12-31,125,338384.9,300771.8,19,37613.0,0,,1,240900.0,C
8688,10714,F,1946-03-31,52,1996-11-22,monthly,Zdar nad Sazavou,south Moravia,1996-11-22,1998-12-31,162,492984.8,436552.0,26,56223.3,0,,1,67980.0,A
8776,10818,M,1972-08-04,26,1994-08-24,monthly,Zlin,south Moravia,1994-08-24,1998-12-31,359,784745.1,699006.2,53,85427.8,0,,1,33984.0,C
9199,11327,M,1947-10-21,51,1996-05-15,monthly,Olomouc,north Moravia,1996-05-15,1998-12-31,221,519506.4,511106.5,32,8399.6,0,,1,29448.0,B
9510,11709,M,1961-08-03,37,1996-06-09,monthly,Hl.m. Praha,Prague,1996-06-09,1998-12-31,167,521328.2,484984.6,31,36343.2,0,,1,228276.0,C
9646,11874,M,1969-01-19,29,1996-07-30,weekly,Hl.m. Praha,Prague,1996-07-30,1998-12-31,143,920274.8,861028.0,30,59246.6,0,,1,279072.0,C
10215,12561,M,1966-06-20,32,1996-04-12,monthly,Louny,north Bohemia,1996-04-12,1998-12-31,234,517854.4,435678.2,33,82176.2,0,,1,44304.0,C
10365,12756,F,1949-01-21,49,1995-09-02,monthly,Domazlice,west Bohemia,1995-09-02,1998-12-31,352,1595917.8,1540642.1,40,55275.4,0,,1,260640.0,D
10940,13447,F,1970-05-05,28,1993-09-13,monthly,Rakovnik,central Bohemia,1993-09-13,1998-12-31,428,1670066.6,1611760.8,64,58305.5,0,,1,197748.0,A
11317,13912,M,1975-11-20,23,1997-07-11,monthly,Svitavy,east Bohemia,1997-07-11,1998-12-31,155,1129292.1,1038785.8,18,90506.3,0,,1,317460.0,C
11328,13924,F,1952-09-09,46,1996-11-05,monthly,Brno - mesto,south Moravia,1996-11-05,1998-12-31,146,695203.0,631617.0,26,63585.7,0,,1,280440.0,C
666,798,F,1940-02-12,58,1996-03-15,monthly,Plzen - jih,west Bohemia,1996-03-15,1998-12-31,276,577028.5,495892.8,34,81135.7,1,classic,1,12540.0,A
2000,2430,M,1937-10-28,61,1997-08-06,monthly,Kolin,central Bohemia,1997-08-06,1998-12-31,128,362735.8,294416.2,17,68319.5,1,classic,1,290820.0,C
544,655,M,1942-12-10,56,1995-05-15,monthly,Ceska Lipa,north Bohemia,1995-05-15,1998-12-31,254,1151503.3,1040268.6,44,111235.6,1,classic,1,91152.0,A
5944,7186,F,1944-06-01,54,1997-06-06,monthly,Plzen - jih,west Bohemia,1997-06-06,1998-12-31,112,454672.9,392234.4,19,62438.3,1,classic,1,78720.0,C
8129,10043,M,1965-10-29,33,1993-06-26,monthly,Jicin,east Bohemia,1993-06-26,1998-12-31,413,1485702.6,1427250.6,67,58451.5,1,classic,1,74736.0,A
9235,11371,F,1941-11-04,57,1995-06-24,monthly,Litomerice,north Bohemia,1995-06-24,1998-12-31,286,737903.4,662815.2,43,74808.9,1,classic,1,83280.0,C
9869,12144,M,1980-11-23,18,1993-08-21,monthly,Benesov,central Bohemia,1993-08-21,1998-12-31,465,1565047.9,1479346.4,65,85701.4,1,junior,1,331560.0,C
11079,13620,M,1970-07-26,28,1995-11-10,monthly,Jindrichuv Hradec,south Bohemia,1995-11-10,1998-12-31,246,2071824.0,1970066.8,38,101756.8,1,classic,1,98304.0,A
1750,2122,F,1970-07-17,28,1993-01-26,monthly,Hl.m. Praha,Prague,1993-01-26,1998-12-31,490,1997210.2,1909061.6,72,88148.5,1,gold,0,0.0,
1779,2156,F,1966-12-27,32,1993-08-15,monthly,Decin,north Bohemia,1993-08-15,1998-12-31,507,1704558.5,1625871.4,65,78686.3,1,gold,0,0.0,
2817,3404,F,1940-10-11,58,1993-04-07,monthly,Breclav,south Moravia,1993-04-07,1998-12-31,349,1040572.7,964334.4,69,76238.1,1,classic,0,0.0,
2818,3405,M,1949-12-15,49,1993-07-21,monthly,Teplice,north Bohemia,1993-07-21,1998-12-31,411,2934763.4,2846232.0,66,88531.4,1,classic,0,0.0,
2899,3504,M,1952-01-25,46,1997-04-03,monthly,Teplice,north Bohemia,1997-04-03,1998-12-31,112,548444.4,469084.6,21,79359.6,1,classic,0,0.0,
2968,3583,F,1942-09-09,56,1995-02-05,monthly,Cesky Krumlov,south Bohemia,1995-02-05,1998-12-31,309,1824590.9,1784294.2,47,40296.8,1,classic,0,0.0,
3010,3636,M,1978-05-19,20,1995-09-13,monthly,Nachod,east Bohemia,1995-09-13,1998-11-30,109,202504.0,121448.2,39,81070.0,1,junior,0,0.0,
3038,3671,M,1943-07-16,55,1996-04-28,monthly,Praha - vychod,central Bohemia,1996-04-28,1998-12-31,223,1747360.2,1683448.0,33,63912.1,1,classic,0,0.0,
3051,3689,F,1979-07-12,19,1996-01-01,monthly,Nymburk,central Bohemia,1996-01-01,1998-12-31,337,1972996.6,1919872.4,36,53124.0,1,junior,0,0.0,
1695,2058,M,1971-03-02,27,1993-01-03,monthly,Sumperk,north Moravia,1993-01-03,1998-12-31,459,3197934.6,3091037.4,72,106897.4,1,gold,0,0.0,
1894,2299,F,1940-02-20,58,1996-08-29,monthly,Kutna Hora,central Bohemia,1996-08-29,1998-12-31,134,735925.0,681735.8,29,54189.1,1,classic,0,0.0,
1996,2425,F,1977-07-18,21,1996-05-08,weekly,Kutna Hora,central Bohemia,1996-05-08,1998-12-31,163,849269.9,822385.0,32,26884.6,1,junior,0,0.0,
730,876,M,1960-11-25,38,1993-08-28,monthly,Hl.m. Praha,Prague,1993-08-28,1998-12-31,413,2880756.9,2798061.8,65,82695.1,1,classic,0,0.0,
1763,2137,F,1962-11-09,36,1996-03-06,monthly,Opava,north Moravia,1996-03-06,1998-12-31,219,853500.8,789868.4,34,63631.9,1,classic,0,0.0,
1777,2154,F,1957-11-28,41,1996-10-10,monthly,Prostejov,south Moravia,1996-10-10,1998-12-31,186,642959.9,565936.6,27,77023.2,1,classic,0,0.0,
1922,2332,F,1949-12-22,49,1996-02-09,monthly,Prostejov,south Moravia,1996-02-09,1998-12-31,167,692766.1,638863.4,35,53902.6,1,classic,0,0.0,
2054,2493,M,1962-10-09,36,1995-01-24,monthly,Hl.m. Praha,Prague,1995-01-24,1998-12-31,333,1033594.2,979899.2,48,53694.8,1,classic,0,0.0,
3102,3751,M,1966-10-12,32,1997-11-23,monthly,Decin,north Bohemia,1997-11-23,1998-12-31,59,240147.8,192112.8,14,48034.8,1,classic,0,0.0,
3106,3756,F,1971-10-03,27,1997-09-26,weekly,Pribram,central Bohemia,1997-09-26,1998-12-31,78,483284.3,438227.0,16,45057.3,1,classic,0,0.0,
3138,3794,F,1976-05-06,22,1996-03-24,monthly,Litomerice,north Bohemia,1996-03-24,1998-12-13,145,131139.8,117023.4,34,14116.2,1,junior,0,0.0,
3219,3893,M,1969-12-26,29,1996-03-26,monthly,Hl.m. Praha,Prague,1996-03-26,1998-12-31,174,737147.2,697216.8,34,39930.4,1,classic,0,0.0,
3260,3944,M,1936-01-01,62,1993-03-25,monthly,Mlada Boleslav,central Bohemia,1993-03-25,1998-12-31,563,3166150.8,3104806.0,70,61344.3,1,gold,0,0.0,
3262,3947,M,1967-05-25,31,1997-06-22,monthly,Cheb,west Bohemia,1997-06-22,1998-12-31,96,481399.8,427009.8,19,54389.8,1,classic,0,0.0,
3404,4115,M,1943-03-27,55,1997-11-04,monthly,Decin,north Bohemia,1997-11-04,1998-12-31,58,291304.7,212331.4,14,78973.3,1,classic,0,0.0,
3538,4270,F,1972-02-05,26,1993-08-08,monthly,Jihlava,south Moravia,1993-08-08,1998-12-31,320,1648853.2,1599581.4,65,49271.5,1,classic,0,0.0,
418,504,M,1979-08-01,19,1995-08-27,monthly,Liberec,north Bohemia,1995-08-27,1998-12-31,227,919301.3,885827.0,41,33474.0,1,junior,0,0.0,
596,714,M,1970-10-08,28,1994-10-13,monthly,Tachov,west Bohemia,1994-10-13,1998-12-31,248,1072312.4,984397.0,51,87915.1,1,classic,0,0.0,
598,716,F,1954-12-04,44,1997-02-08,monthly,Hl.m. Praha,Prague,1997-02-08,1998-12-31,117,316436.1,256046.2,23,60389.9,1,classic,0,0.0,
680,816,F,1958-02-01,40,1997-07-18,monthly,Pelhrimov,south Bohemia,1997-07-18,1998-12-31,87,279247.0,246964.2,18,32282.9,1,classic,0,0.0,
689,826,M,1978-01-23,20,1996-04-24,monthly,Hl.m. Praha,Prague,1996-04-24,1998-12-31,289,1242498.4,1195255.8,33,47242.4,1,junior,0,0.0,
696,834,M,1922-12-17,76,1997-11-09,monthly,Brno - mesto,south Moravia,1997-11-09,1998-12-31,62,92230.7,36127.8,14,56102.8,1,classic,0,0.0,
878,1057,M,1939-02-21,59,1996-06-29,monthly,Usti nad Orlici,east Bohemia,1996-06-29,1998-12-31,174,778728.4,717706.0,31,61022.0,1,classic,0,0.0,
885,1066,M,1940-10-18,58,1993-06-25,monthly,Hl.m. Praha,Prague,1993-06-25,1998-12-31,444,1524056.2,1435694.6,67,88361.2,1,classic,0,0.0,
8212,10145,F,1965-07-25,33,1993-08-21,after_transaction,Kladno,central Bohemia,1993-08-21,1998-12-31,459,2979414.9,2879041.8,65,100372.4,1,classic,0,0.0,
10227,12577,F,1950-05-05,48,1993-09-27,after_transaction,Uherske Hradiste,south Moravia,1993-09-27,1998-12-23,387,1962201.5,1925879.7,64,36321.5,1,classic,0,0.0,
3709,4472,M,1965-07-25,33,1996-03-05,monthly,Ostrava - mesto,north Moravia,1996-03-05,1998-12-31,280,451344.3,399199.4,34,52144.7,1,classic,0,0.0,
3714,4479,F,1958-07-24,40,1994-04-21,weekly,Benesov,central Bohemia,1994-04-21,1998-12-31,492,1913915.4,1833463.0,57,80452.2,1,classic,0,0.0,
3781,4559,F,1958-03-09,40,1993-03-26,monthly,Jablonec n. Nisou,north Bohemia,1993-03-26,1998-12-31,375,1832652.2,1731878.4,70,100773.7,1,gold,0,0.0,
3877,4674,F,1978-12-27,20,1996-10-22,monthly,Kromeriz,south Moravia,1996-10-22,1998-12-31,133,612747.1,520797.6,27,91949.5,1,junior,0,0.0,
3940,4751,M,1973-01-08,25,1995-05-07,weekly,Jablonec n. Nisou,north Bohemia,1995-05-07,1998-12-31,224,888955.7,837256.0,44,51699.6,1,classic,0,0.0,
3970,4789,F,1940-09-26,58,1995-11-28,monthly,Karlovy Vary,west Bohemia,1995-11-28,1998-12-31,231,1557654.2,1502007.2,38,55647.1,1,classic,0,0.0,
4078,4915,M,1963-07-19,35,1993-01-30,monthly,Teplice,north Bohemia,1993-01-30,1998-12-31,321,1848925.2,1731363.6,72,117561.4,1,classic,0,0.0,
891,1073,M,1924-04-10,74,1996-05-23,monthly,Chomutov,north Bohemia,1996-05-23,1998-12-31,148,190070.0,145513.6,32,44556.3,0,,0,0.0,
916,1103,M,1951-08-18,47,1996-08-13,monthly,Hl.m. Praha,Prague,1996-08-13,1998-12-31,155,486138.8,452091.8,29,34046.9,0,,0,0.0,
924,1113,M,1976-08-20,22,1995-12-09,monthly,Praha - zapad,central Bohemia,1995-12-09,1998-12-31,202,142193.4,122305.2,37,19887.7,0,,0,0.0,
964,1162,F,1975-02-19,23,1994-07-08,monthly,Plzen - mesto,west Bohemia,1994-07-08,1998-12-31,253,332873.6,284480.0,54,48393.1,0,,0,0.0,
972,1171,F,1974-03-28,24,1996-09-29,monthly,Nachod,east Bohemia,1996-09-29,1998-12-31,133,84651.2,64878.2,28,19773.0,0,,0,0.0,
986,1189,F,1932-02-15,66,1996-05-02,monthly,Ostrava - mesto,north Moravia,1996-05-02,1998-12-31,163,197498.3,173942.2,32,23556.2,0,,0,0.0,
1038,1245,M,1979-08-13,19,1995-04-20,monthly,Zlin,south Moravia,1995-04-20,1998-12-31,247,144983.6,123019.4,45,21963.9,0,,0,0.0,
1070,1285,M,1939-11-26,59,1996-04-23,monthly,Uherske Hradiste,south Moravia,1996-04-23,1998-12-31,177,580485.0,543942.2,33,36542.6,0,,0,0.0,
1100,1321,F,1977-11-09,21,1996-09-23,monthly,Jablonec n. Nisou,north Bohemia,1996-09-23,1998-12-31,156,89432.9,75166.2,28,14266.7,0,,0,0.0,
1105,1326,F,1956-05-12,42,1994-09-01,monthly,Brno - venkov,south Moravia,1994-09-01,1998-12-31,308,507199.6,463578.2,52,43621.1,0,,0,0.0,
1155,1389,F,1927-03-04,71,1996-10-04,monthly,Hradec Kralove,east Bohemia,1996-10-04,1998-12-31,131,164497.7,146601.2,27,17896.7,0,,0,0.0,
1181,1422,F,1976-02-23,22,1997-08-20,monthly,Jesenik,north Moravia,1997-08-20,1998-12-31,106,131421.6,118500.6,17,12920.8,0,,0,0.0,
1217,1469,F,1966-09-14,32,1993-10-25,monthly,Brno - mesto,south Moravia,1993-10-25,1998-12-31,358,200483.7,173788.2,63,26695.1,0,,0,0.0,
1218,1470,M,1942-05-04,56,1996-12-12,monthly,Hl.m. Praha,Prague,1996-12-12,1998-12-31,121,892518.4,817801.0,25,74717.2,0,,0,0.0,
1255,1514,M,1957-08-02,41,1997-07-02,monthly,Frydek - Mistek,north Moravia,1997-07-02,1998-12-31,104,684789.7,633490.7,18,51298.7,0,,0,0.0,
1295,1566,F,1966-10-20,32,1994-10-28,monthly,Cesky Krumlov,south Bohemia,1994-10-28,1998-12-31,265,328079.0,310247.0,51,17831.3,0,,0,0.0,
1317,1592,M,1928-04-11,70,1994-02-18,monthly,Breclav,south Moravia,1994-02-18,1998-12-31,298,398000.8,377422.8,59,20577.9,0,,0,0.0,
1332,1613,M,1961-01-15,37,1993-03-25,monthly,Svitavy,east Bohemia,1993-03-25,1998-12-31,407,1701326.2,1605794.4,70,95531.6,0,,0,0.0,
1359,1646,M,1966-03-17,32,1993-12-02,monthly,Mlada Boleslav,central Bohemia,1993-12-02,1998-12-06,120,102195.2,30500.0,60,71696.2,0,,0,0.0,
1368,1656,F,1968-06-18,30,1996-12-12,monthly,Domazlice,west Bohemia,1996-12-12,1998-12-31,125,424336.0,411745.6,25,12590.2,0,,0,0.0,
1383,1674,F,1920-10-27,78,1996-04-15,monthly,Praha - zapad,central Bohemia,1996-04-15,1998-12-31,172,226514.5,193948.2,33,32566.2,0,,0,0.0,
1401,1696,F,1923-03-21,75,1993-08-12,monthly,Hl.m. Praha,Prague,1993-08-12,1998-12-31,353,447447.4,405791.4,65,41655.8,0,,0,0.0,
1414,1714,M,1945-05-22,53,1995-01-17,monthly,Jihlava,south Moravia,1995-01-17,1998-12-31,346,821863.2,784275.2,48,37587.8,0,,0,0.0,
1454,1763,M,1967-12-07,31,1997-07-25,monthly,Nachod,east Bohemia,1997-07-25,1998-11-17,17,40100.0,4900.0,17,35200.0,0,,0,0.0,
1460,1771,F,1927-10-20,71,1996-11-29,monthly,Brno - mesto,south Moravia,1996-11-29,1998-12-31,106,134581.2,106639.0,26,27941.9,0,,0,0.0,
1825,2213,M,1968-11-07,30,1995-12-05,monthly,Beroun,central Bohemia,1995-12-05,1998-12-31,241,378055.2,319796.2,37,58259.1,0,,0,0.0,
1834,2225,F,1960-11-06,38,1993-08-03,monthly,Kladno,central Bohemia,1993-08-03,1998-12-31,390,1317089.9,1236816.0,65,80273.6,0,,0,0.0,
1838,2229,M,1944-09-07,54,1994-05-26,monthly,Frydek - Mistek,north Moravia,1994-05-26,1998-12-31,261,1327041.4,1268595.4,56,58445.7,0,,0,0.0,
1934,2349,F,1968-07-10,30,1994-10-05,monthly,Nachod,east Bohemia,1994-10-05,1998-12-31,441,735452.0,659925.6,51,75526.3,0,,0,0.0,
1939,2355,F,1948-06-30,50,1996-04-19,weekly,Kutna Hora,central Bohemia,1996-04-19,1998-12-31,228,1747587.1,1664170.0,33,83416.9,0,,0,0.0,
1961,2385,M,1933-05-05,65,1995-08-30,monthly,Rakovnik,central Bohemia,1995-08-30,1998-12-31,204,234528.9,211476.0,41,23052.6,0,,0,0.0,
1977,2402,M,1948-10-26,50,1996-02-03,monthly,Usti nad Labem,north Bohemia,1996-02-03,1998-12-31,167,347046.4,308338.0,35,38707.9,0,,0,0.0,
2008,2438,F,1946-09-19,52,1993-04-16,monthly,Usti nad Orlici,east Bohemia,1993-04-16,1998-12-31,465,973457.5,882736.8,69,90720.1,0,,0,0.0,
2058,2497,F,1962-04-06,36,1996-09-09,monthly,Chomutov,north Bohemia,1996-09-09,1998-12-31,216,161272.7,147621.8,28,13651.0,0,,0,0.0,
2082,2525,F,1952-07-10,46,1993-09-03,monthly,Liberec,north Bohemia,1993-09-03,1998-12-31,435,1476562.2,1457021.6,63,19540.4,0,,0,0.0,
2102,2546,F,1961-12-03,37,1996-08-05,monthly,Usti nad Labem,north Bohemia,1996-08-05,1998-12-31,180,383345.2,345920.4,29,37424.7,0,,0,0.0,
2108,2552,F,1964-01-24,34,1996-07-06,monthly,Ostrava - mesto,north Moravia,1996-07-06,1998-12-31,162,468219.8,452069.0,30,16150.6,0,,0,0.0,
2131,2577,M,1918-01-07,80,1996-07-11,monthly,Karvina,north Moravia,1996-07-11,1998-12-31,160,187269.0,137930.0,30,49339.0,0,,0,0.0,
2147,2597,F,1969-08-06,29,1996-07-10,monthly,Plzen - sever,west Bohemia,1996-07-10,1998-12-31,131,153139.9,130255.4,30,22884.2,0,,0,0.0,
2148,2599,M,1946-01-09,52,1995-09-22,monthly,Hl.m. Praha,Prague,1995-09-22,1998-12-31,225,159174.2,136616.4,40,22557.4,0,,0,0.0,
2154,2607,M,1943-03-27,55,1994-04-21,monthly,Vyskov,south Moravia,1994-04-21,1998-12-31,267,182649.2,166730.6,57,15918.6,0,,0,0.0,
2155,2608,F,1943-09-15,55,1994-06-08,monthly,Jihlava,south Moravia,1994-06-08,1998-12-31,353,223870.6,208514.0,55,15356.3,0,,0,0.0,
2204,2667,M,1972-01-01,26,1997-07-20,monthly,Nymburk,central Bohemia,1997-07-20,1998-12-31,90,148637.9,118997.2,18,29640.7,0,,0,0.0,
2224,2693,F,1976-08-04,22,1997-03-08,after_transaction,Nachod,east Bohemia,1997-03-08,1998-12-31,97,545897.9,456740.0,22,89157.8,0,,0,0.0,
2259,2735,M,1928-07-31,70,1994-05-14,monthly,Zlin,south Moravia,1994-05-14,1998-12-31,265,248498.5,231750.0,56,16748.4,0,,0,0.0,
3616,4362,M,1943-09-16,55,1997-12-15,monthly,Svitavy,east Bohemia,1997-12-15,1998-12-10,13,29300.0,5400.0,13,23900.0,0,,0,0.0,
3660,4413,M,1977-05-04,21,1993-11-14,monthly,Ostrava - mesto,north Moravia,1993-11-14,1998-12-31,346,405652.8,352861.4,62,52791.4,0,,0,0.0,
3669,4422,F,1943-07-31,55,1993-12-22,monthly,Sumperk,north Moravia,1993-12-22,1998-12-31,430,557263.5,538655.0,61,18608.2,0,,0,0.0,
3692,4452,F,1924-06-08,74,1997-04-21,monthly,Karvina,north Moravia,1997-04-21,1998-12-31,82,99855.1,71927.0,21,27927.8,0,,0,0.0,
3698,4459,F,1962-05-21,36,1996-03-03,monthly,Hl.m. Praha,Prague,1996-03-03,1998-12-18,64,50844.4,28500.0,34,22344.9,0,,0,0.0,
3748,4521,M,1943-09-09,55,1993-07-10,monthly,Hl.m. Praha,Prague,1993-07-10,1998-12-31,380,212875.9,196284.0,66,16591.8,0,,0,0.0,
3769,4545,F,1936-01-20,62,1996-05-14,monthly,Beroun,central Bohemia,1996-05-14,1998-12-31,162,215823.5,192899.6,32,22923.6,0,,0,0.0,
3783,4561,F,1968-06-29,30,1995-11-29,monthly,Teplice,north Bohemia,1995-11-29,1998-12-31,196,382542.4,359419.2,38,23123.0,0,,0,0.0,
3798,4578,M,1976-12-27,22,1997-08-27,monthly,Cesky Krumlov,south Bohemia,1997-08-27,1998-12-31,93,272550.6,243582.6,17,28967.9,0,,0,0.0,
3838,4626,F,1947-11-24,51,1994-05-02,monthly,Beroun,central Bohemia,1994-05-02,1998-12-31,251,780090.0,730844.6,56,49245.0,0,,0,0.0,
3844,4634,F,1940-03-09,58,1993-05-23,monthly,Bruntal,north Moravia,1993-05-23,1998-12-31,328,232639.6,212505.2,68,20133.7,0,,0,0.0,
3867,4661,F,1944-05-11,54,1997-07-19,monthly,Hl.m. Praha,Prague,1997-07-19,1998-12-31,90,266217.1,234963.2,18,31253.8,0,,0,0.0,
3871,4665,F,1926-08-27,72,1993-01-08,monthly,Nymburk,central Bohemia,1993-01-08,1998-12-31,422,319109.5,259369.6,72,59739.6,0,,0,0.0,
3874,4670,F,1968-08-14,30,1995-06-02,monthly,Trutnov,east Bohemia,1995-06-02,1998-12-31,247,489542.6,435593.8,43,53948.6,0,,0,0.0,
3895,4697,F,1957-09-25,41,1995-07-14,monthly,Plzen - jih,west Bohemia,1995-07-14,1998-12-31,225,482028.7,452709.6,42,29318.8,0,,0,0.0,
3905,4709,M,1978-04-16,20,1997-05-28,after_transaction,Brno - mesto,south Moravia,1997-05-28,1998-12-31,122,707043.2,678393.0,20,28650.1,0,,0,0.0,
3925,4733,M,1955-07-17,43,1995-09-05,monthly,Hl.m. Praha,Prague,1995-09-05,1998-12-31,301,1651031.3,1622767.6,40,28263.2,0,,0,0.0,
3955,4771,F,1961-01-07,37,1993-07-14,monthly,Zlin,south Moravia,1993-07-14,1998-12-31,435,624735.3,560005.0,66,64729.9,0,,0,0.0,
9826,12092,M,1977-05-15,21,1996-08-23,monthly,Frydek - Mistek,north Moravia,1996-08-23,1998-12-31,191,1043992.3,998329.4,29,45441.0,0,,0,0.0,
11295,13886,F,1954-04-12,44,1993-01-21,monthly,Chrudim,east Bohemia,1993-01-21,1998-12-31,563,1492303.9,1388546.8,72,103756.2,0,,0,0.0,
12,15,F,1918-08-28,80,1997-04-15,monthly,Tabor,south Bohemia,1997-04-15,1998-12-31,106,121432.3,95319.0,21,26113.2,0,,0,0.0,
20,26,F,1969-04-20,29,1996-08-24,monthly,Ostrava - mesto,north Moravia,1996-08-24,1998-12-31,116,86220.3,68527.8,29,17692.2,0,,0,0.0,
36,44,F,1977-01-11,21,1993-07-01,monthly,Louny,north Bohemia,1993-07-01,1998-12-31,388,1436075.6,1356928.6,66,79146.7,0,,0,0.0,
69,80,F,1979-02-25,19,1996-01-12,monthly,Zlin,south Moravia,1996-01-12,1998-12-31,196,282303.2,218831.8,36,63471.3,0,,0,0.0,
98,118,M,1922-07-19,76,1997-05-02,monthly,Brno - venkov,south Moravia,1997-05-02,1998-12-31,106,93422.0,78978.0,20,14443.9,0,,0,0.0,
116,139,F,1959-07-25,39,1996-03-21,monthly,Mlada Boleslav,central Bohemia,1996-03-21,1998-12-31,178,840019.4,767809.8,34,72209.3,0,,0,0.0,
142,171,M,1929-06-25,69,1993-02-15,monthly,Trutnov,east Bohemia,1993-02-15,1998-12-31,349,325683.4,303439.0,71,22244.3,0,,0,0.0,
146,176,M,1929-03-11,69,1993-09-02,monthly,Kladno,central Bohemia,1993-09-02,1998-12-31,305,409542.8,370728.4,64,38813.8,0,,0,0.0,
186,226,M,1942-06-16,56,1993-07-29,weekly,Hl.m. Praha,Prague,1993-07-29,1998-12-31,413,2603771.8,2529334.0,66,74437.6,0,,0,0.0,
215,259,M,1966-06-08,32,1997-11-25,monthly,Tachov,west Bohemia,1997-11-25,1998-12-31,46,42899.6,27815.8,14,15083.9,0,,0,0.0,
262,316,M,1955-04-28,43,1996-01-27,monthly,Prerov,north Moravia,1996-01-27,1998-11-12,21,40900.0,18300.0,21,22600.0,0,,0,0.0,
274,331,M,1942-03-02,56,1993-08-20,monthly,Hl.m. Praha,Prague,1993-08-20,1998-12-31,372,1434950.4,1392215.4,65,42734.8,0,,0,0.0,
316,386,M,1980-08-21,18,1997-05-08,monthly,Uherske Hradiste,south Moravia,1997-05-08,1998-12-31,111,153014.2,132348.2,20,20665.8,0,,0,0.0,
327,399,M,1952-04-14,46,1993-06-02,monthly,Jicin,east Bohemia,1993-06-02,1998-12-31,464,1176794.2,1112196.2,67,64597.3,0,,0,0.0,
328,400,M,1933-12-27,65,1997-09-18,monthly,Hl.m. Praha,Prague,1997-09-18,1998-12-31,79,106121.7,93038.0,16,13083.6,0,,0,0.0,
359,437,F,1920-01-17,78,1994-12-11,monthly,Praha - zapad,central Bohemia,1994-12-11,1998-12-31,208,258768.2,234263.8,49,24504.2,0,,0,0.0,
402,486,M,1944-04-12,54,1997-09-14,monthly,Frydek - Mistek,north Moravia,1997-09-14,1998-12-31,89,336067.0,301469.0,16,34597.7,0,,0,0.0,
415,501,M,1937-10-28,61,1993-03-03,monthly,Uherske Hradiste,south Moravia,1993-03-03,1998-12-31,391,1032145.9,994269.0,70,37876.3,0,,0,0.0,
416,502,M,1919-12-08,79,1996-08-11,monthly,Kutna Hora,central Bohemia,1996-08-11,1998-12-31,162,146722.3,121951.8,29,24770.5,0,,0,0.0,
433,521,M,1975-12-25,23,1993-06-12,monthly,Jesenik,north Moravia,1993-06-12,1998-12-07,209,356465.5,338984.0,67,17480.8,0,,0,0.0,
460,552,F,1934-05-08,64,1994-04-18,monthly,Hl.m. Praha,Prague,1994-04-18,1998-12-31,258,337744.7,294362.6,57,43381.7,0,,0,0.0,
484,582,M,1950-09-26,48,1995-01-20,monthly,Hl.m. Praha,Prague,1995-01-20,1998-12-31,392,498548.3,474094.2,48,24454.1,0,,0,0.0,
902,1086,M,1973-05-04,25,1993-06-29,monthly,Ostrava - mesto,north Moravia,1993-06-29,1998-12-31,488,601878.5,580760.6,67,21117.9,0,,0,0.0,
906,1091,F,1940-06-27,58,1997-12-27,monthly,Kromeriz,south Moravia,1997-12-27,1998-12-31,43,41611.9,24262.2,13,17349.7,0,,0,0.0,
909,1094,F,1960-10-04,38,1997-09-02,monthly,Sokolov,west Bohemia,1997-09-02,1998-12-31,64,48580.7,27160.6,16,21420.1,0,,0,0.0,
922,1111,M,1979-06-04,19,1995-04-27,monthly,Trebic,south Moravia,1995-04-27,1998-12-31,334,337979.0,275162.4,45,62816.2,0,,0,0.0,
926,1115,F,1920-08-24,78,1996-11-01,monthly,Liberec,north Bohemia,1996-11-01,1998-12-31,120,125584.8,100572.6,26,25012.0,0,,0,0.0,
927,1116,F,1973-04-19,25,1997-04-12,monthly,Jesenik,north Moravia,1997-04-12,1998-12-31,111,269231.3,244477.0,21,24754.3,0,,0,0.0,
943,1137,F,1977-03-05,21,1993-02-03,monthly,Hl.m. Praha,Prague,1993-02-03,1998-12-31,347,234899.7,207761.6,71,27138.1,0,,0,0.0,
963,1161,M,1973-05-25,25,1996-08-09,monthly,Melnik,central Bohemia,1996-08-09,1998-12-31,142,578037.9,494812.8,29,83225.0,0,,0,0.0,
1040,1248,M,1971-06-24,27,1996-05-18,monthly,Prachatice,south Bohemia,1996-05-18,1998-12-31,171,1087897.2,1045758.2,30,42138.9,0,,0,0.0,
1047,1256,F,1955-11-13,43,1994-06-13,monthly,Nachod,east Bohemia,1994-06-13,1998-12-31,288,418824.9,385740.0,55,33084.6,0,,0,0.0,
1056,1269,F,1948-12-31,50,1996-12-28,weekly,Hl.m. Praha,Prague,1996-12-28,1998-11-30,79,338159.3,335896.0,24,2293.2,0,,0,0.0,
1057,1270,M,1930-05-16,68,1993-08-23,monthly,Rakovnik,central Bohemia,1993-08-23,1998-12-31,300,302357.2,276651.4,65,25705.6,0,,0,0.0,
1095,1313,M,1970-11-20,28,1997-06-18,monthly,Brno - mesto,south Moravia,1997-06-18,1998-12-31,139,414822.4,371719.8,19,43102.5,0,,0,0.0,
1117,1340,F,1939-03-20,59,1996-08-29,monthly,Frydek - Mistek,north Moravia,1996-08-29,1998-12-31,150,152779.9,132165.8,29,20613.7,0,,0,0.0,
1118,1341,F,1962-06-17,36,1993-07-04,monthly,Jesenik,north Moravia,1993-07-04,1998-12-31,399,568526.6,528080.6,66,40445.8,0,,0,0.0,
1145,1376,M,1958-09-03,40,1993-07-03,monthly,Pisek,south Bohemia,1993-07-03,1998-12-31,381,198573.4,171487.6,66,27085.6,0,,0,0.0,
1152,1385,M,1953-08-30,45,1993-04-15,monthly,Domazlice,west Bohemia,1993-04-15,1998-12-31,330,228189.6,207463.8,69,20725.4,0,,0,0.0,
1153,1387,F,1977-02-22,21,1993-12-29,monthly,Hl.m. Praha,Prague,1993-12-29,1998-12-31,381,794493.7,738308.0,61,56185.2,0,,0,0.0,
1159,1394,F,1942-08-22,56,1994-02-09,monthly,Semily,east Bohemia,1994-02-09,1998-12-31,336,736307.7,703893.8,59,32413.5,0,,0,0.0,
1198,1446,M,1954-07-29,44,1997-04-20,monthly,Karvina,north Moravia,1997-04-20,1998-12-31,100,440986.7,384452.0,21,56534.8,0,,0,0.0,
1214,1466,M,1953-08-22,45,1997-01-19,monthly,Most,north Bohemia,1997-01-19,1998-12-31,115,419218.9,366873.8,24,52345.1,0,,0,0.0,
1226,1479,M,1956-06-22,42,1996-10-23,monthly,Hl.m. Praha,Prague,1996-10-23,1998-12-31,125,177549.0,160598.6,27,16950.2,0,,0,0.0,
1265,1527,M,1934-12-18,64,1996-02-25,monthly,Semily,east Bohemia,1996-02-25,1998-12-31,159,234378.0,190933.4,35,43444.6,0,,0,0.0,
1266,1528,M,1964-03-20,34,1996-07-01,monthly,Hodonin,south Moravia,1996-07-01,1998-12-31,173,686486.6,634620.0,30,51866.6,0,,0,0.0,
1274,1537,M,1979-12-07,19,1996-08-19,weekly,Brno - mesto,south Moravia,1996-08-19,1998-12-31,177,1185618.7,1106393.8,29,79224.9,0,,0,0.0,
1287,1557,F,1959-12-14,39,1995-03-04,monthly,Jablonec n. Nisou,north Bohemia,1995-03-04,1998-12-31,353,1113370.5,1061829.6,46,51541.0,0,,0,0.0,
1356,1643,F,1976-04-17,22,1997-02-01,monthly,Most,north Bohemia,1997-02-01,1998-12-31,107,140384.9,126062.8,23,14322.2,0,,0,0.0,
1393,1686,F,1947-11-08,51,1996-11-24,monthly,Hl.m. Praha,Prague,1996-11-24,1998-12-31,123,243241.4,211092.0,26,32149.0,0,,0,0.0,
1412,1711,F,1962-06-14,36,1993-05-18,monthly,Zlin,south Moravia,1993-05-18,1998-12-31,511,1054093.1,1022226.2,68,31866.7,0,,0,0.0,
1419,1720,F,1934-02-24,64,1993-12-22,monthly,Decin,north Bohemia,1993-12-22,1998-12-31,308,368770.0,336778.0,61,31991.8,0,,0,0.0,
1440,1748,M,1976-12-31,22,1993-09-22,monthly,Zlin,south Moravia,1993-09-22,1998-12-31,466,258180.2,237418.8,64,20761.4,0,,0,0.0,
1464,1775,M,1943-12-08,55,1996-10-21,monthly,Opava,north Moravia,1996-10-21,1998-12-31,169,1443792.5,1401471.2,27,42321.1,0,,0,0.0,
1477,1790,M,1953-05-28,45,1993-02-08,monthly,Hl.m. Praha,Prague,1993-02-08,1998-12-31,345,229472.5,207753.6,71,21718.9,0,,0,0.0,
1514,1834,M,1927-02-19,71,1997-07-01,monthly,Melnik,central Bohemia,1997-07-01,1998-12-31,93,109188.7,88432.8,18,20755.8,0,,0,0.0,
1522,1846,M,1980-12-12,18,1997-08-02,monthly,Rychnov nad Kneznou,east Bohemia,1997-08-02,1998-12-31,79,134886.2,73925.2,17,60961.0,0,,0,0.0,
1529,1853,M,1965-08-18,33,1996-04-28,monthly,Hl.m. Praha,Prague,1996-04-28,1998-12-31,226,157878.7,140686.2,33,17192.5,0,,0,0.0,
1536,1862,F,1977-10-09,21,1993-01-22,weekly,Svitavy,east Bohemia,1993-01-22,1998-12-31,427,2194216.6,2124527.0,72,69689.5,0,,0,0.0,
1563,1895,F,1965-11-03,33,1996-08-14,monthly,Pardubice,east Bohemia,1996-08-14,1997-08-09,12,21700.0,11700.0,12,10000.0,0,,0,0.0,
1587,1923,F,1958-05-07,40,1996-12-11,monthly,Hl.m. Praha,Prague,1996-12-11,1998-12-31,105,405212.6,363126.0,25,42086.6,0,,0,0.0,
1610,1952,F,1971-03-09,27,1993-05-17,monthly,Usti nad Orlici,east Bohemia,1993-05-17,1998-12-31,408,1986576.2,1885239.2,68,101336.7,0,,0,0.0,
1614,1957,M,1972-03-04,26,1996-05-07,monthly,Vyskov,south Moravia,1996-05-07,1998-12-31,195,906515.3,802446.2,32,104068.8,0,,0,0.0,
1647,1997,F,1977-11-09,21,1997-07-09,monthly,Hl.m. Praha,Prague,1997-07-09,1998-12-31,118,138449.8,99474.2,18,38975.6,0,,0,0.0,
1667,2022,M,1939-11-12,59,1996-08-18,monthly,Breclav,south Moravia,1996-08-18,1998-12-31,129,162899.3,145115.8,29,17783.1,0,,0,0.0,
1668,2024,M,1934-04-15,64,1997-03-07,monthly,Uherske Hradiste,south Moravia,1997-03-07,1998-12-31,93,109630.7,95363.2,22,14267.4,0,,0,0.0,
1688,2049,M,1927-02-20,71,1993-02-27,monthly,Karvina,north Moravia,1993-02-27,1998-12-31,355,387700.8,353514.0,71,34186.6,0,,0,0.0,
1690,2053,M,1918-02-07,80,1995-10-07,monthly,Jindrichuv Hradec,south Bohemia,1995-10-07,1998-12-31,198,266828.6,234671.4,39,32156.7,0,,0,0.0,
2074,2515,M,1958-06-03,40,1996-02-18,monthly,Pribram,central Bohemia,1996-02-18,1998-12-31,208,866522.9,802323.4,35,64199.6,0,,0,0.0,
2076,2517,M,1924-09-09,74,1996-09-17,monthly,Pisek,south Bohemia,1996-09-17,1998-12-31,153,169654.9,153907.2,28,15747.3,0,,0,0.0,
2107,2551,F,1939-08-11,59,1996-11-09,monthly,Karvina,north Moravia,1996-11-09,1998-12-31,152,318286.2,272767.0,26,45519.1,0,,0,0.0,
2109,2553,M,1976-11-24,22,1996-02-02,monthly,Chomutov,north Bohemia,1996-02-02,1998-12-31,88,232620.4,128631.4,35,103989.4,0,,0,0.0,
2149,2600,F,1923-04-17,75,1996-08-11,monthly,Melnik,central Bohemia,1996-08-11,1998-12-31,128,157331.6,139689.8,29,17641.7,0,,0,0.0,
2210,2675,M,1924-01-22,74,1996-08-13,monthly,Tachov,west Bohemia,1996-08-13,1998-12-31,133,171652.9,120972.4,29,50680.1,0,,0,0.0,
2260,2736,F,1958-02-15,40,1994-06-07,monthly,Hl.m. Praha,Prague,1994-06-07,1998-12-31,281,535760.6,538585.1,55,-2824.5,0,,0,0.0,
2318,2805,M,1964-07-13,34,1993-11-08,monthly,Opava,north Moravia,1993-11-08,1998-12-31,536,1563124.0,1540798.2,62,22325.6,0,,0,0.0,
2323,2810,M,1971-07-28,27,1995-05-08,monthly,Olomouc,north Moravia,1995-05-08,1998-12-31,256,1087688.9,1010563.4,44,77125.0,0,,0,0.0,
2327,2814,F,1973-02-10,25,1993-06-08,monthly,Prachatice,south Bohemia,1993-06-08,1998-12-31,330,1165318.8,1139714.6,67,25603.9,0,,0,0.0,
2407,2908,M,1971-02-28,27,1996-07-21,monthly,Hl.m. Praha,Prague,1996-07-21,1998-12-31,159,357154.6,327958.4,30,29195.9,0,,0,0.0,
2436,2942,F,1966-06-03,32,1993-05-25,monthly,Bruntal,north Moravia,1993-05-25,1998-12-31,331,677052.4,599545.2,68,77506.6,0,,0,0.0,
2461,2972,M,1976-01-14,22,1997-09-28,monthly,Hl.m. Praha,Prague,1997-09-28,1998-12-31,67,74896.9,52410.6,16,22486.3,0,,0,0.0,
2505,3024,M,1929-03-08,69,1996-05-16,monthly,Prostejov,south Moravia,1996-05-16,1998-12-31,170,140139.2,112945.6,32,27193.4,0,,0,0.0,
2509,3029,M,1970-05-08,28,1997-06-13,monthly,Hradec Kralove,east Bohemia,1997-06-13,1998-12-31,158,949869.9,936810.6,19,13059.2,0,,0,0.0,
2510,3030,F,1976-05-10,22,1993-08-28,monthly,Frydek - Mistek,north Moravia,1993-08-28,1998-12-31,490,1405931.4,1329423.4,65,76507.7,0,,0,0.0,
2513,3035,M,1964-11-02,34,1993-07-22,monthly,Plzen - jih,west Bohemia,1993-07-22,1998-12-31,357,301854.1,285301.0,66,16552.8,0,,0,0.0,
2604,3142,M,1919-03-18,79,1996-07-04,monthly,Frydek - Mistek,north Moravia,1996-07-04,1998-12-31,146,188385.6,162305.0,30,26080.5,0,,0,0.0,
2615,3156,F,1954-11-02,44,1994-07-17,monthly,Frydek - Mistek,north Moravia,1994-07-17,1998-12-31,233,612254.2,549500.8,54,62753.3,0,,0,0.0,
3494,4222,M,1928-08-16,70,1996-07-22,monthly,Prostejov,south Moravia,1996-07-22,1998-12-31,126,178608.1,141045.4,30,37562.7,0,,0,0.0,
3495,4223,M,1970-05-30,28,1996-05-17,monthly,Brno - mesto,south Moravia,1996-05-17,1998-12-31,158,807746.0,722627.6,32,85118.1,0,,0,0.0,
3520,4250,F,1961-09-06,37,1995-06-04,monthly,Olomouc,north Moravia,1995-06-04,1998-12-31,200,790901.0,747483.8,43,43417.1,0,,0,0.0,
3536,4267,F,1936-04-21,62,1994-08-11,monthly,Karlovy Vary,west Bohemia,1994-08-11,1998-12-31,281,337308.3,320711.8,53,16596.4,0,,0,0.0,
3537,4269,F,1955-09-07,43,1997-08-22,monthly,Jicin,east Bohemia,1997-08-22,1998-12-31,113,135161.0,120851.6,17,14309.6,0,,0,0.0,
3553,4288,F,1946-03-08,52,1995-08-30,monthly,Karvina,north Moravia,1995-08-30,1998-12-31,177,677099.0,638511.0,41,38587.5,0,,0,0.0,
3555,4290,M,1947-03-09,51,1994-09-26,monthly,Ceska Lipa,north Bohemia,1994-09-26,1998-12-31,276,1185295.3,1137674.6,52,47620.2,0,,0,0.0,
3560,4296,M,1925-11-06,73,1996-11-10,monthly,Hodonin,south Moravia,1996-11-10,1998-12-31,106,127997.9,112702.0,26,15295.8,0,,0,0.0,
3566,4303,F,1978-03-05,20,1993-06-09,monthly,Tabor,south Bohemia,1993-06-09,1998-12-31,407,434504.4,402645.2,67,31858.4,0,,0,0.0,
3579,4317,F,1978-10-11,20,1994-09-02,monthly,Blansko,south Moravia,1994-09-02,1998-12-31,305,1376353.9,1299446.2,52,76907.5,0,,0,0.0,
3583,4323,M,1924-03-20,74,1995-02-03,monthly,Teplice,north Bohemia,1995-02-03,1998-12-31,226,255835.7,229505.2,47,26330.4,0,,0,0.0,
3604,4347,F,1926-06-20,72,1993-12-22,monthly,Brno - mesto,south Moravia,1993-12-22,1998-12-31,305,423540.5,378801.0,61,44739.4,0,,0,0.0,
3610,4355,F,1938-12-29,60,1997-09-22,monthly,Hl.m. Praha,Prague,1997-09-22,1998-12-31,67,65799.0,44311.0,16,21488.1,0,,0,0.0,
3620,4367,M,1982-03-30,16,1997-02-06,monthly,Ceske Budejovice,south Bohemia,1997-02-06,1998-12-31,110,124688.0,98342.0,23,26345.8,0,,0,0.0,
3636,4385,F,1972-10-02,26,1994-05-22,monthly,Tabor,south Bohemia,1994-05-22,1998-12-31,428,750797.8,686935.0,56,63862.5,0,,0,0.0,
3649,4400,F,1959-08-29,39,1993-05-14,monthly,Brno - mesto,south Moravia,1993-05-14,1998-12-31,455,1356435.5,1311741.2,68,44693.9,0,,0,0.0,
3655,4406,M,1954-11-01,44,1995-12-24,monthly,Hl.m. Praha,Prague,1995-12-24,1998-12-31,251,610037.5,571773.6,37,38264.0,0,,0,0.0,
3657,4408,M,1923-05-19,75,1997-09-19,monthly,Uherske Hradiste,south Moravia,1997-09-19,1998-12-31,60,85927.1,50476.0,16,35451.0,0,,0,0.0,
3659,4411,M,1950-01-02,48,1997-02-01,monthly,Brno - mesto,south Moravia,1997-02-01,1998-12-31,179,368656.2,280154.8,23,88501.3,0,,0,0.0,
3683,4440,M,1948-12-26,50,1993-08-13,monthly,Decin,north Bohemia,1993-08-13,1998-12-31,373,1644523.7,1584141.4,65,60381.6,0,,0,0.0,
3704,4466,F,1922-10-07,76,1993-01-24,monthly,Prerov,north Moravia,1993-01-24,1998-12-31,369,451227.7,408505.6,72,42721.8,0,,0,0.0,
4,6,M,1919-09-22,79,1996-02-21,monthly,Pribram,central Bohemia,1996-02-21,1998-12-31,186,192346.0,158625.4,35,33720.7,0,,0,0.0,
23,29,F,1951-09-11,47,1993-05-22,monthly,Sokolov,west Bohemia,1993-05-22,1998-12-31,370,1639480.8,1556379.2,68,83101.2,0,,0,0.0,
24,30,F,1957-10-09,41,1996-12-05,monthly,Ostrava - mesto,north Moravia,1996-12-05,1998-12-31,140,354856.6,333274.0,25,21582.5,0,,0,0.0,
40,48,M,1940-02-09,58,1993-10-25,monthly,Jindrichuv Hradec,south Bohemia,1993-10-25,1998-12-31,366,464908.7,441204.2,63,23704.0,0,,0,0.0,
45,53,M,1977-05-05,21,1997-09-02,monthly,Zlin,south Moravia,1997-09-02,1998-12-31,69,79639.3,53760.6,16,25878.4,0,,0,0.0,
56,65,F,1943-05-27,55,1994-05-16,monthly,Svitavy,east Bohemia,1994-05-16,1998-12-31,293,909738.4,852170.0,56,57568.1,0,,0,0.0,
72,85,M,1961-08-27,37,1996-06-20,weekly,Hl.m. Praha,Prague,1996-06-20,1998-12-31,242,1654840.5,1632504.0,31,22336.3,0,,0,0.0,
120,144,M,1958-12-06,40,1995-06-16,weekly,Znojmo,south Moravia,1995-06-16,1998-12-31,245,1076825.9,1050990.0,43,25835.8,0,,0,0.0,
136,163,M,1933-06-12,65,1996-05-14,monthly,Ostrava - mesto,north Moravia,1996-05-14,1998-12-31,152,200856.7,173761.6,32,27095.2,0,,0,0.0,
171,207,M,1932-05-20,66,1996-06-08,monthly,Nachod,east Bohemia,1996-06-08,1998-12-31,153,188845.7,173251.6,31,15593.7,0,,0,0.0,
193,233,F,1958-12-03,40,1996-12-22,monthly,Jesenik,north Moravia,1996-12-22,1998-12-31,123,290761.2,265557.4,25,25203.7,0,,0,0.0,
206,248,F,1969-12-12,29,1995-04-08,monthly,Trebic,south Moravia,1995-04-08,1998-12-31,256,295752.2,260344.0,45,35408.0,0,,0,0.0,
234,282,F,1938-02-24,60,1993-07-15,monthly,Opava,north Moravia,1993-07-15,1998-12-31,320,382607.5,366656.0,66,15951.3,0,,0,0.0,
265,319,F,1929-04-04,69,1996-07-05,monthly,Prachatice,south Bohemia,1996-07-05,1998-12-31,149,186703.1,165945.0,30,20758.0,0,,0,0.0,
283,343,M,1919-11-19,79,1996-04-18,monthly,Chrudim,east Bohemia,1996-04-18,1998-12-31,148,158320.2,130248.2,33,28071.7,0,,0,0.0,
284,344,F,1963-07-16,35,1997-07-18,monthly,Brno - mesto,south Moravia,1997-07-18,1998-12-31,91,386552.0,355829.2,18,30722.9,0,,0,0.0,
292,354,F,1922-04-27,76,1997-02-26,monthly,Semily,east Bohemia,1997-02-26,1998-12-31,93,104994.8,84680.2,23,20314.7,0,,0,0.0,
295,359,M,1970-02-16,28,1997-11-23,monthly,Zdar nad Sazavou,south Moravia,1997-11-23,1998-12-31,64,306062.9,275792.8,14,30270.0,0,,0,0.0,
315,385,M,1948-03-24,50,1997-12-08,monthly,Jicin,east Bohemia,1997-12-08,1998-12-03,11,26200.0,11200.0,11,15000.0,0,,0,0.0,
345,422,M,1946-12-07,52,1993-11-20,monthly,Jesenik,north Moravia,1993-11-20,1998-12-31,361,1129966.1,1047081.6,62,82884.4,0,,0,0.0,
382,462,M,1970-12-21,28,1996-08-16,monthly,Ceske Budejovice,south Bohemia,1996-08-16,1998-12-31,158,98602.7,70500.8,29,28102.1,0,,0,0.0,
398,481,M,1927-01-22,71,1997-10-24,monthly,Jesenik,north Moravia,1997-10-24,1998-12-31,58,68820.0,54661.4,15,14158.5,0,,0,0.0,
425,511,M,1959-02-18,39,1993-03-19,monthly,Nymburk,central Bohemia,1993-03-19,1998-12-31,528,534759.9,502740.4,70,32019.7,0,,0,0.0,
832,1002,F,1944-03-08,54,1996-05-24,monthly,Havlickuv Brod,east Bohemia,1996-05-24,1998-12-31,142,101547.0,82314.6,32,19232.1,0,,0,0.0,
866,1044,F,1971-09-13,27,1993-01-10,monthly,Nymburk,central Bohemia,1993-01-10,1998-12-31,628,1019249.6,958695.2,72,60553.8,0,,0,0.0,
879,1058,F,1975-08-01,23,1997-06-04,monthly,Nymburk,central Bohemia,1997-06-04,1998-12-31,79,61134.9,45150.4,19,15984.2,0,,0,0.0,
889,1071,M,1925-01-25,73,1997-12-22,monthly,Hradec Kralove,east Bohemia,1997-12-22,1998-12-31,49,60795.0,35638.2,13,25156.8,0,,0,0.0,
900,1083,M,1937-12-15,61,1994-04-26,monthly,Rychnov nad Kneznou,east Bohemia,1994-04-26,1998-12-31,296,565332.2,542484.6,57,22847.4,0,,0,0.0,
912,1099,F,1979-11-21,19,1997-04-27,monthly,Znojmo,south Moravia,1997-04-27,1998-12-31,87,71631.5,52929.0,21,18702.5,0,,0,0.0,
920,1109,F,1931-09-01,67,1996-09-05,monthly,Jihlava,south Moravia,1996-09-05,1998-12-31,140,151510.6,135983.8,28,15526.7,0,,0,0.0,
951,1147,M,1930-05-12,68,1996-04-28,monthly,Beroun,central Bohemia,1996-04-28,1998-12-31,147,146720.2,126422.2,33,20298.0,0,,0,0.0,
968,1166,M,1959-06-27,39,1995-11-11,monthly,Ostrava - mesto,north Moravia,1995-11-11,1998-12-31,200,461388.0,433093.2,38,28294.5,0,,0,0.0,
982,1183,M,1942-11-29,56,1993-02-05,monthly,Brno - mesto,south Moravia,1993-02-05,1998-12-31,599,462134.0,440974.6,71,21159.1,0,,0,0.0,
985,1187,F,1961-09-06,37,1994-05-29,monthly,Ceska Lipa,north Bohemia,1994-05-29,1998-12-31,259,188598.5,167707.0,56,20891.5,0,,0,0.0,
1050,1260,F,1945-01-03,53,1993-02-24,after_transaction,Hodonin,south Moravia,1993-02-24,1998-12-31,421,1955137.7,1851410.0,71,103727.5,0,,0,0.0,
1062,1275,F,1951-10-10,47,1993-07-11,monthly,Hl.m. Praha,Prague,1993-07-11,1998-12-31,360,1647885.0,1617860.0,66,30024.8,0,,0,0.0,
1063,1276,F,1942-04-26,56,1996-09-19,monthly,Frydek - Mistek,north Moravia,1996-09-19,1998-12-31,125,253421.3,164121.2,28,89299.9,0,,0,0.0,
1073,1288,M,1972-05-20,26,1994-02-27,monthly,Opava,north Moravia,1994-02-27,1998-12-31,337,566749.0,470815.8,59,95933.1,0,,0,0.0,
1081,1297,F,1918-01-28,80,1996-12-21,monthly,Zlin,south Moravia,1996-12-21,1998-12-31,103,110881.8,82153.4,25,28728.5,0,,0,0.0,
1090,1308,M,1954-02-18,44,1996-10-19,monthly,Jesenik,north Moravia,1996-10-19,1998-12-31,144,217475.2,169680.6,27,47794.5,0,,0,0.0,
1173,1413,F,1969-07-16,29,1996-09-22,monthly,Praha - zapad,central Bohemia,1996-09-22,1998-12-31,144,95009.1,85387.2,28,9621.5,0,,0,0.0,
1177,1417,F,1966-11-12,32,1997-12-20,monthly,Plzen - jih,west Bohemia,1997-12-20,1998-12-31,68,270468.9,230983.2,13,39485.6,0,,0,0.0,
1179,1419,F,1918-01-25,80,1993-01-23,monthly,Ostrava - mesto,north Moravia,1993-01-23,1998-12-31,332,304830.1,287251.6,72,17578.3,0,,0,0.0,
1212,1463,F,1936-01-26,62,1995-12-18,monthly,Karvina,north Moravia,1995-12-18,1998-12-31,169,251454.4,234752.6,37,16701.7,0,,0,0.0,
1213,1464,F,1928-04-01,70,1996-05-08,monthly,Liberec,north Bohemia,1996-05-08,1998-12-31,148,159707.6,132512.2,32,27195.3,0,,0,0.0,
2533,3058,F,1943-09-29,55,1995-06-27,monthly,Semily,east Bohemia,1995-06-27,1998-12-31,207,297056.6,248640.2,43,48416.1,0,,0,0.0,
2535,3060,M,1960-05-18,38,1997-01-21,monthly,Trebic,south Moravia,1997-01-21,1998-12-31,162,381745.6,357006.8,24,24738.7,0,,0,0.0,
2548,3076,F,1962-11-17,36,1996-01-06,monthly,Hodonin,south Moravia,1996-01-06,1998-12-31,165,254334.4,222532.6,36,31801.8,0,,0,0.0,
2549,3077,F,1934-02-24,64,1993-11-12,monthly,Svitavy,east Bohemia,1993-11-12,1998-12-31,335,403312.5,346777.2,62,56535.4,0,,0,0.0,
2567,3098,M,1938-06-23,60,1996-01-07,monthly,Pelhrimov,south Bohemia,1996-01-07,1998-12-31,170,154405.4,130426.6,36,23978.5,0,,0,0.0,
2568,3099,M,1965-11-13,33,1994-03-02,monthly,Pelhrimov,south Bohemia,1994-03-02,1998-12-31,445,1458682.4,1390939.8,58,67742.3,0,,0,0.0,
2574,3105,M,1947-08-17,51,1993-02-02,monthly,Frydek - Mistek,north Moravia,1993-02-02,1998-12-31,419,1250422.8,1141699.6,71,108722.9,0,,0,0.0,
2577,3109,F,1932-04-21,66,1995-07-30,monthly,Melnik,central Bohemia,1995-07-30,1998-12-31,197,248139.8,224614.6,42,23525.2,0,,0,0.0,
2645,3191,F,1975-11-05,23,1993-05-22,monthly,Breclav,south Moravia,1993-05-22,1998-12-31,555,884901.9,850309.2,68,34591.9,0,,0,0.0,
2647,3193,F,1950-02-22,48,1993-02-08,monthly,Plzen - sever,west Bohemia,1993-02-08,1998-12-31,427,1081862.0,977061.6,71,104800.1,0,,0,0.0,
2662,3214,M,1922-05-12,76,1994-05-24,monthly,Novy Jicin,north Moravia,1994-05-24,1998-12-31,257,307687.4,278290.0,56,29397.3,0,,0,0.0,
2685,3240,F,1937-12-10,61,1996-11-01,monthly,Bruntal,north Moravia,1996-11-01,1998-12-31,108,124482.2,97858.6,26,26623.7,0,,0,0.0,
2690,3246,M,1931-04-20,67,1997-03-19,monthly,Zdar nad Sazavou,south Moravia,1997-03-19,1998-12-31,103,141694.8,118952.6,22,22742.0,0,,0,0.0,
2691,3247,F,1958-04-21,40,1993-09-08,monthly,Jesenik,north Moravia,1993-09-08,1998-09-12,103,59598.2,47400.0,59,12197.9,0,,0,0.0,
2712,3272,F,1920-07-18,78,1993-03-12,monthly,Nymburk,central Bohemia,1993-03-12,1998-12-31,359,463380.5,444948.4,70,18431.1,0,,0,0.0,
2723,3289,F,1977-06-09,21,1995-03-12,monthly,Prerov,north Moravia,1995-03-12,1998-12-31,253,468479.7,437324.6,46,31154.8,0,,0,0.0,
2737,3304,M,1939-08-31,59,1996-07-06,monthly,Jesenik,north Moravia,1996-07-06,1998-12-31,170,632865.2,572041.0,30,60823.9,0,,0,0.0,
2747,3316,F,1947-12-15,51,1994-08-14,monthly,Hl.m. Praha,Prague,1994-08-14,1998-12-31,246,348190.3,313834.2,53,34355.7,0,,0,0.0,
2758,3331,F,1970-02-05,28,1993-05-19,monthly,Karvina,north Moravia,1993-05-19,1998-12-31,397,674024.0,606689.2,68,67334.5,0,,0,0.0,
2777,3354,F,1943-10-28,55,1996-12-25,monthly,Uherske Hradiste,south Moravia,1996-12-25,1998-11-15,23,44100.0,17500.0,23,26600.0,0,,0,0.0,
2781,3358,M,1975-10-07,23,1995-06-20,monthly,Jindrichuv Hradec,south Bohemia,1995-06-20,1998-12-31,269,374493.9,316334.0,43,58159.7,0,,0,0.0,
3784,4562,M,1965-10-11,33,1996-01-22,monthly,Klatovy,west Bohemia,1996-01-22,1998-12-31,226,334000.8,294988.0,36,39012.4,0,,0,0.0,
3814,4596,F,1973-08-31,25,1995-12-27,monthly,Ostrava - mesto,north Moravia,1995-12-27,1997-10-17,23,32400.0,21600.0,23,10800.0,0,,0,0.0,
3856,4649,F,1928-06-25,70,1996-12-03,monthly,Jicin,east Bohemia,1996-12-03,1998-12-31,118,125358.7,111422.0,25,13936.1,0,,0,0.0,
3863,4657,M,1941-09-13,57,1993-09-14,monthly,Cesky Krumlov,south Bohemia,1993-09-14,1998-12-31,356,926640.5,898238.8,64,28401.8,0,,0,0.0,
3882,4679,M,1948-01-31,50,1993-07-09,monthly,Strakonice,south Bohemia,1993-07-09,1998-12-31,566,285097.7,251284.6,66,33812.9,0,,0,0.0,
3896,4698,M,1963-03-31,35,1995-08-17,monthly,Jicin,east Bohemia,1995-08-17,1998-12-31,260,1487650.8,1418949.0,41,68701.4,0,,0,0.0,
3934,4744,M,1929-12-18,69,1997-12-23,monthly,Kutna Hora,central Bohemia,1997-12-23,1998-12-31,45,77804.0,56970.2,13,20833.6,0,,0,0.0,
3943,4755,F,1954-09-05,44,1996-03-06,monthly,Novy Jicin,north Moravia,1996-03-06,1998-12-31,154,101663.7,83231.4,34,18431.8,0,,0,0.0,
3962,4780,F,1972-02-01,26,1996-12-13,monthly,Brno - mesto,south Moravia,1996-12-13,1998-12-03,25,39100.0,37100.0,25,2000.0,0,,0,0.0,
4093,4930,M,1981-07-30,17,1993-03-25,monthly,Hl.m. Praha,Prague,1993-03-25,1998-12-31,316,414802.2,395949.0,70,18853.0,0,,0,0.0,
4237,5107,F,1947-10-06,51,1993-11-29,monthly,Svitavy,east Bohemia,1993-11-29,1998-11-30,267,1863689.1,1834605.2,61,29083.8,0,,0,0.0,
4347,5237,M,1977-08-03,21,1993-03-27,monthly,Hl.m. Praha,Prague,1993-03-27,1998-12-31,349,458585.7,432949.0,70,25636.6,0,,0,0.0,
4445,5362,M,1939-12-09,59,1997-08-07,monthly,Pardubice,east Bohemia,1997-08-07,1998-12-31,75,224321.3,191360.6,17,32960.7,0,,0,0.0,
5369,6481,F,1958-12-24,40,1993-02-25,monthly,Hl.m. Praha,Prague,1993-02-25,1998-12-31,358,483512.2,486805.0,71,-3292.8,0,,0,0.0,
5423,6546,F,1963-08-22,35,1993-05-02,monthly,Hl.m. Praha,Prague,1993-05-02,1998-12-31,516,1988996.6,1974991.6,67,14005.0,0,,0,0.0,
1051,1262,M,1952-04-03,46,1993-10-21,monthly,Jablonec n. Nisou,north Bohemia,1993-10-21,1998-12-31,296,890523.7,870132.2,63,20391.4,0,,0,0.0,
1054,1266,F,1952-11-24,46,1993-02-19,monthly,Novy Jicin,north Moravia,1993-02-19,1998-12-31,403,763623.8,739205.0,71,24418.3,0,,0,0.0,
1055,1267,F,1954-02-11,44,1996-12-12,monthly,Rokycany,west Bohemia,1996-12-12,1998-12-31,101,75743.3,56187.4,25,19555.7,0,,0,0.0,
1076,1291,F,1964-04-18,34,1994-10-30,monthly,Hl.m. Praha,Prague,1994-10-30,1998-12-31,335,699750.0,616112.0,51,83637.5,0,,0,0.0,
1091,1309,M,1975-06-17,23,1993-09-09,monthly,Hl.m. Praha,Prague,1993-09-09,1998-12-12,105,117719.4,26200.0,63,91520.6,0,,0,0.0,
1139,1370,F,1965-01-11,33,1996-01-20,after_transaction,Chomutov,north Bohemia,1996-01-20,1998-12-31,266,1505193.8,1415749.0,36,89444.7,0,,0,0.0,
1157,1391,M,1965-11-22,33,1993-03-27,monthly,Usti nad Labem,north Bohemia,1993-03-27,1998-12-31,326,450324.3,418734.4,70,31589.6,0,,0,0.0,
1158,1392,M,1932-02-06,66,1994-04-03,monthly,Svitavy,east Bohemia,1994-04-03,1998-12-31,310,369293.0,327641.2,57,41651.4,0,,0,0.0,
1161,1397,F,1921-12-25,77,1993-05-08,monthly,Zdar nad Sazavou,south Moravia,1993-05-08,1998-12-31,322,409572.9,367727.8,68,41844.4,0,,0,0.0,
1169,1408,M,1969-08-07,29,1994-03-02,after_transaction,Semily,east Bohemia,1994-03-02,1998-12-31,424,2092917.4,1994657.0,58,98260.2,0,,0,0.0,
1189,1433,F,1959-07-10,39,1993-03-19,monthly,Olomouc,north Moravia,1993-03-19,1998-12-31,404,243823.5,212436.4,70,31386.4,0,,0,0.0,
1190,1435,M,1953-06-25,45,1996-09-09,monthly,Usti nad Orlici,east Bohemia,1996-09-09,1998-12-31,144,392131.6,368348.2,28,23783.2,0,,0,0.0,
8153,10070,M,1974-04-23,24,1997-07-02,monthly,Nymburk,central Bohemia,1997-07-02,1998-12-31,135,966651.6,893687.2,18,72964.2,0,,0,0.0,
8998,11083,M,1953-10-17,45,1995-05-24,monthly,Trebic,south Moravia,1995-05-24,1998-12-04,208,912479.3,923025.8,43,-10546.5,0,,0,0.0,
11320,13915,M,1974-11-23,24,1993-05-26,monthly,Vsetin,north Moravia,1993-05-26,1998-12-07,364,1276943.7,1241649.4,68,35293.6,0,,0,0.0,
11333,13931,M,1942-01-01,56,1994-05-26,monthly,Mlada Boleslav,central Bohemia,1994-05-26,1998-12-31,368,1677057.6,1618737.9,56,58319.0,0,,0,0.0,
9041,11136,F,1944-07-27,54,1993-08-03,monthly,Beroun,central Bohemia,1993-08-03,1998-12-31,427,2191109.6,2188845.8,65,2307.3,0,,0,0.0,
934,1125,F,1934-03-30,64,1997-11-27,monthly,Nymburk,central Bohemia,1997-11-27,1998-12-31,45,79639.6,45224.8,14,34414.6,0,,0,0.0,
936,1128,M,1930-07-16,68,1996-03-02,monthly,Melnik,central Bohemia,1996-03-02,1998-12-31,184,156298.2,133413.4,34,22884.6,0,,0,0.0,
1033,1240,F,1976-08-24,22,1997-08-05,monthly,Ceska Lipa,north Bohemia,1997-08-05,1998-11-28,26,56532.0,38400.0,16,18131.9,0,,0,0.0,
1045,1254,F,1939-08-31,59,1996-05-09,monthly,Beroun,central Bohemia,1996-05-09,1998-12-31,170,205979.3,188414.2,32,17564.8,0,,0,0.0,
1060,1273,M,1978-06-15,20,1996-10-20,monthly,Kutna Hora,central Bohemia,1996-10-20,1998-10-03,39,146148.6,130300.0,23,15848.2,0,,0,0.0,
1078,1293,M,1927-01-29,71,1996-07-12,monthly,Hl.m. Praha,Prague,1996-07-12,1998-12-31,148,205145.3,176000.0,30,29144.9,0,,0,0.0,
1135,1364,M,1933-12-28,65,1995-07-17,monthly,Hl.m. Praha,Prague,1995-07-17,1998-12-31,210,214384.4,167480.6,42,46903.4,0,,0,0.0,
1136,1366,F,1980-03-02,18,1993-08-07,monthly,Pribram,central Bohemia,1993-08-07,1998-12-31,438,2185193.4,2110005.0,65,75188.3,0,,0,0.0,
1193,1439,M,1974-09-10,24,1994-01-05,monthly,Rokycany,west Bohemia,1994-01-05,1998-12-31,324,959259.6,927967.0,60,31292.2,0,,0,0.0,
1196,1443,M,1935-01-25,63,1996-01-16,monthly,Rokycany,west Bohemia,1996-01-16,1998-12-31,194,1272536.3,1203922.8,36,68613.2,0,,0,0.0,
1199,1448,F,1957-10-09,41,1997-03-18,monthly,Svitavy,east Bohemia,1997-03-18,1998-12-31,127,151676.1,108723.6,22,42952.4,0,,0,0.0,
1215,1467,M,1924-09-30,74,1997-03-04,monthly,Znojmo,south Moravia,1997-03-04,1998-12-31,99,118621.3,86462.2,22,32159.2,0,,0,0.0,
1231,1485,M,1978-05-14,20,1994-01-18,monthly,Melnik,central Bohemia,1994-01-18,1998-12-31,327,1128373.9,1064638.4,60,63735.2,0,,0,0.0,
1263,1524,F,1962-01-13,36,1996-01-09,weekly,Sokolov,west Bohemia,1996-01-09,1998-12-31,193,1197147.3,1123563.0,36,73584.3,0,,0,0.0,
1271,1534,F,1952-12-22,46,1996-06-18,monthly,Pelhrimov,south Bohemia,1996-06-18,1998-12-31,164,247902.6,228033.0,31,19869.8,0,,0,0.0,
1306,1580,F,1968-06-18,30,1995-03-22,monthly,Hl.m. Praha,Prague,1995-03-22,1998-12-31,346,851295.7,811957.0,46,39338.4,0,,0,0.0,
1315,1590,F,1940-08-10,58,1995-04-17,monthly,Rakovnik,central Bohemia,1995-04-17,1998-12-31,335,499007.8,478969.4,45,20038.2,0,,0,0.0,
1320,1596,F,1978-10-22,20,1996-11-18,monthly,Jihlava,south Moravia,1996-11-18,1998-12-31,186,380178.0,341652.0,26,38526.1,0,,0,0.0,
1323,1599,M,1964-10-08,34,1996-05-20,monthly,Hradec Kralove,east Bohemia,1996-05-20,1998-12-31,175,722781.2,646879.6,32,75901.5,0,,0,0.0,
1334,1615,F,1952-04-28,46,1993-05-14,monthly,Ostrava - mesto,north Moravia,1993-05-14,1998-12-31,327,438774.4,419205.2,68,19569.2,0,,0,0.0,
1340,1622,M,1950-10-12,48,1997-10-28,monthly,Usti nad Orlici,east Bohemia,1997-10-28,1998-12-31,87,77798.0,54279.4,15,23518.5,0,,0,0.0,
1350,1637,M,1943-10-20,55,1996-08-25,weekly,Tabor,south Bohemia,1996-08-25,1998-12-31,146,685904.2,631325.0,29,54579.3,0,,0,0.0,
1367,1655,M,1972-02-04,26,1996-08-20,monthly,Ostrava - mesto,north Moravia,1996-08-20,1998-12-31,224,375952.3,351430.8,29,24521.2,0,,0,0.0,
479,577,F,1963-12-05,35,1995-11-05,monthly,Hl.m. Praha,Prague,1995-11-05,1998-12-31,170,117405.1,106499.2,38,10905.8,0,,0,0.0,
480,578,F,1977-07-07,21,1997-01-21,monthly,Cheb,west Bohemia,1997-01-21,1998-12-31,120,611948.9,581295.8,24,30653.1,0,,0,0.0,
485,583,F,1965-01-01,33,1993-01-04,after_transaction,Prerov,north Moravia,1993-01-04,1998-12-31,605,2813244.1,2734191.0,72,79053.2,0,,0,0.0,
522,627,M,1972-04-11,26,1995-12-20,monthly,Pelhrimov,south Bohemia,1995-12-20,1998-12-31,225,436402.8,409816.6,37,26586.2,0,,0,0.0,
536,645,M,1925-12-21,73,1996-10-13,monthly,Ceske Budejovice,south Bohemia,1996-10-13,1998-12-31,137,133178.6,106807.6,27,26370.8,0,,0,0.0,
560,673,M,1939-10-29,59,1995-08-20,monthly,Liberec,north Bohemia,1995-08-20,1998-12-31,231,454595.4,424999.0,41,29596.5,0,,0,0.0,
617,741,M,1941-07-09,57,1996-08-23,monthly,Ostrava - mesto,north Moravia,1996-08-23,1998-12-31,160,804849.8,789672.8,29,15177.1,0,,0,0.0,
620,744,M,1940-07-18,58,1996-02-18,monthly,Plzen - mesto,west Bohemia,1996-02-18,1998-12-04,35,47700.0,35600.0,35,12100.0,0,,0,0.0,
636,763,F,1927-08-24,71,1997-04-24,monthly,Prerov,north Moravia,1997-04-24,1998-12-31,83,93676.2,79525.0,21,14151.0,0,,0,0.0,
677,813,M,1964-01-29,34,1997-09-13,monthly,Karvina,north Moravia,1997-09-13,1998-12-31,62,367079.0,320146.0,16,46933.0,0,,0,0.0,
687,824,M,1952-09-05,46,1996-06-02,monthly,Plzen - jih,west Bohemia,1996-06-02,1998-12-31,191,437421.3,417431.6,31,19989.6,0,,0,0.0,
733,880,M,1960-02-17,38,1995-05-17,weekly,Semily,east Bohemia,1995-05-17,1998-12-31,274,2010457.1,1926057.0,44,84400.0,0,,0,0.0,
745,893,F,1935-10-23,63,1997-10-09,monthly,Hradec Kralove,east Bohemia,1997-10-09,1998-12-31,64,73373.8,47951.0,15,25422.9,0,,0,0.0,
786,940,M,1960-08-11,38,1995-08-12,monthly,Blansko,south Moravia,1995-08-12,1998-12-31,270,773359.9,707119.0,41,66240.6,0,,0,0.0,
829,997,M,1950-11-11,48,1996-11-10,monthly,Kromeriz,south Moravia,1996-11-10,1998-12-31,106,85644.6,54326.6,26,31317.7,0,,0,0.0,
836,1006,F,1942-06-28,56,1996-07-28,monthly,Nachod,east Bohemia,1996-07-28,1998-12-31,164,242618.1,194205.4,30,48412.4,0,,0,0.0,
918,1107,M,1961-04-26,37,1996-08-23,monthly,Prostejov,south Moravia,1996-08-23,1998-12-31,128,466743.5,427577.0,29,39166.3,0,,0,0.0,
933,1124,M,1928-04-12,70,1995-11-18,monthly,Tabor,south Bohemia,1995-11-18,1998-12-31,192,248568.2,217355.2,38,31212.6,0,,0,0.0,
939,1131,F,1947-10-28,51,1994-10-04,monthly,Brno - venkov,south Moravia,1994-10-04,1998-12-31,246,166102.1,144927.6,51,21174.0,0,,0,0.0,
952,1148,M,1941-05-15,57,1997-11-09,monthly,Usti nad Labem,north Bohemia,1997-11-09,1998-12-31,64,173197.7,118030.8,14,55167.0,0,,0,0.0,
977,1178,F,1971-10-04,27,1993-04-26,monthly,Hl.m. Praha,Prague,1993-04-26,1998-12-31,398,1122417.9,1022737.8,69,99679.7,0,,0,0.0,
997,1201,M,1945-09-10,53,1997-05-08,monthly,Brno - mesto,south Moravia,1997-05-08,1998-12-31,148,97673.4,75134.4,20,22539.0,0,,0,0.0,
2062,2501,F,1940-12-04,58,1996-03-06,monthly,Karvina,north Moravia,1996-03-06,1998-12-31,269,1604925.7,1569120.4,34,35804.7,1,classic,1,86184.0,A
8625,10636,M,1971-08-03,27,1993-11-10,monthly,Zlin,south Moravia,1993-11-10,1998-12-31,549,3180050.7,3151976.6,62,28073.3,1,classic,1,47304.0,A
10297,12662,M,1953-06-01,45,1996-01-19,monthly,Ceske Budejovice,south Bohemia,1996-01-19,1998-12-31,228,898201.9,820515.0,36,77686.6,1,classic,1,421008.0,C
10738,13201,M,1937-05-17,61,1993-04-17,weekly,Tachov,west Bohemia,1993-04-17,1998-12-31,550,2573205.1,2518217.0,69,54987.6,1,classic,1,115992.0,A
11186,13750,F,1980-11-13,18,1994-11-24,monthly,Pribram,central Bohemia,1994-11-24,1998-12-31,339,2153618.6,2068839.8,50,84779.6,1,junior,1,392460.0,C
2116,2560,F,1974-06-20,24,1996-05-02,monthly,Karvina,north Moravia,1996-05-02,1998-12-31,224,835810.0,806001.4,32,29807.9,1,classic,1,92400.0,A
4585,5526,M,1947-03-19,51,1996-06-08,monthly,Plzen - jih,west Bohemia,1996-06-08,1998-12-31,194,461314.0,409197.0,31,52116.8,1,classic,1,64656.0,C
10361,12750,F,1940-05-25,58,1996-06-21,monthly,Tabor,south Bohemia,1996-06-21,1998-12-31,160,1416767.0,1403353.0,31,13413.9,1,classic,1,86880.0,A
10439,12843,M,1953-05-05,45,1993-11-21,monthly,Zdar nad Sazavou,south Moravia,1993-11-21,1998-12-31,421,2553804.2,2457062.6,62,96741.4,1,gold,1,151560.0,A
993,1197,F,1966-10-02,32,1996-11-14,monthly,Kutna Hora,central Bohemia,1996-11-14,1998-12-31,105,646332.1,541918.8,26,104413.0,1,classic,1,108720.0,C
960,1157,F,1958-12-30,40,1994-11-02,after_transaction,Kladno,central Bohemia,1994-11-02,1998-12-31,369,2232897.1,2154411.0,50,78486.1,1,classic,1,189060.0,C
844,1018,M,1945-02-28,53,1994-04-28,monthly,Blansko,south Moravia,1994-04-28,1998-12-31,375,2864781.8,2803032.6,57,61749.0,1,classic,0,0.0,
845,1019,F,1946-12-22,52,1997-12-27,monthly,Ceske Budejovice,south Bohemia,1997-12-27,1998-12-31,56,326268.8,253010.2,13,73258.5,1,classic,0,0.0,
862,1039,F,1980-10-11,18,1993-02-02,weekly,Karvina,north Moravia,1993-02-02,1998-12-31,446,3438700.9,3335646.0,71,103054.3,1,junior,0,0.0,
871,1049,M,1942-11-11,56,1996-09-02,monthly,Hl.m. Praha,Prague,1996-09-02,1998-12-31,145,767530.7,748907.8,28,18622.8,1,classic,0,0.0,
1037,1244,M,1964-05-02,34,1997-02-18,monthly,Hl.m. Praha,Prague,1997-02-18,1998-12-31,171,441384.4,379726.2,23,61658.3,1,classic,0,0.0,
1903,2312,F,1975-02-15,23,1996-07-05,monthly,Praha - zapad,central Bohemia,1996-07-05,1998-12-31,193,165080.9,102985.0,30,62095.5,1,classic,0,0.0,
1924,2335,F,1934-03-28,64,1996-05-16,monthly,Zdar nad Sazavou,south Moravia,1996-05-16,1998-12-31,130,168248.4,98341.6,32,69906.8,1,classic,0,0.0,
2041,2478,F,1940-05-24,58,1995-07-05,monthly,Rychnov nad Kneznou,east Bohemia,1995-07-05,1998-12-31,200,268174.3,210260.2,42,57914.0,1,classic,0,0.0,
3757,4533,M,1980-01-29,18,1997-09-24,monthly,Zlin,south Moravia,1997-09-24,1998-12-31,109,490168.6,456899.0,16,33269.4,1,junior,0,0.0,
3883,4680,F,1979-05-24,19,1993-03-15,monthly,Olomouc,north Moravia,1993-03-15,1998-12-31,438,501229.5,454778.2,70,46451.1,1,junior,0,0.0,
68,79,F,1969-03-10,29,1994-12-20,after_transaction,Litomerice,north Bohemia,1994-12-20,1998-12-31,424,1871323.5,1774206.0,49,97117.5,1,gold,0,0.0,
223,268,F,1982-05-02,16,1995-06-13,monthly,Most,north Bohemia,1995-06-13,1998-12-31,126,326757.3,301777.4,43,24979.7,1,junior,0,0.0,
294,358,F,1959-06-26,39,1997-01-05,monthly,Melnik,central Bohemia,1997-01-05,1998-12-31,176,405354.6,337849.8,24,67504.6,1,classic,0,0.0,
377,457,M,1950-09-26,48,1994-08-19,monthly,Karvina,north Moravia,1994-08-19,1998-12-31,332,2217259.9,2112730.6,53,104528.8,1,classic,0,0.0,
541,652,M,1938-12-08,60,1993-08-12,monthly,Trebic,south Moravia,1993-08-12,1998-12-31,481,1407444.3,1387265.4,65,20178.9,1,classic,0,0.0,
998,1202,F,1980-10-11,18,1993-11-11,monthly,Pardubice,east Bohemia,1993-11-11,1998-12-31,341,1672869.5,1650489.2,62,22380.5,1,junior,0,0.0,
1023,1228,F,1949-08-28,49,1993-08-13,monthly,Tabor,south Bohemia,1993-08-13,1998-12-31,280,1282894.2,1241601.4,65,41292.1,1,classic,0,0.0,
1067,1280,M,1952-05-08,46,1996-09-10,monthly,Chomutov,north Bohemia,1996-09-10,1998-12-31,187,1458793.3,1386825.4,28,71967.6,1,classic,0,0.0,
1330,1610,F,1942-04-23,56,1996-10-22,monthly,Frydek - Mistek,north Moravia,1996-10-22,1998-12-31,152,1060861.6,1034701.9,27,26159.4,1,classic,0,0.0,
1379,1669,M,1952-10-25,46,1997-10-01,monthly,Pardubice,east Bohemia,1997-10-01,1998-12-31,69,182303.2,134476.0,15,47827.3,1,classic,0,0.0,
1453,1762,M,1956-12-30,42,1993-09-25,weekly,Trebic,south Moravia,1993-09-25,1998-12-31,434,3007711.6,2967788.0,64,39923.7,1,classic,0,0.0,
2200,2662,M,1978-08-29,20,1997-06-26,monthly,Hl.m. Praha,Prague,1997-06-26,1998-12-31,74,228825.1,175989.8,19,52835.0,1,junior,0,0.0,
2310,2796,M,1974-06-25,24,1995-07-19,monthly,Cesky Krumlov,south Bohemia,1995-07-19,1998-12-31,230,402159.3,339348.6,42,62810.6,1,classic,0,0.0,
2483,2998,M,1961-04-02,37,1996-09-29,monthly,Hl.m. Praha,Prague,1996-09-29,1998-12-31,168,702560.0,641005.2,28,61554.6,1,classic,0,0.0,
3503,4231,F,1959-08-08,39,1994-07-17,monthly,Hl.m. Praha,Prague,1994-07-17,1998-12-31,261,1166741.8,1082520.8,54,84220.7,1,classic,0,0.0,
3580,4318,F,1942-09-11,56,1993-08-01,monthly,Hradec Kralove,east Bohemia,1993-08-01,1998-12-31,437,1067514.0,974356.0,65,93157.4,1,classic,0,0.0,
3597,4340,F,1949-07-18,49,1996-02-11,after_transaction,Hl.m. Praha,Prague,1996-02-11,1998-12-31,209,1332882.7,1307412.0,35,25470.7,1,classic,0,0.0,
33,41,M,1968-08-27,30,1993-08-26,monthly,Domazlice,west Bohemia,1993-08-26,1998-12-31,344,1672195.4,1559789.4,65,112405.5,1,gold,0,0.0,
43,51,F,1979-12-02,19,1994-06-12,monthly,Liberec,north Bohemia,1994-06-12,1998-12-31,321,1451226.7,1390460.0,55,60766.5,1,junior,0,0.0,
51,60,M,1980-02-19,18,1996-05-11,monthly,Bruntal,north Moravia,1996-05-11,1998-12-31,192,710282.3,612059.6,32,98222.5,1,junior,0,0.0,
196,238,F,1961-11-28,37,1993-11-14,monthly,Kutna Hora,central Bohemia,1993-11-14,1998-12-31,504,917861.7,843928.6,62,73932.7,1,classic,0,0.0,
232,280,F,1969-12-18,29,1997-11-29,monthly,Jicin,east Bohemia,1997-11-29,1998-12-31,61,330633.7,248880.8,14,81752.8,1,classic,0,0.0,
424,510,M,1976-04-15,22,1997-02-17,monthly,Pribram,central Bohemia,1997-02-17,1998-12-31,119,568918.9,515726.2,23,53192.5,1,classic,0,0.0,
911,1098,F,1948-09-10,50,1996-08-12,monthly,Prostejov,south Moravia,1996-08-12,1998-12-31,162,625538.6,598609.2,29,26929.5,1,classic,0,0.0,
1097,1316,F,1946-11-13,52,1996-06-22,monthly,Bruntal,north Moravia,1996-06-22,1998-12-31,247,657360.3,561960.0,31,95400.0,1,classic,0,0.0,
1121,1345,M,1968-05-22,30,1996-04-17,monthly,Ceska Lipa,north Bohemia,1996-04-17,1998-12-31,158,634880.7,552494.2,33,82385.8,1,classic,0,0.0,
1154,1388,F,1962-09-06,36,1997-08-29,weekly,Kolin,central Bohemia,1997-08-29,1998-12-31,124,923168.8,870440.0,17,52728.7,1,gold,0,0.0,
1208,1459,M,1976-09-08,22,1997-11-09,monthly,Kladno,central Bohemia,1997-11-09,1998-12-31,74,269265.6,203479.4,14,65786.2,1,classic,0,0.0,
1225,1478,M,1969-08-21,29,1993-12-14,monthly,Kladno,central Bohemia,1993-12-14,1998-12-31,302,1243144.7,1176203.0,61,66941.1,1,classic,0,0.0,
2532,3056,F,1959-01-16,39,1996-12-24,monthly,Louny,north Bohemia,1996-12-24,1998-12-31,133,1278475.3,1252439.4,25,26035.8,1,classic,0,0.0,
2675,3230,F,1982-06-06,16,1994-02-19,monthly,Hl.m. Praha,Prague,1994-02-19,1998-11-30,145,336252.1,321167.2,57,15098.9,1,junior,0,0.0,
2749,3319,F,1979-04-24,19,1994-05-23,monthly,Hl.m. Praha,Prague,1994-05-23,1998-12-31,364,2390331.5,2291825.8,56,98505.4,1,junior,0,0.0,
3776,4553,F,1945-02-23,53,1996-10-16,monthly,Hl.m. Praha,Prague,1996-10-16,1998-12-31,163,669390.2,596767.6,27,72622.6,1,gold,0,0.0,
3950,4765,M,1935-03-06,63,1997-09-01,monthly,Rychnov nad Kneznou,east Bohemia,1997-09-01,1998-12-31,82,425444.8,352665.6,16,72779.0,1,classic,0,0.0,
4034,4862,F,1943-11-23,55,1993-01-18,monthly,Hl.m. Praha,Prague,1993-01-18,1998-12-31,358,541310.4,466421.6,72,74888.7,1,gold,0,0.0,
1074,1289,M,1946-09-18,52,1996-05-16,monthly,Kromeriz,south Moravia,1996-05-16,1998-12-31,148,758375.8,652779.6,32,105596.2,1,gold,0,0.0,
1077,1292,M,1977-04-28,21,1993-03-03,monthly,Ceske Budejovice,south Bohemia,1993-03-03,1998-12-31,372,558874.7,460863.6,70,98011.2,1,classic,0,0.0,
1101,1322,F,1945-09-22,53,1997-09-22,monthly,Kladno,central Bohemia,1997-09-22,1998-12-31,69,358402.6,315356.0,16,43046.5,1,classic,0,0.0,
1112,1333,M,1949-04-20,49,1995-02-03,monthly,Rychnov nad Kneznou,east Bohemia,1995-02-03,1998-12-31,227,972891.5,888413.2,47,84478.1,1,classic,0,0.0,
1116,1339,M,1959-05-04,39,1993-07-20,monthly,Domazlice,west Bohemia,1993-07-20,1998-12-31,358,910533.7,859022.0,66,51511.3,1,classic,0,0.0,
1146,1378,F,1941-11-25,57,1993-09-12,monthly,Ostrava - mesto,north Moravia,1993-09-12,1998-12-31,428,1554383.8,1486345.8,64,68037.6,1,classic,0,0.0,
1147,1380,F,1953-07-29,45,1993-04-10,monthly,Chrudim,east Bohemia,1993-04-10,1998-12-31,341,1696672.9,1641539.8,69,55133.2,1,classic,0,0.0,
1220,1473,F,1931-12-06,67,1995-07-15,monthly,Hl.m. Praha,Prague,1995-07-15,1998-12-31,195,243085.9,177905.6,42,65180.0,1,classic,0,0.0,
9333,11491,F,1958-05-16,40,1996-11-08,monthly,Liberec,north Bohemia,1996-11-08,1998-12-31,183,1136097.7,1065044.2,26,70803.2,1,classic,0,0.0,
981,1182,F,1946-10-16,52,1995-03-25,monthly,Zdar nad Sazavou,south Moravia,1995-03-25,1998-12-31,299,1146108.2,1041673.0,46,104434.9,1,classic,0,0.0,
1039,1246,M,1962-11-19,36,1993-05-10,weekly,Karvina,north Moravia,1993-05-10,1998-12-31,420,3030535.5,2925058.0,68,105476.8,1,gold,0,0.0,
1127,1353,M,1959-02-13,39,1993-01-27,monthly,Plzen - jih,west Bohemia,1993-01-27,1998-12-31,412,1816149.1,1763683.6,72,52465.2,1,classic,0,0.0,
1230,1483,F,1951-05-10,47,1997-05-03,monthly,Hl.m. Praha,Prague,1997-05-03,1998-12-31,105,812190.0,712857.0,20,99332.9,1,classic,0,0.0,
738,886,M,1948-02-02,50,1993-06-21,monthly,Chomutov,north Bohemia,1993-06-21,1998-12-31,512,1689856.2,1625916.6,67,63939.3,1,gold,0,0.0,
969,1168,M,1978-05-31,20,1994-01-08,monthly,Prachatice,south Bohemia,1994-01-08,1998-12-31,347,482713.9,417246.8,60,65466.9,1,junior,0,0.0,
1016,1220,F,1953-12-16,45,1993-09-29,monthly,Teplice,north Bohemia,1993-09-29,1998-12-31,428,1475123.7,1355738.8,64,119384.5,1,gold,0,0.0,
2165,2621,M,1956-05-09,42,1997-04-08,monthly,Trutnov,east Bohemia,1997-04-08,1998-12-31,124,482054.0,443350.4,21,38703.1,0,,1,78600.0,C
3629,4377,M,1978-01-31,20,1993-07-27,monthly,Rychnov nad Kneznou,east Bohemia,1993-07-27,1998-12-31,530,1165273.7,1138166.5,66,27106.9,0,,1,158760.0,C
3674,4428,M,1954-03-09,44,1993-03-12,monthly,Louny,north Bohemia,1993-03-12,1998-12-31,570,3515145.6,3426564.8,70,88581.2,0,,1,23628.0,A
3711,4474,F,1964-12-09,34,1997-05-08,monthly,Beroun,central Bohemia,1997-05-08,1998-12-31,101,382843.5,385220.8,20,-2376.9,0,,1,460980.0,D
9017,11105,F,1957-02-01,41,1995-11-22,monthly,Karvina,north Moravia,1995-11-22,1998-12-31,267,519872.2,498459.0,38,21318.2,0,,1,100224.0,D
9034,11126,F,1965-01-22,33,1993-06-28,monthly,Hl.m. Praha,Prague,1993-06-28,1998-12-31,611,1664840.0,1626019.6,67,38820.2,0,,1,38148.0,A
9928,12220,F,1971-11-12,27,1995-11-09,monthly,Prostejov,south Moravia,1995-11-09,1998-12-31,249,545959.0,479746.8,38,66212.2,0,,1,89340.0,C
10105,12432,M,1965-03-07,33,1993-04-28,monthly,Brno - venkov,south Moravia,1993-04-28,1998-12-31,499,2988046.4,2915593.6,69,72452.6,0,,1,121896.0,A
10351,12738,F,1960-10-29,38,1995-05-04,monthly,Cheb,west Bohemia,1995-05-04,1998-12-31,260,358025.8,343065.4,44,14960.2,0,,1,88704.0,C
10728,13190,M,1956-11-28,42,1994-12-23,monthly,Novy Jicin,north Moravia,1994-12-23,1998-12-31,333,1091011.0,1064117.3,49,26893.3,0,,1,154656.0,C
11231,13803,M,1947-11-14,51,1997-02-05,monthly,Hl.m. Praha,Prague,1997-02-05,1998-12-31,173,1128144.7,1057738.8,23,70405.8,0,,1,89280.0,A
1093,1311,F,1956-12-18,42,1996-01-14,monthly,Brno - mesto,south Moravia,1996-01-14,1998-12-31,243,1836554.6,1796837.4,36,39716.4,0,,1,385104.0,C
1270,1533,M,1960-12-22,38,1996-06-07,after_transaction,Brno - venkov,south Moravia,1996-06-07,1998-12-31,186,435403.6,407441.4,31,27961.3,0,,1,74772.0,C
1284,1554,M,1944-12-15,54,1997-07-02,monthly,Brno - venkov,south Moravia,1997-07-02,1998-12-31,91,564062.2,533707.1,18,30355.3,0,,1,52512.0,C
2187,2647,M,1940-03-26,58,1996-02-26,weekly,Nymburk,central Bohemia,1996-02-26,1998-12-31,222,1562484.4,1453928.0,35,108556.3,0,,1,53472.0,A
2345,2834,M,1949-05-23,49,1993-10-25,monthly,Usti nad Orlici,east Bohemia,1993-10-25,1998-12-31,400,1358395.8,1326600.0,63,31797.3,0,,1,199680.0,C
2361,2853,F,1956-04-25,42,1994-02-25,monthly,Plzen - sever,west Bohemia,1994-02-25,1998-12-31,367,604236.6,588974.8,59,15261.4,0,,1,156672.0,A
2413,2915,F,1954-02-22,44,1997-10-27,monthly,Decin,north Bohemia,1997-10-27,1998-12-31,76,253662.1,209679.4,15,43982.5,0,,1,17952.0,C
3608,4352,M,1971-07-24,27,1994-08-30,weekly,Olomouc,north Moravia,1994-08-30,1998-12-31,352,1321557.7,1282513.0,53,39044.7,0,,1,161496.0,C
290,352,M,1940-08-27,58,1993-12-02,monthly,Breclav,south Moravia,1993-12-02,1998-12-31,491,2104783.1,2067570.0,61,37212.8,0,,1,123696.0,A
1083,1300,M,1979-10-27,19,1996-12-06,monthly,Jicin,east Bohemia,1996-12-06,1998-12-31,192,347130.8,325346.0,25,21784.7,0,,1,50976.0,C
3862,4656,M,1942-09-16,56,1996-11-23,monthly,Hl.m. Praha,Prague,1996-11-23,1998-12-31,206,1327040.0,1270839.8,26,56200.1,0,,1,74916.0,C
4081,4918,M,1968-05-06,30,1995-07-22,monthly,Praha - zapad,central Bohemia,1995-07-22,1998-12-31,215,542572.0,535515.5,42,7056.3,0,,1,137904.0,B
4447,5364,M,1964-03-14,34,1996-06-16,monthly,Uherske Hradiste,south Moravia,1996-06-16,1998-12-31,187,1011474.6,942098.8,31,69375.9,0,,1,192744.0,C
4473,5395,M,1962-06-01,36,1995-10-09,monthly,Jicin,east Bohemia,1995-10-09,1998-12-31,283,1023906.1,963219.8,39,60686.3,0,,1,93960.0,C
4851,5858,M,1952-07-17,46,1996-02-04,monthly,Usti nad Orlici,east Bohemia,1996-02-04,1998-12-31,232,1459618.2,1361354.6,35,98264.4,0,,1,141648.0,A
5837,7065,F,1971-07-07,27,1996-07-18,monthly,Kolin,central Bohemia,1996-07-18,1998-12-31,173,917420.8,884538.6,30,32882.0,0,,1,177804.0,C
6051,7311,M,1949-05-18,49,1993-08-28,monthly,Breclav,south Moravia,1993-08-28,1998-12-31,391,712598.2,701665.5,65,10932.7,0,,1,276660.0,B
1166,1404,F,1968-12-20,30,1993-04-21,monthly,Praha - zapad,central Bohemia,1993-04-21,1998-12-31,447,1397759.9,1355119.4,69,42642.0,0,,1,149040.0,A
1242,1499,F,1951-11-29,47,1996-11-24,after_transaction,Ostrava - mesto,north Moravia,1996-11-24,1998-12-31,230,892752.5,860482.2,26,32271.1,0,,1,128544.0,C
7606,9417,M,1949-03-08,49,1995-03-15,monthly,Tabor,south Bohemia,1995-03-15,1998-12-31,402,2065014.5,2029519.0,46,35493.8,0,,1,191880.0,C
7815,9663,M,1945-09-24,53,1995-04-09,weekly,Prachatice,south Bohemia,1995-04-09,1998-12-31,415,1582645.6,1558921.2,45,23723.5,0,,1,189696.0,A
8330,10287,F,1962-09-03,36,1993-03-28,monthly,Rychnov nad Kneznou,east Bohemia,1993-03-28,1998-12-31,525,1605734.1,1531910.4,70,73565.0,0,,1,7656.0,A
8489,10475,F,1948-08-28,50,1993-09-18,monthly,Trutnov,east Bohemia,1993-09-18,1998-12-31,451,1229321.8,1163291.8,64,65802.5,0,,1,265320.0,A
8926,10997,F,1972-02-06,26,1997-03-21,monthly,Hl.m. Praha,Prague,1997-03-21,1998-12-31,200,447174.3,406876.6,22,40138.2,0,,1,566640.0,C
9030,11121,F,1971-04-10,27,1995-01-21,monthly,Olomouc,north Moravia,1995-01-21,1998-12-31,384,917341.9,859117.2,48,58006.8,0,,1,155616.0,C
9104,11208,F,1957-03-05,41,1994-01-21,monthly,Praha - vychod,central Bohemia,1994-01-21,1998-12-31,403,1738490.2,1699400.2,60,38967.4,0,,1,172080.0,A
9828,12095,M,1939-02-27,59,1993-05-20,monthly,Pardubice,east Bohemia,1993-05-20,1998-12-31,406,2322808.0,2284735.0,68,38073.3,0,,1,126600.0,A
10911,13412,M,1954-03-20,44,1993-05-29,weekly,Hl.m. Praha,Prague,1993-05-29,1998-12-31,460,1667681.7,1619662.0,68,48019.4,0,,1,131292.0,A
10973,13490,F,1969-05-25,29,1993-04-20,weekly,Pisek,south Bohemia,1993-04-20,1998-12-31,474,3152244.4,3094607.6,69,57638.2,0,,1,154416.0,A
8713,10746,M,1971-08-04,27,1997-05-18,monthly,Blansko,south Moravia,1997-05-18,1998-12-31,131,386426.5,371582.4,20,14674.7,0,,1,170700.0,C
8899,10963,M,1944-06-15,54,1994-09-05,weekly,Hl.m. Praha,Prague,1994-09-05,1998-12-31,471,2364085.6,2299343.8,52,64740.1,0,,1,125340.0,C
9208,11337,M,1969-04-03,29,1997-05-24,monthly,Rokycany,west Bohemia,1997-05-24,1998-12-31,144,450379.5,423274.9,20,27011.4,0,,1,82128.0,C
9472,11662,M,1972-04-03,26,1993-07-06,weekly,Sumperk,north Moravia,1993-07-06,1998-12-31,454,2269949.6,2216047.0,66,53902.0,0,,1,36396.0,A
9897,12181,M,1961-08-19,37,1995-03-04,monthly,Hl.m. Praha,Prague,1995-03-04,1998-12-31,382,1017554.1,971901.6,46,45652.2,0,,1,36168.0,A
10233,12586,M,1947-01-30,51,1996-02-21,monthly,Plzen - jih,west Bohemia,1996-02-21,1998-12-31,291,889655.8,862635.4,35,27021.1,0,,1,239160.0,C
10320,12695,M,1979-03-16,19,1993-07-11,monthly,Frydek - Mistek,north Moravia,1993-07-11,1998-12-31,441,1897393.1,1855542.0,66,41848.9,0,,1,259740.0,A
10345,12729,M,1968-03-21,30,1996-04-07,monthly,Liberec,north Bohemia,1996-04-07,1998-12-31,191,383435.4,362459.8,33,20975.7,0,,1,31260.0,C
10788,13260,F,1977-05-27,21,1993-11-22,weekly,Olomouc,north Moravia,1993-11-22,1998-12-31,373,1150748.8,1090871.0,62,59769.3,0,,1,45768.0,A
10884,13380,M,1942-09-18,56,1995-02-20,monthly,Znojmo,south Moravia,1995-02-20,1998-12-31,363,1182621.8,1099292.6,47,83328.6,0,,1,113544.0,C
10915,13417,F,1951-11-17,47,1997-02-15,weekly,Klatovy,west Bohemia,1997-02-15,1998-12-31,175,395031.3,373848.6,23,21182.3,0,,1,152460.0,C
1252,1511,F,1962-03-06,36,1995-07-26,weekly,Rakovnik,central Bohemia,1995-07-26,1998-12-31,240,1111452.5,1048842.7,42,62610.7,0,,1,148140.0,C
789,944,M,1970-12-18,28,1995-02-06,monthly,Most,north Bohemia,1995-02-06,1998-12-31,294,307611.9,286855.2,47,20756.5,0,,1,73056.0,C
3347,4048,M,1923-11-24,75,1996-08-19,monthly,Kladno,central Bohemia,1996-08-19,1998-12-31,123,152564.6,135497.8,29,17066.7,0,,0,0.0,
3348,4049,M,1945-09-13,53,1994-12-08,monthly,Kladno,central Bohemia,1994-12-08,1998-12-31,277,985189.6,914730.4,49,70458.8,0,,0,0.0,
3373,4079,M,1955-06-29,43,1996-01-18,monthly,Plzen - jih,west Bohemia,1996-01-18,1998-12-31,201,728234.7,691639.0,36,36595.4,0,,0,0.0,
3429,4145,F,1922-12-02,76,1993-12-17,monthly,Opava,north Moravia,1993-12-17,1998-12-31,388,408208.4,361703.0,61,46504.9,0,,0,0.0,
3501,4229,M,1961-10-05,37,1997-12-13,monthly,Liberec,north Bohemia,1997-12-13,1998-12-31,71,262090.4,233327.2,13,28763.2,0,,0,0.0,
3509,4237,F,1923-07-31,75,1993-09-05,monthly,Jindrichuv Hradec,south Bohemia,1993-09-05,1998-12-31,301,375276.3,326959.8,64,48316.2,0,,0,0.0,
3524,4255,F,1925-06-28,73,1997-06-28,monthly,Zdar nad Sazavou,south Moravia,1997-06-28,1998-12-31,79,87884.6,76599.8,19,11284.8,0,,0,0.0,
3528,4259,F,1949-06-16,49,1994-03-05,monthly,Praha - vychod,central Bohemia,1994-03-05,1998-12-31,335,1391787.3,1348503.8,58,43283.0,0,,0,0.0,
3561,4298,M,1920-04-18,78,1997-10-15,monthly,Decin,north Bohemia,1997-10-15,1998-12-31,54,62077.1,38712.4,15,23364.7,0,,0,0.0,
3573,4311,M,1981-04-12,17,1996-06-27,monthly,Kromeriz,south Moravia,1996-06-27,1998-12-31,65,112324.9,85329.2,31,26995.6,0,,0,0.0,
3582,4321,F,1973-10-18,25,1995-08-26,monthly,Prachatice,south Bohemia,1995-08-26,1998-12-31,190,121326.0,103776.0,41,17549.8,0,,0,0.0,
3587,4329,F,1947-05-18,51,1995-12-24,monthly,Zlin,south Moravia,1995-12-24,1998-12-31,230,145936.7,128118.6,37,17818.4,0,,0,0.0,
3588,4330,M,1921-07-02,77,1996-06-28,monthly,Decin,north Bohemia,1996-06-28,1998-12-31,138,203994.5,166263.0,31,37731.5,0,,0,0.0,
3589,4331,M,1959-09-03,39,1996-11-13,monthly,Kolin,central Bohemia,1996-11-13,1998-12-31,154,1005405.0,941840.0,26,63565.1,0,,0,0.0,
3650,4401,M,1968-07-20,30,1994-06-05,monthly,Mlada Boleslav,central Bohemia,1994-06-05,1998-12-31,322,759917.7,720288.0,55,39629.6,0,,0,0.0,
3668,4421,F,1944-06-27,54,1996-06-15,monthly,Hl.m. Praha,Prague,1996-06-15,1998-11-02,30,46600.0,27100.0,30,19500.0,0,,0,0.0,
3742,4515,F,1920-09-28,78,1997-05-11,monthly,Kromeriz,south Moravia,1997-05-11,1998-12-31,82,91635.9,73683.0,20,17952.9,0,,0,0.0,
3779,4556,M,1970-05-31,28,1995-07-08,monthly,Ostrava - mesto,north Moravia,1995-07-08,1998-12-31,312,539576.1,480422.6,42,59153.3,0,,0,0.0,
3868,4662,F,1927-02-10,71,1993-08-21,monthly,Hl.m. Praha,Prague,1993-08-21,1998-12-31,305,348330.5,321501.4,65,26828.8,0,,0,0.0,
3898,4700,F,1937-06-15,61,1994-02-07,monthly,Karvina,north Moravia,1994-02-07,1998-12-31,306,409904.1,327963.8,59,81940.1,0,,0,0.0,
3944,4756,F,1950-01-08,48,1995-10-08,monthly,Domazlice,west Bohemia,1995-10-08,1998-12-31,253,748036.3,689501.4,39,58534.5,0,,0,0.0,
8,10,M,1943-05-01,55,1995-09-21,monthly,Hodonin,south Moravia,1995-09-21,1998-12-31,254,892761.7,820144.4,40,72617.2,0,,0,0.0,
13,17,M,1934-10-13,64,1997-08-17,monthly,Sumperk,north Moravia,1997-08-17,1998-12-31,75,110719.4,97494.6,17,13224.8,0,,0,0.0,
59,68,M,1946-12-14,52,1994-03-27,monthly,Hradec Kralove,east Bohemia,1994-03-27,1998-12-31,385,941096.1,861284.2,58,79811.4,0,,0,0.0,
61,70,M,1925-12-22,73,1993-12-11,monthly,Karvina,north Moravia,1993-12-11,1998-12-31,339,246496.4,228073.0,61,18423.2,0,,0,0.0,
102,123,M,1969-02-12,29,1993-10-16,monthly,Praha - zapad,central Bohemia,1993-10-16,1998-12-31,319,909034.0,859040.4,63,49992.7,0,,0,0.0,
119,143,M,1978-07-09,20,1993-05-25,monthly,Plzen - jih,west Bohemia,1993-05-25,1998-12-31,395,1583824.2,1526429.2,68,57394.8,0,,0,0.0,
127,152,F,1945-12-02,53,1994-02-02,monthly,Rokycany,west Bohemia,1994-02-02,1998-12-31,274,202594.6,185048.4,59,17545.8,0,,0,0.0,
140,168,F,1976-11-05,22,1996-06-25,monthly,Karlovy Vary,west Bohemia,1996-06-25,1998-12-31,66,190393.4,142829.2,30,47564.1,0,,0,0.0,
149,179,M,1980-12-29,18,1997-11-16,monthly,Hradec Kralove,east Bohemia,1997-11-16,1998-12-31,62,88417.9,34496.0,14,53921.8,0,,0,0.0,
153,185,M,1954-05-30,44,1993-09-19,monthly,Vsetin,north Moravia,1993-09-19,1998-12-31,336,954955.4,932267.8,64,22687.7,0,,0,0.0,
169,205,F,1942-06-15,56,1995-09-28,monthly,Kladno,central Bohemia,1995-09-28,1998-12-31,210,560931.7,493746.4,40,67185.0,0,,0,0.0,
209,252,F,1969-09-01,29,1996-11-24,monthly,Litomerice,north Bohemia,1996-11-24,1998-12-31,175,131475.6,85795.0,26,45680.6,0,,0,0.0,
216,261,F,1937-12-07,61,1994-05-16,monthly,Louny,north Bohemia,1994-05-16,1998-12-31,343,361449.7,340763.0,56,20686.5,0,,0,0.0,
240,290,M,1959-01-12,39,1997-04-28,monthly,Olomouc,north Moravia,1997-04-28,1998-12-31,104,500447.8,482815.0,21,17632.6,0,,0,0.0,
261,315,M,1967-05-01,31,1996-10-07,monthly,Brno - mesto,south Moravia,1996-10-07,1998-12-31,144,117453.4,95968.2,27,21485.4,0,,0,0.0,
272,329,M,1964-12-03,34,1996-10-23,monthly,Praha - zapad,central Bohemia,1996-10-23,1998-12-31,133,569448.5,532740.6,27,36707.7,0,,0,0.0,
299,364,F,1942-12-05,56,1993-04-05,monthly,Brno - mesto,south Moravia,1993-04-05,1998-12-31,368,2737627.0,2653257.4,69,84369.7,0,,0,0.0,
318,388,F,1950-10-30,48,1994-09-16,monthly,Liberec,north Bohemia,1994-09-16,1998-12-31,290,358091.1,321497.6,52,36592.9,0,,0,0.0,
335,409,M,1925-06-18,73,1996-01-20,monthly,Ostrava - mesto,north Moravia,1996-01-20,1998-12-31,178,204156.4,175115.0,36,29041.3,0,,0,0.0,
340,416,F,1932-10-07,66,1993-11-03,monthly,Hl.m. Praha,Prague,1993-11-03,1998-12-31,393,365924.4,326528.2,62,39395.6,0,,0,0.0,
439,529,M,1978-11-05,20,1996-04-15,monthly,Jesenik,north Moravia,1996-04-15,1998-12-31,154,218424.4,189658.8,33,28765.4,0,,0,0.0,
3706,4469,F,1973-02-28,25,1996-04-04,monthly,Mlada Boleslav,central Bohemia,1996-04-04,1998-12-31,186,294614.8,260310.8,33,34304.1,0,,0,0.0,
3759,4535,F,1931-12-03,67,1993-12-29,monthly,Hl.m. Praha,Prague,1993-12-29,1998-12-31,298,301429.8,256703.0,61,44726.4,0,,0,0.0,
3774,4550,F,1942-10-17,56,1996-08-30,monthly,Olomouc,north Moravia,1996-08-30,1998-12-31,172,410582.9,378153.8,29,32429.0,0,,0,0.0,
3812,4593,M,1932-07-03,66,1995-01-16,monthly,Olomouc,north Moravia,1995-01-16,1998-12-31,226,239755.7,193428.2,48,46327.1,0,,0,0.0,
3832,4617,M,1977-12-20,21,1996-01-22,monthly,Jicin,east Bohemia,1996-01-22,1998-12-31,218,319855.6,303574.0,36,16281.7,0,,0,0.0,
3851,4643,F,1969-07-21,29,1997-02-27,monthly,Hl.m. Praha,Prague,1997-02-27,1998-12-31,115,456012.4,430160.2,23,25852.2,0,,0,0.0,
3852,4644,M,1931-01-19,67,1997-09-14,monthly,Strakonice,south Bohemia,1997-09-14,1998-12-31,69,76635.9,61280.0,16,15355.8,0,,0,0.0,
3887,4685,M,1964-07-14,34,1996-05-08,monthly,Uherske Hradiste,south Moravia,1996-05-08,1998-12-31,174,154725.0,109890.6,32,44834.2,0,,0,0.0,
3926,4734,M,1925-03-21,73,1994-09-11,monthly,Olomouc,north Moravia,1994-09-11,1998-12-31,254,284194.2,236705.6,52,47488.0,0,,0,0.0,
3941,4752,M,1939-10-09,59,1996-12-26,monthly,Melnik,central Bohemia,1996-12-26,1998-12-31,121,77605.7,57337.4,25,20268.1,0,,0,0.0,
3945,4758,F,1973-01-09,25,1995-11-07,monthly,Svitavy,east Bohemia,1995-11-07,1998-11-21,59,59045.2,25300.0,37,33745.8,0,,0,0.0,
3974,4793,F,1946-02-15,52,1996-03-08,monthly,Brno - venkov,south Moravia,1996-03-08,1998-12-31,184,571614.8,537553.4,34,34061.3,0,,0,0.0,
3983,4803,M,1945-08-07,53,1993-02-04,monthly,Jicin,east Bohemia,1993-02-04,1998-12-31,318,1137756.6,1090463.6,71,47293.0,0,,0,0.0,
4014,4837,F,1967-03-13,31,1995-05-15,after_transaction,Breclav,south Moravia,1995-05-15,1998-12-31,277,2125570.1,2057140.1,44,68429.8,0,,0,0.0,
4121,4961,M,1982-07-31,16,1995-06-08,monthly,Brno - mesto,south Moravia,1995-06-08,1998-12-31,216,333296.0,315769.4,43,17526.4,0,,0,0.0,
4128,4969,F,1968-07-20,30,1997-09-26,monthly,Zlin,south Moravia,1997-09-26,1998-12-31,78,451714.4,384781.3,16,66932.9,0,,0,0.0,
4195,5056,F,1957-02-04,41,1994-05-21,monthly,Bruntal,north Moravia,1994-05-21,1998-12-31,350,2580884.3,2531385.4,56,49498.7,0,,0,0.0,
4276,5152,F,1975-09-09,23,1994-07-09,monthly,Hradec Kralove,east Bohemia,1994-07-09,1998-12-31,311,2075888.8,1981954.6,54,93934.2,0,,0,0.0,
4287,5164,M,1971-11-30,27,1993-10-17,monthly,Nymburk,central Bohemia,1993-10-17,1998-12-31,300,453280.1,437492.2,63,15787.4,0,,0,0.0,
430,518,F,1979-04-28,19,1995-09-02,monthly,Brno - mesto,south Moravia,1995-09-02,1998-12-15,75,79737.4,15300.0,39,64436.8,0,,0,0.0,
465,559,F,1972-09-05,26,1993-02-04,monthly,Ceska Lipa,north Bohemia,1993-02-04,1998-12-31,370,1064042.6,1043459.6,71,20582.5,0,,0,0.0,
492,591,F,1974-10-29,24,1993-10-10,monthly,Znojmo,south Moravia,1993-10-10,1998-12-31,306,412576.5,395906.8,63,16669.2,0,,0,0.0,
505,607,M,1964-03-30,34,1996-12-16,monthly,Zlin,south Moravia,1996-12-16,1998-12-31,125,81470.5,64089.4,25,17380.9,0,,0,0.0,
507,609,M,1962-09-02,36,1996-06-17,monthly,Usti nad Orlici,east Bohemia,1996-06-17,1998-12-31,139,203550.8,212705.4,31,-9154.7,0,,0,0.0,
534,643,F,1949-06-13,49,1997-05-26,monthly,Hl.m. Praha,Prague,1997-05-26,1998-12-31,130,305976.0,258098.4,20,47877.4,0,,0,0.0,
535,644,F,1961-04-23,37,1994-05-24,monthly,Jablonec n. Nisou,north Bohemia,1994-05-24,1998-12-31,414,1249739.0,1209351.0,56,40388.1,0,,0,0.0,
548,660,M,1923-03-22,75,1994-06-07,monthly,Jindrichuv Hradec,south Bohemia,1994-06-07,1998-12-31,353,359874.0,343188.0,55,16686.1,0,,0,0.0,
564,677,M,1963-05-24,35,1997-12-23,monthly,Kolin,central Bohemia,1997-12-23,1998-12-31,61,249368.2,216958.2,13,32410.0,0,,0,0.0,
567,681,M,1977-01-15,21,1996-06-19,monthly,Cesky Krumlov,south Bohemia,1996-06-19,1998-12-31,154,230295.5,177115.0,31,53180.5,0,,0,0.0,
572,686,F,1971-10-03,27,1994-03-27,monthly,Ceska Lipa,north Bohemia,1994-03-27,1998-12-31,439,1248667.4,1170371.2,58,78296.3,0,,0,0.0,
585,703,M,1959-04-26,39,1997-09-04,monthly,Kladno,central Bohemia,1997-09-04,1998-11-28,20,35962.7,19800.0,15,16162.6,0,,0,0.0,
588,706,M,1948-08-05,50,1993-03-14,monthly,Hl.m. Praha,Prague,1993-03-14,1998-12-31,508,609705.5,588631.4,70,21073.9,0,,0,0.0,
628,755,M,1947-11-21,51,1994-01-03,monthly,Olomouc,north Moravia,1994-01-03,1998-12-31,324,361729.5,333011.0,60,28718.4,0,,0,0.0,
656,787,M,1947-12-08,51,1996-08-18,monthly,Beroun,central Bohemia,1996-08-18,1998-12-31,152,423724.6,373246.8,29,50477.8,0,,0,0.0,
669,803,M,1951-02-15,47,1996-06-07,monthly,Jablonec n. Nisou,north Bohemia,1996-06-07,1998-12-31,144,93073.3,73768.6,31,19304.6,0,,0,0.0,
703,843,F,1957-09-03,41,1997-12-21,monthly,Brno - mesto,south Moravia,1997-12-21,1998-12-31,55,69542.5,34254.2,13,35288.1,0,,0,0.0,
709,850,M,1969-09-21,29,1994-07-25,monthly,Prachatice,south Bohemia,1994-07-25,1998-12-31,281,1463642.0,1405234.0,54,58407.6,0,,0,0.0,
729,874,F,1952-09-05,46,1997-02-15,monthly,Ceske Budejovice,south Bohemia,1997-02-15,1998-12-31,127,70127.8,46776.2,23,23351.4,0,,0,0.0,
754,904,M,1932-02-08,66,1995-06-08,monthly,Hl.m. Praha,Prague,1995-06-08,1998-12-31,247,267419.5,245334.2,43,22084.9,0,,0,0.0,
779,931,M,1968-06-07,30,1996-08-13,monthly,Jindrichuv Hradec,south Bohemia,1996-08-13,1998-12-31,129,487358.8,453755.8,29,33603.0,0,,0,0.0,
797,955,M,1970-01-28,28,1996-11-20,monthly,Hodonin,south Moravia,1996-11-20,1998-12-31,130,947930.0,908916.0,26,39013.8,0,,0,0.0,
814,977,F,1926-05-10,72,1996-10-06,monthly,Sumperk,north Moravia,1996-10-06,1998-12-31,156,185254.8,167449.2,27,17805.6,0,,0,0.0,
3336,4033,M,1925-10-15,73,1994-09-19,monthly,Trutnov,east Bohemia,1994-09-19,1998-12-31,237,294957.4,279159.6,52,15797.6,0,,0,0.0,
3380,4087,F,1946-02-16,52,1993-12-10,monthly,Zlin,south Moravia,1993-12-10,1998-12-31,310,472818.4,445249.6,61,27568.4,0,,0,0.0,
3394,4104,M,1919-04-10,79,1996-10-09,monthly,Cheb,west Bohemia,1996-10-09,1998-12-31,159,178372.2,154017.2,27,24354.6,0,,0,0.0,
3434,4153,M,1956-04-12,42,1996-05-13,monthly,Ceska Lipa,north Bohemia,1996-05-13,1998-12-31,165,94249.4,80676.6,32,13572.6,0,,0,0.0,
3461,4184,F,1975-04-26,23,1997-06-23,monthly,Mlada Boleslav,central Bohemia,1997-06-23,1998-12-15,19,38900.0,17500.0,19,21400.0,0,,0,0.0,
3504,4232,M,1971-02-15,27,1996-08-30,monthly,Karvina,north Moravia,1996-08-30,1998-12-31,127,166334.5,150615.8,29,15718.7,0,,0,0.0,
3511,4239,M,1920-12-11,78,1996-07-23,monthly,Karvina,north Moravia,1996-07-23,1998-12-31,140,162294.1,135632.4,30,26661.6,0,,0,0.0,
3518,4248,F,1975-05-07,23,1996-07-22,monthly,Nymburk,central Bohemia,1996-07-22,1998-12-31,164,716202.7,669782.4,30,46420.1,0,,0,0.0,
3523,4254,M,1972-03-05,26,1996-05-14,monthly,Znojmo,south Moravia,1996-05-14,1998-11-30,33,62705.9,21600.0,31,41105.9,0,,0,0.0,
3567,4304,F,1945-06-15,53,1994-12-20,monthly,Kolin,central Bohemia,1994-12-20,1998-12-31,325,1498389.7,1462720.8,49,35668.8,0,,0,0.0,
3613,4359,M,1950-08-02,48,1993-08-10,monthly,Zlin,south Moravia,1993-08-10,1998-12-31,422,670406.3,655401.4,65,15004.3,0,,0,0.0,
3617,4364,M,1977-12-05,21,1993-11-15,monthly,Domazlice,west Bohemia,1993-11-15,1998-12-31,475,1132135.4,1040108.6,62,92026.5,0,,0,0.0,
3646,4396,F,1974-11-07,24,1995-10-20,weekly,Vyskov,south Moravia,1995-10-20,1998-12-31,327,2041795.9,1964801.0,39,76994.8,0,,0,0.0,
3670,4423,M,1918-05-24,80,1993-06-04,monthly,Plzen - jih,west Bohemia,1993-06-04,1998-12-31,307,303953.5,280548.2,67,23405.4,0,,0,0.0,
3677,4432,F,1964-03-14,34,1995-10-04,monthly,Hl.m. Praha,Prague,1995-10-04,1998-12-31,186,136167.2,121258.4,39,14908.7,0,,0,0.0,
3684,4442,F,1921-04-29,77,1994-03-04,monthly,Cheb,west Bohemia,1994-03-04,1998-12-31,299,395289.0,368603.8,58,26685.1,0,,0,0.0,
3689,4449,M,1949-11-08,49,1995-11-29,monthly,Mlada Boleslav,central Bohemia,1995-11-29,1998-12-31,195,1194593.8,1109077.9,38,85515.4,0,,0,0.0,
3712,4476,M,1927-01-13,71,1994-09-13,monthly,Beroun,central Bohemia,1994-09-13,1998-12-31,247,314674.4,295934.6,52,18740.1,0,,0,0.0,
3718,4483,F,1966-08-29,32,1994-04-16,monthly,Vyskov,south Moravia,1994-04-16,1998-12-31,335,263487.4,222318.6,57,41168.6,0,,0,0.0,
3751,4526,F,1970-04-24,28,1993-09-15,monthly,Karvina,north Moravia,1993-09-15,1998-12-31,414,1380619.0,1329394.8,64,51223.8,0,,0,0.0,
3768,4544,F,1955-06-13,43,1997-06-06,monthly,Usti nad Orlici,east Bohemia,1997-06-06,1998-12-31,97,688161.6,611807.0,19,76354.3,0,,0,0.0,
27,33,F,1948-12-04,50,1993-09-26,monthly,Opava,north Moravia,1993-09-26,1998-12-31,352,618575.3,586378.8,64,32196.5,0,,0,0.0,
57,66,F,1951-11-10,47,1995-05-21,monthly,Hl.m. Praha,Prague,1995-05-21,1998-12-31,255,1009432.7,946427.8,44,63004.5,0,,0,0.0,
77,91,M,1940-08-07,58,1996-11-19,monthly,Vyskov,south Moravia,1996-11-19,1998-12-31,104,473642.7,454304.0,26,19338.7,0,,0,0.0,
80,94,M,1947-09-09,51,1995-09-27,monthly,Hradec Kralove,east Bohemia,1995-09-27,1998-12-31,176,135524.7,108174.4,40,27350.0,0,,0,0.0,
84,100,F,1942-08-11,56,1995-12-25,after_transaction,Chrudim,east Bohemia,1995-12-25,1998-12-31,211,1239517.6,1135396.0,37,104121.3,0,,0,0.0,
86,102,F,1958-09-10,40,1993-03-07,monthly,Ostrava - mesto,north Moravia,1993-03-07,1998-12-31,410,233434.8,211459.0,70,21975.6,0,,0,0.0,
90,107,M,1972-06-23,26,1994-07-13,monthly,Hl.m. Praha,Prague,1994-07-13,1998-12-31,457,1431980.4,1407853.4,54,24126.6,0,,0,0.0,
112,134,M,1932-01-18,66,1993-03-12,monthly,Kutna Hora,central Bohemia,1993-03-12,1998-12-31,356,468254.7,416444.0,70,51810.0,0,,0,0.0,
187,227,F,1926-12-18,72,1993-03-28,monthly,Usti nad Orlici,east Bohemia,1993-03-28,1998-12-31,322,294664.7,269436.4,70,25228.1,0,,0,0.0,
231,278,F,1972-12-27,26,1995-04-03,monthly,Domazlice,west Bohemia,1995-04-03,1998-12-31,227,143692.8,126547.0,45,17145.6,0,,0,0.0,
241,292,F,1958-09-06,40,1996-09-29,monthly,Cesky Krumlov,south Bohemia,1996-09-29,1998-12-31,190,147734.2,107825.2,28,39908.8,0,,0,0.0,
243,294,M,1968-03-21,30,1993-11-06,weekly,Jihlava,south Moravia,1993-11-06,1998-12-14,363,2470282.0,2455128.0,62,15153.4,0,,0,0.0,
248,300,F,1957-07-30,41,1995-04-02,monthly,Hl.m. Praha,Prague,1995-04-02,1998-12-31,208,1225190.7,1189858.0,45,35332.8,0,,0,0.0,
250,302,M,1971-02-23,27,1997-05-10,monthly,Breclav,south Moravia,1997-05-10,1998-12-31,99,149540.1,100894.4,20,48645.7,0,,0,0.0,
297,361,F,1977-05-25,21,1996-09-08,monthly,Ostrava - mesto,north Moravia,1996-09-08,1998-12-31,166,219692.2,158215.0,28,61477.0,0,,0,0.0,
342,419,F,1970-10-07,28,1996-10-13,monthly,Zlin,south Moravia,1996-10-13,1998-12-31,115,93620.0,73690.6,27,19929.3,0,,0,0.0,
406,491,M,1966-08-05,32,1996-09-03,monthly,Vyskov,south Moravia,1996-09-03,1998-12-31,154,89129.5,73961.8,28,15167.7,0,,0,0.0,
1294,1565,M,1960-05-19,38,1994-11-27,monthly,Novy Jicin,north Moravia,1994-11-27,1998-12-31,306,780606.6,720526.4,50,60080.1,0,,0,0.0,
1312,1587,M,1928-05-05,70,1994-10-15,monthly,Cheb,west Bohemia,1994-10-15,1998-12-31,254,291972.0,260397.0,51,31574.7,0,,0,0.0,
1325,1603,M,1968-08-27,30,1996-08-08,monthly,Plzen - mesto,west Bohemia,1996-08-08,1998-12-31,150,94815.2,73020.4,29,21794.5,0,,0,0.0,
1326,1605,F,1980-09-21,18,1996-11-11,monthly,Usti nad Orlici,east Bohemia,1996-11-11,1998-12-31,189,159208.5,141269.0,26,17939.3,0,,0,0.0,
1357,1644,M,1976-06-06,22,1995-11-20,monthly,Breclav,south Moravia,1995-11-20,1998-12-31,211,193845.5,131057.2,38,62788.2,0,,0,0.0,
1537,1863,M,1952-02-16,46,1997-06-06,monthly,Brno - mesto,south Moravia,1997-06-06,1998-12-31,76,241745.8,170929.8,19,70815.9,0,,0,0.0,
1541,1868,M,1980-02-16,18,1996-10-18,monthly,Prostejov,south Moravia,1996-10-18,1998-12-31,142,216284.1,199271.2,27,17012.6,0,,0,0.0,
1594,1932,F,1940-01-21,58,1997-04-06,monthly,Cesky Krumlov,south Bohemia,1997-04-06,1998-12-31,140,426826.3,377496.6,21,49329.7,0,,0,0.0,
1596,1934,F,1933-11-21,65,1997-10-05,monthly,Karvina,north Moravia,1997-10-05,1998-12-31,70,76589.0,49376.0,15,27213.1,0,,0,0.0,
1607,1948,F,1939-02-19,59,1996-04-20,monthly,Novy Jicin,north Moravia,1996-04-20,1998-12-31,169,820525.2,798578.2,33,21946.9,0,,0,0.0,
1608,1950,M,1929-07-06,69,1997-10-08,monthly,Plzen - mesto,west Bohemia,1997-10-08,1998-12-31,61,78610.5,56766.0,15,21844.5,0,,0,0.0,
1613,1956,F,1925-07-09,73,1995-09-13,monthly,Hl.m. Praha,Prague,1995-09-13,1998-12-31,175,251227.2,217016.4,40,34210.4,0,,0,0.0,
1664,2018,F,1945-08-25,53,1993-11-15,monthly,Breclav,south Moravia,1993-11-15,1998-12-31,344,1476111.0,1455841.6,62,20269.1,0,,0,0.0,
1710,2075,M,1922-01-29,76,1997-05-25,monthly,Ostrava - mesto,north Moravia,1997-05-25,1998-12-31,89,134054.1,84108.4,20,49945.6,0,,0,0.0,
1733,2103,F,1944-02-04,54,1996-04-20,monthly,Pisek,south Bohemia,1996-04-20,1998-12-31,161,993016.6,971582.6,33,21433.6,0,,0,0.0,
1758,2130,F,1945-10-29,53,1996-07-08,monthly,Tabor,south Bohemia,1996-07-08,1998-12-31,199,826937.9,743632.4,30,83305.5,0,,0,0.0,
1813,2197,F,1962-12-10,36,1994-02-11,monthly,Pardubice,east Bohemia,1994-02-11,1998-12-31,478,3087344.0,2996336.0,59,91007.5,0,,0,0.0,
1820,2206,F,1964-06-04,34,1994-04-22,monthly,Praha - vychod,central Bohemia,1994-04-22,1998-12-31,297,1035705.2,1006018.6,57,29686.4,0,,0,0.0,
3202,3872,M,1930-04-19,68,1997-06-04,monthly,Mlada Boleslav,central Bohemia,1997-06-04,1998-12-31,105,94408.3,74499.4,19,19908.9,0,,0,0.0,
3224,3899,F,1919-09-20,79,1996-11-10,monthly,Brno - venkov,south Moravia,1996-11-10,1998-12-31,145,171691.8,147539.6,26,24152.1,0,,0,0.0,
3247,3927,F,1948-02-23,50,1996-04-11,monthly,Trebic,south Moravia,1996-04-11,1998-12-31,203,270659.0,243748.2,33,26910.6,0,,0,0.0,
3258,3942,M,1952-08-13,46,1993-06-05,monthly,Blansko,south Moravia,1993-06-05,1998-12-31,406,1902763.6,1813959.4,66,88803.7,0,,0,0.0,
3271,3960,M,1964-01-06,34,1996-10-12,monthly,Mlada Boleslav,central Bohemia,1996-10-12,1998-12-31,118,114079.3,94813.6,27,19265.5,0,,0,0.0,
3281,3972,M,1930-06-01,68,1997-08-06,monthly,Hl.m. Praha,Prague,1997-08-06,1998-12-31,70,102330.1,81448.6,17,20881.4,0,,0,0.0,
3283,3974,M,1938-08-24,60,1993-03-26,monthly,Frydek - Mistek,north Moravia,1993-03-26,1998-12-31,364,1394845.7,1374714.4,70,20131.2,0,,0,0.0,
3292,3983,F,1926-05-22,72,1993-12-21,monthly,Hl.m. Praha,Prague,1993-12-21,1998-12-31,277,293788.8,268893.0,61,24895.3,0,,0,0.0,
3330,4026,F,1945-09-24,53,1995-07-08,monthly,Sumperk,north Moravia,1995-07-08,1998-12-31,248,1799289.0,1749310.2,42,49978.5,0,,0,0.0,
3335,4032,F,1964-08-02,34,1996-02-18,monthly,Jablonec n. Nisou,north Bohemia,1996-02-18,1998-12-31,143,114497.0,87593.4,35,26903.3,0,,0,0.0,
3342,4040,F,1961-05-17,37,1997-10-06,monthly,Kromeriz,south Moravia,1997-10-06,1998-12-31,68,255165.1,216936.0,15,38229.0,0,,0,0.0,
3384,4092,F,1933-11-11,65,1995-11-05,monthly,Ceske Budejovice,south Bohemia,1995-11-05,1998-12-31,189,242438.9,195291.8,38,47146.8,0,,0,0.0,
3421,4136,M,1959-01-06,39,1995-02-01,monthly,Tachov,west Bohemia,1995-02-01,1998-12-31,270,949360.8,881993.2,47,67367.3,0,,0,0.0,
3424,4139,M,1969-07-20,29,1993-02-16,monthly,Ostrava - mesto,north Moravia,1993-02-16,1998-12-31,562,2396149.9,2300852.4,71,95296.6,0,,0,0.0,
3436,4156,F,1962-11-02,36,1995-06-24,monthly,Kolin,central Bohemia,1995-06-24,1998-12-31,180,145299.8,117124.2,43,28175.6,0,,0,0.0,
3450,4172,F,1945-04-29,53,1996-12-13,monthly,Hl.m. Praha,Prague,1996-12-13,1998-12-31,132,1040397.9,977667.0,25,62730.6,0,,0,0.0,
3452,4174,M,1927-02-11,71,1996-12-13,monthly,Vyskov,south Moravia,1996-12-13,1998-12-31,111,120331.2,98981.0,25,21350.1,0,,0,0.0,
3457,4179,M,1920-07-29,78,1994-10-01,monthly,Brno - mesto,south Moravia,1994-10-01,1998-12-31,231,217810.9,191433.6,51,26376.9,0,,0,0.0,
3462,4185,F,1964-04-23,34,1996-03-04,monthly,Trutnov,east Bohemia,1996-03-04,1998-12-31,226,379928.1,340143.4,34,39784.7,0,,0,0.0,
3492,4220,M,1963-09-15,35,1995-09-10,monthly,Decin,north Bohemia,1995-09-10,1998-12-31,258,924646.0,884099.4,40,40546.5,0,,0,0.0,
3531,4262,F,1925-04-24,73,1996-05-03,monthly,Kromeriz,south Moravia,1996-05-03,1998-12-31,167,226840.6,186190.2,32,40650.5,0,,0,0.0,
3535,4266,F,1974-01-26,24,1993-10-05,monthly,Hl.m. Praha,Prague,1993-10-05,1998-12-31,301,207327.3,180544.8,63,26782.4,0,,0,0.0,
3539,4272,F,1978-08-30,20,1994-06-08,monthly,Havlickuv Brod,east Bohemia,1994-06-08,1998-12-31,300,419804.7,379959.2,55,39845.4,0,,0,0.0,
1773,2149,F,1923-04-09,75,1993-04-19,monthly,Decin,north Bohemia,1993-04-19,1998-12-31,313,298114.0,280830.8,69,17283.0,0,,0,0.0,
1832,2223,F,1943-05-24,55,1996-04-01,monthly,Karvina,north Moravia,1996-04-01,1998-12-31,273,777175.4,725077.8,33,52097.1,0,,0,0.0,
1857,2252,M,1965-11-15,33,1997-08-18,monthly,Litomerice,north Bohemia,1997-08-18,1998-12-31,91,154850.7,97328.6,17,57522.1,0,,0,0.0,
1868,2266,M,1939-01-23,59,1997-11-29,weekly,Jindrichuv Hradec,south Bohemia,1997-11-29,1998-11-24,24,79094.1,49700.0,13,29393.8,0,,0,0.0,
1882,2283,M,1961-08-09,37,1993-12-21,monthly,Hl.m. Praha,Prague,1993-12-21,1998-12-31,404,403672.1,389168.0,61,14503.5,0,,0,0.0,
1918,2328,M,1968-10-02,30,1994-04-10,monthly,Karlovy Vary,west Bohemia,1994-04-10,1998-12-31,296,424444.7,403522.2,57,20922.1,0,,0,0.0,
1921,2331,F,1957-05-31,41,1997-06-27,monthly,Havlickuv Brod,east Bohemia,1997-06-27,1998-12-31,98,77295.7,59021.8,19,18273.8,0,,0,0.0,
1968,2393,F,1976-08-23,22,1997-10-14,weekly,Jindrichuv Hradec,south Bohemia,1997-10-14,1998-12-31,51,196528.7,176470.0,15,20058.5,0,,0,0.0,
1997,2426,M,1927-06-09,71,1996-09-05,monthly,Ostrava - mesto,north Moravia,1996-09-05,1998-12-31,165,198792.1,174622.8,28,24169.4,0,,0,0.0,
2003,2433,M,1964-06-19,34,1995-11-27,monthly,Ceska Lipa,north Bohemia,1995-11-27,1998-12-31,206,1912843.1,1844509.2,38,68333.5,0,,0,0.0,
2016,2449,M,1967-12-28,31,1997-02-23,monthly,Hl.m. Praha,Prague,1997-02-23,1998-12-31,159,95464.0,77714.2,23,17749.6,0,,0,0.0,
2028,2463,M,1944-12-17,54,1994-11-26,weekly,Melnik,central Bohemia,1994-11-26,1998-12-31,217,1236773.1,1186914.0,50,49858.9,0,,0,0.0,
2078,2520,M,1944-07-30,54,1993-07-08,monthly,Uherske Hradiste,south Moravia,1993-07-08,1998-12-31,380,1057250.6,1012636.0,66,44613.9,0,,0,0.0,
2127,2573,F,1965-03-10,33,1997-05-09,monthly,Hl.m. Praha,Prague,1997-05-09,1998-12-31,99,78450.7,63369.4,20,15081.2,0,,0,0.0,
2132,2578,M,1954-07-08,44,1993-10-08,monthly,Sumperk,north Moravia,1993-10-08,1998-12-31,309,1489301.5,1427686.8,63,61614.3,0,,0,0.0,
2136,2583,M,1937-06-17,61,1997-10-02,monthly,Prerov,north Moravia,1997-10-02,1998-12-31,60,173445.4,116546.0,15,56899.1,0,,0,0.0,
2183,2643,F,1946-01-07,52,1997-07-17,monthly,Brno - mesto,south Moravia,1997-07-17,1998-12-31,80,309562.6,264875.2,18,44687.3,0,,0,0.0,
2192,2654,F,1939-10-08,59,1996-03-22,monthly,Kromeriz,south Moravia,1996-03-22,1998-12-31,232,784556.1,731772.8,34,52783.1,0,,0,0.0,
2261,2738,M,1951-04-25,47,1996-12-27,weekly,Hl.m. Praha,Prague,1996-12-27,1998-12-31,96,519507.8,471907.0,24,47600.5,0,,0,0.0,
2269,2747,M,1936-10-14,62,1993-11-04,monthly,Kutna Hora,central Bohemia,1993-11-04,1998-12-31,357,693935.8,667409.2,62,26526.4,0,,0,0.0,
3562,4299,F,1977-09-15,21,1996-07-19,monthly,Svitavy,east Bohemia,1996-07-19,1998-12-31,200,1295219.5,1241897.1,30,53322.3,0,,1,174960.0,C
3637,4386,F,1945-12-27,53,1995-10-28,monthly,Blansko,south Moravia,1995-10-28,1998-12-31,280,680589.9,606253.8,39,74335.9,0,,1,14028.0,A
19,25,F,1939-04-23,59,1995-04-07,monthly,Tabor,south Bohemia,1995-04-07,1998-12-31,303,793194.6,782321.3,45,10873.0,0,,1,30276.0,B
3747,4520,F,1957-06-28,41,1994-05-01,monthly,Hl.m. Praha,Prague,1994-05-01,1998-12-31,421,649474.5,632396.6,56,17077.6,0,,1,76380.0,A
3859,4652,M,1962-02-26,36,1996-04-23,monthly,Blansko,south Moravia,1996-04-23,1998-12-31,173,909067.6,888656.6,33,20411.1,0,,1,307200.0,D
3967,4786,M,1938-08-16,60,1996-09-22,monthly,Brno - mesto,south Moravia,1996-09-22,1998-12-31,189,1240671.9,1155296.4,28,85375.5,0,,1,84600.0,D
4268,5143,M,1973-03-09,25,1997-02-20,monthly,Vsetin,north Moravia,1997-02-20,1998-12-31,141,345444.8,283488.2,23,61956.4,0,,1,41988.0,C
3679,4434,M,1964-03-29,34,1995-08-15,monthly,Zlin,south Moravia,1995-08-15,1998-12-31,299,852091.3,808318.0,41,43773.1,0,,1,444864.0,C
1329,1608,M,1941-11-11,57,1996-09-16,monthly,Blansko,south Moravia,1996-09-16,1998-12-31,175,368721.0,342642.6,28,26078.7,0,,1,23520.0,A
1389,1681,M,1940-11-25,58,1997-08-05,monthly,Chomutov,north Bohemia,1997-08-05,1998-12-31,126,699563.0,636430.8,17,63132.5,0,,1,125472.0,C
1776,2153,F,1949-05-16,49,1997-07-27,monthly,Liberec,north Bohemia,1997-07-27,1998-12-31,103,260662.9,220895.2,18,39767.5,0,,1,43200.0,C
2035,2470,M,1943-06-14,55,1996-05-10,monthly,Blansko,south Moravia,1996-05-10,1998-12-31,282,1017537.7,942145.8,32,75392.1,0,,1,176328.0,C
2245,2719,F,1964-10-30,34,1993-03-30,monthly,Rokycany,west Bohemia,1993-03-30,1998-12-31,408,2506165.5,2380884.2,70,125279.8,0,,1,347952.0,C
718,861,F,1956-09-13,42,1996-03-03,monthly,Hl.m. Praha,Prague,1996-03-03,1998-12-31,281,1413014.4,1369361.6,34,43652.8,1,classic,1,76944.0,A
3324,4018,F,1980-09-07,18,1997-10-17,monthly,Beroun,central Bohemia,1997-10-17,1998-12-31,77,143395.4,86155.4,15,57240.0,1,junior,0,0.0,
3558,4293,F,1959-12-16,39,1993-05-23,monthly,Kladno,central Bohemia,1993-05-23,1998-12-31,569,3212380.5,3145722.2,68,66657.9,1,classic,0,0.0,
3745,4518,F,1952-04-04,46,1993-08-04,monthly,Most,north Bohemia,1993-08-04,1998-12-31,476,2146325.4,2090750.0,65,55575.0,1,classic,0,0.0,
3806,4587,F,1978-05-06,20,1996-04-18,monthly,Liberec,north Bohemia,1996-04-18,1998-12-31,220,797974.2,743496.2,33,54477.8,1,junior,0,0.0,
3848,4639,M,1980-05-16,18,1996-07-10,monthly,Strakonice,south Bohemia,1996-07-10,1998-12-31,167,396180.3,315310.0,30,80870.1,1,junior,0,0.0,
66,77,F,1956-02-18,42,1993-12-03,after_transaction,Hl.m. Praha,Prague,1993-12-03,1998-12-31,316,2989785.1,2889532.0,61,100252.6,1,classic,0,0.0,
348,425,M,1948-02-12,50,1995-11-15,monthly,Klatovy,west Bohemia,1995-11-15,1998-12-31,177,748372.3,675267.2,38,73104.9,1,classic,0,0.0,
412,497,M,1953-02-02,45,1996-01-21,monthly,Ostrava - mesto,north Moravia,1996-01-21,1998-12-31,215,1147991.1,1084414.6,36,63576.5,1,classic,0,0.0,
468,562,F,1975-09-22,23,1996-03-19,monthly,Semily,east Bohemia,1996-03-19,1998-12-31,209,830433.1,743940.8,34,86492.1,1,gold,0,0.0,
3710,4473,M,1944-12-27,54,1995-02-25,monthly,Hl.m. Praha,Prague,1995-02-25,1998-12-31,262,600362.7,582684.6,47,17678.0,1,classic,0,0.0,
3758,4534,M,1954-12-24,44,1995-09-19,monthly,Louny,north Bohemia,1995-09-19,1998-12-31,216,343755.1,302011.4,40,41743.8,1,classic,0,0.0,
3788,4568,M,1982-04-26,16,1993-04-10,monthly,Karvina,north Moravia,1993-04-10,1998-12-31,409,585962.4,497328.2,69,88634.3,1,junior,0,0.0,
4283,5159,M,1964-12-02,34,1994-10-16,monthly,Most,north Bohemia,1994-10-16,1998-12-31,236,1169615.4,1068977.0,51,100638.1,1,classic,0,0.0,
503,605,F,1970-08-27,28,1996-08-08,monthly,Hl.m. Praha,Prague,1996-08-08,1998-12-31,159,469399.4,417850.4,29,51548.6,1,classic,0,0.0,
804,963,F,1966-12-17,32,1996-02-06,monthly,Zlin,south Moravia,1996-02-06,1998-12-31,214,344290.0,272783.4,35,71506.3,1,classic,0,0.0,
830,999,F,1966-09-01,32,1993-02-08,monthly,Ostrava - mesto,north Moravia,1993-02-08,1998-12-31,318,1281525.4,1223909.0,71,57616.0,1,classic,0,0.0,
3315,4007,M,1948-11-07,50,1995-08-24,monthly,Cheb,west Bohemia,1995-08-24,1998-12-31,180,540079.5,438451.0,41,101628.1,1,classic,0,0.0,
3359,4061,M,1978-12-24,20,1996-07-30,monthly,Mlada Boleslav,central Bohemia,1996-07-30,1998-12-31,159,142583.9,111062.4,30,31521.1,1,junior,0,0.0,
3446,4167,F,1949-05-31,49,1996-09-27,after_transaction,Kutna Hora,central Bohemia,1996-09-27,1998-12-31,183,1337568.0,1241894.0,28,95673.9,1,classic,0,0.0,
3502,4230,F,1961-11-11,37,1996-03-08,monthly,Ostrava - mesto,north Moravia,1996-03-08,1998-12-31,181,843355.2,765665.4,34,77689.6,1,classic,0,0.0,
3598,4341,M,1964-05-01,34,1997-11-02,monthly,Sumperk,north Moravia,1997-11-02,1998-12-31,65,236395.1,201381.4,14,35013.6,1,classic,0,0.0,
7,9,M,1935-10-16,63,1996-11-24,monthly,Prostejov,south Moravia,1996-11-24,1998-12-31,130,630267.9,561772.0,26,68495.5,1,gold,0,0.0,
48,56,M,1960-03-31,38,1996-11-17,monthly,Tabor,south Bohemia,1996-11-17,1998-12-31,151,634067.7,563152.0,26,70915.5,1,classic,0,0.0,
144,174,M,1978-11-10,20,1997-04-03,weekly,Praha - vychod,central Bohemia,1997-04-03,1998-12-31,122,808867.2,724392.4,21,84474.9,1,junior,0,0.0,
211,254,M,1963-05-30,35,1997-07-19,monthly,Plzen - sever,west Bohemia,1997-07-19,1998-12-31,86,742148.0,673610.6,18,68537.4,1,classic,0,0.0,
222,267,M,1967-06-12,31,1993-03-15,monthly,Litomerice,north Bohemia,1993-03-15,1998-12-31,357,2597766.9,2537814.4,70,59952.5,1,classic,0,0.0,
256,309,F,1969-12-14,29,1995-05-14,monthly,Litomerice,north Bohemia,1995-05-14,1998-12-31,206,900496.3,883454.8,44,17041.3,1,classic,0,0.0,
363,441,M,1959-09-14,39,1994-05-06,monthly,Hl.m. Praha,Prague,1994-05-06,1998-12-31,336,2385028.2,2281531.2,56,103496.4,1,classic,0,0.0,
386,466,F,1947-11-19,51,1997-08-11,monthly,Hl.m. Praha,Prague,1997-08-11,1998-12-31,87,337811.2,257147.2,17,80663.8,1,classic,0,0.0,
390,471,M,1977-01-11,21,1996-02-16,monthly,Chrudim,east Bohemia,1996-02-16,1998-12-31,273,2317028.7,2207407.2,35,109621.4,1,classic,0,0.0,
392,473,F,1939-09-25,59,1996-07-14,monthly,Hl.m. Praha,Prague,1996-07-14,1998-12-31,192,473054.5,417410.4,30,55644.0,1,classic,0,0.0,
427,513,F,1974-01-11,24,1994-07-24,monthly,Mlada Boleslav,central Bohemia,1994-07-24,1998-12-31,313,1348334.9,1261454.8,54,86880.0,1,classic,0,0.0,
1511,1831,M,1976-10-09,22,1994-03-13,after_transaction,Trutnov,east Bohemia,1994-03-13,1998-12-31,335,2513123.8,2418066.8,58,95056.5,1,junior,0,0.0,
1513,1833,M,1966-11-15,32,1993-08-23,monthly,Sokolov,west Bohemia,1993-08-23,1998-12-31,553,1082144.0,999289.4,65,82854.7,1,classic,0,0.0,
1547,1876,M,1951-07-01,47,1993-09-14,monthly,Hl.m. Praha,Prague,1993-09-14,1998-12-31,299,1581750.7,1531926.8,64,49823.9,1,gold,0,0.0,
1579,1912,M,1972-02-26,26,1994-08-09,monthly,Hodonin,south Moravia,1994-08-09,1998-12-31,310,714061.9,634396.8,53,79664.9,1,classic,0,0.0,
1660,2013,F,1940-07-10,58,1995-09-22,monthly,Hl.m. Praha,Prague,1995-09-22,1998-12-31,203,1329267.8,1222352.8,40,106915.1,1,classic,0,0.0,
1732,2102,M,1941-05-27,57,1996-02-20,monthly,Trutnov,east Bohemia,1996-02-20,1998-12-31,176,829312.1,764473.4,35,64838.4,1,classic,0,0.0,
1749,2121,M,1979-09-25,19,1995-10-14,monthly,Zlin,south Moravia,1995-10-14,1998-12-31,233,1908994.1,1838273.8,39,70720.0,1,junior,0,0.0,
1753,2125,M,1975-04-12,23,1997-06-14,monthly,Novy Jicin,north Moravia,1997-06-14,1998-12-06,38,174483.8,125600.0,19,48884.0,1,gold,0,0.0,
1789,2168,F,1963-07-12,35,1993-10-23,monthly,Nachod,east Bohemia,1993-10-23,1998-12-26,74,94444.0,41300.0,62,53143.9,1,classic,0,0.0,
3269,3958,F,1946-04-30,52,1995-09-03,monthly,Litomerice,north Bohemia,1995-09-03,1998-12-31,215,1395122.4,1320157.6,40,74964.5,1,classic,0,0.0,
3366,4069,M,1959-03-07,39,1996-03-02,monthly,Frydek - Mistek,north Moravia,1996-03-02,1998-12-31,218,529682.7,479319.4,34,50363.0,1,classic,0,0.0,
3377,4083,F,1968-01-30,30,1996-12-02,monthly,Ostrava - mesto,north Moravia,1996-12-02,1998-12-31,130,588005.3,522672.0,25,65333.3,1,classic,0,0.0,
3386,4094,M,1979-12-19,19,1995-05-23,monthly,Benesov,central Bohemia,1995-05-23,1998-12-31,262,1617827.8,1608988.5,44,8839.1,1,junior,0,0.0,
3444,4165,M,1955-03-13,43,1997-09-04,weekly,Blansko,south Moravia,1997-09-04,1998-12-31,74,338741.6,248848.0,16,89893.5,1,classic,0,0.0,
3476,4201,M,1977-07-19,21,1995-12-16,monthly,Beroun,central Bohemia,1995-12-16,1998-12-31,227,505941.3,454116.6,37,51824.5,1,junior,0,0.0,
2001,2431,M,1966-10-10,32,1994-05-19,monthly,Prerov,north Moravia,1994-05-19,1998-12-31,339,2366815.6,2280321.0,56,86494.7,1,classic,0,0.0,
2039,2475,F,1982-02-02,16,1993-03-12,monthly,Chrudim,east Bohemia,1993-03-12,1998-12-05,226,464877.5,432125.6,69,32751.2,1,junior,0,0.0,
2052,2490,F,1961-03-26,37,1993-10-20,monthly,Trebic,south Moravia,1993-10-20,1998-12-31,467,704598.1,652936.2,63,51661.2,1,classic,0,0.0,
2069,2508,F,1965-08-07,33,1997-10-08,monthly,Olomouc,north Moravia,1997-10-08,1998-12-31,104,275077.5,222980.0,15,52097.2,1,classic,0,0.0,
2156,2609,M,1977-05-09,21,1996-09-11,monthly,Hl.m. Praha,Prague,1996-09-11,1998-12-31,146,720855.5,671284.2,28,49571.2,1,classic,0,0.0,
2263,2740,F,1967-11-23,31,1996-03-12,monthly,Liberec,north Bohemia,1996-03-12,1998-12-31,186,659449.0,568524.8,34,90924.0,1,classic,0,0.0,
540,651,F,1976-01-27,22,1993-10-16,monthly,Brno - mesto,south Moravia,1993-10-16,1998-12-31,367,588137.2,564826.0,63,23311.1,0,,0,0.0,
558,671,F,1971-02-27,27,1996-06-15,monthly,Praha - vychod,central Bohemia,1996-06-15,1998-12-31,195,323510.4,276446.0,31,47064.2,0,,0,0.0,
616,740,M,1923-11-07,75,1993-10-14,monthly,Brno - venkov,south Moravia,1993-10-14,1998-12-31,334,431536.0,402645.2,63,28890.6,0,,0,0.0,
621,745,F,1966-02-14,32,1996-06-01,monthly,Usti nad Orlici,east Bohemia,1996-06-01,1998-12-31,191,841109.3,789742.6,31,51366.4,0,,0,0.0,
632,759,M,1955-05-20,43,1996-05-14,monthly,Rokycany,west Bohemia,1996-05-14,1998-12-31,194,101646.5,80599.6,32,21046.9,0,,0,0.0,
640,768,F,1931-09-23,67,1993-06-02,monthly,Ceska Lipa,north Bohemia,1993-06-02,1998-12-31,305,298664.8,262498.2,67,36166.3,0,,0,0.0,
645,774,M,1973-03-03,25,1997-08-21,monthly,Karvina,north Moravia,1997-08-21,1998-12-31,105,926559.7,836023.0,17,90536.6,0,,0,0.0,
649,779,F,1944-06-12,54,1994-05-17,weekly,Jesenik,north Moravia,1994-05-17,1998-12-31,322,2016786.2,1964652.6,56,52133.4,0,,0,0.0,
654,785,M,1934-09-09,64,1994-10-16,monthly,Vyskov,south Moravia,1994-10-16,1998-12-31,241,311057.4,266652.0,51,44405.1,0,,0,0.0,
659,790,F,1967-05-09,31,1996-12-14,monthly,Vyskov,south Moravia,1996-12-14,1998-12-31,150,110515.6,88187.4,25,22328.0,0,,0,0.0,
688,825,M,1977-04-02,21,1993-11-25,monthly,Ostrava - mesto,north Moravia,1993-11-25,1998-12-31,351,278579.9,261760.6,62,16818.8,0,,0,0.0,
694,832,F,1923-12-23,75,1996-09-04,monthly,Bruntal,north Moravia,1996-09-04,1998-12-31,134,180662.9,138493.8,28,42168.9,0,,0,0.0,
736,883,F,1920-01-06,78,1997-12-07,monthly,Prerov,north Moravia,1997-12-07,1998-12-31,47,53663.2,30588.8,13,23074.3,0,,0,0.0,
749,898,F,1943-04-27,55,1997-03-23,monthly,Louny,north Bohemia,1997-03-23,1998-12-31,165,225169.2,194964.6,22,30204.5,0,,0,0.0,
755,905,M,1940-10-23,58,1997-09-27,monthly,Louny,north Bohemia,1997-09-27,1998-12-31,83,413364.2,345446.0,16,67918.3,0,,0,0.0,
763,913,M,1938-11-18,60,1995-02-23,monthly,Hl.m. Praha,Prague,1995-02-23,1998-12-31,260,612672.2,571915.6,47,40756.2,0,,0,0.0,
777,929,M,1935-04-23,63,1997-12-28,monthly,Sokolov,west Bohemia,1997-12-28,1998-12-31,79,662914.7,592367.4,13,70547.3,0,,0,0.0,
794,952,F,1951-05-01,47,1997-04-24,monthly,Vyskov,south Moravia,1997-04-24,1998-12-31,92,62390.6,44349.0,21,18041.7,0,,0,0.0,
803,962,M,1966-02-19,32,1995-09-09,monthly,Prachatice,south Bohemia,1995-09-09,1998-12-31,206,1298610.4,1285811.7,40,12798.7,0,,0,0.0,
840,1012,F,1966-02-13,32,1996-03-12,monthly,Karvina,north Moravia,1996-03-12,1998-12-31,186,911181.8,848417.4,34,62764.2,0,,0,0.0,
908,1093,F,1976-07-28,22,1994-04-29,monthly,Uherske Hradiste,south Moravia,1994-04-29,1998-12-31,271,312470.5,292609.2,57,19861.3,0,,0,0.0,
910,1096,F,1926-03-03,72,1997-02-03,monthly,Hl.m. Praha,Prague,1997-02-03,1998-12-31,104,121188.1,86518.8,23,34669.1,0,,0,0.0,
923,1112,F,1930-07-25,68,1996-02-07,monthly,Rakovnik,central Bohemia,1996-02-07,1998-12-31,182,202912.9,173258.0,35,29654.7,0,,0,0.0,
3234,3912,F,1945-03-07,53,1995-09-16,monthly,Hl.m. Praha,Prague,1995-09-16,1998-12-31,193,188813.0,174792.4,40,14020.2,0,,0,0.0,
3239,3918,M,1974-01-10,24,1996-06-19,monthly,Kolin,central Bohemia,1996-06-19,1998-12-31,158,672273.6,642573.0,31,29700.3,0,,0,0.0,
3252,3934,M,1968-10-15,30,1995-06-12,monthly,Pribram,central Bohemia,1995-06-12,1998-12-31,279,136154.3,106149.8,43,30004.4,0,,0,0.0,
3267,3954,M,1957-10-31,41,1993-07-21,monthly,Zlin,south Moravia,1993-07-21,1998-12-31,383,894772.2,847579.0,66,47192.6,0,,0,0.0,
3280,3971,M,1966-02-20,32,1996-04-24,monthly,Hl.m. Praha,Prague,1996-04-24,1998-12-31,190,508527.1,478284.2,33,30242.9,0,,0,0.0,
3327,4021,M,1948-12-10,50,1993-04-16,monthly,Jicin,east Bohemia,1993-04-16,1998-12-31,438,851883.9,782631.8,69,69251.6,0,,0,0.0,
3334,4031,M,1975-05-22,23,1996-07-09,monthly,Bruntal,north Moravia,1996-07-09,1998-11-26,49,169977.3,127600.0,27,42377.2,0,,0,0.0,
3337,4034,M,1937-07-17,61,1997-02-22,after_transaction,Jihlava,south Moravia,1997-02-22,1998-12-31,160,1290492.9,1186123.0,23,104369.9,0,,0,0.0,
3351,4053,F,1929-09-23,69,1996-03-08,monthly,Karvina,north Moravia,1996-03-08,1998-12-31,169,193053.3,167593.4,34,25459.6,0,,0,0.0,
3368,4073,M,1955-02-10,43,1995-09-14,monthly,Karlovy Vary,west Bohemia,1995-09-14,1998-12-31,294,695861.4,602416.4,40,93445.1,0,,0,0.0,
3376,4082,F,1961-01-15,37,1996-11-17,monthly,Jihlava,south Moravia,1996-11-17,1998-12-31,130,541003.5,497526.0,26,43477.3,0,,0,0.0,
3387,4095,M,1974-09-14,24,1996-12-28,weekly,Klatovy,west Bohemia,1996-12-28,1998-12-31,130,900513.2,831887.0,25,68626.0,0,,0,0.0,
3402,4113,F,1947-09-09,51,1995-03-16,weekly,Sumperk,north Moravia,1995-03-16,1998-12-31,380,2254620.7,2145209.0,46,109411.3,0,,0,0.0,
3407,4118,M,1978-06-17,20,1993-08-24,monthly,Plzen - sever,west Bohemia,1993-08-24,1998-12-31,321,1464926.1,1398084.4,65,66841.4,0,,0,0.0,
3470,4193,F,1937-02-28,61,1997-01-12,monthly,Mlada Boleslav,central Bohemia,1997-01-12,1998-12-31,98,128259.1,78728.8,24,49530.1,0,,0,0.0,
3472,4196,F,1951-01-16,47,1996-07-21,monthly,Brno - venkov,south Moravia,1996-07-21,1998-12-31,216,628924.4,573823.4,30,55100.7,0,,0,0.0,
3490,4218,F,1939-10-06,59,1995-11-26,monthly,Rychnov nad Kneznou,east Bohemia,1995-11-26,1998-12-10,36,52300.0,41800.0,36,10500.0,0,,0,0.0,
3514,4243,M,1958-01-26,40,1993-02-03,monthly,Melnik,central Bohemia,1993-02-03,1998-12-31,351,247598.0,222925.6,71,24671.8,0,,0,0.0,
3564,4301,F,1956-05-03,42,1996-11-17,monthly,Ceske Budejovice,south Bohemia,1996-11-17,1998-12-31,118,211450.8,172792.0,26,38658.7,0,,0,0.0,
3575,4313,F,1968-02-21,30,1993-09-08,monthly,Blansko,south Moravia,1993-09-08,1998-12-31,371,588921.4,560661.4,64,28259.4,0,,0,0.0,
3599,4342,F,1918-04-07,80,1994-03-20,monthly,Vyskov,south Moravia,1994-03-20,1998-12-31,273,315812.3,283670.2,58,32141.5,0,,0,0.0,
1311,1585,M,1935-07-20,63,1996-01-03,monthly,Prostejov,south Moravia,1996-01-03,1998-12-31,194,571752.0,554016.6,36,17735.2,0,,0,0.0,
1336,1617,F,1950-04-30,48,1997-02-26,monthly,Kolin,central Bohemia,1997-02-26,1998-12-31,125,418957.0,395616.2,23,23340.9,0,,0,0.0,
1342,1624,M,1965-09-10,33,1997-10-09,monthly,Nymburk,central Bohemia,1997-10-09,1998-12-31,105,382911.5,345749.2,15,37162.3,0,,0,0.0,
1361,1648,M,1952-03-12,46,1996-12-09,monthly,Nachod,east Bohemia,1996-12-09,1998-12-31,125,551426.1,501077.4,25,50348.6,0,,0,0.0,
1370,1658,F,1929-08-21,69,1996-09-25,monthly,Usti nad Orlici,east Bohemia,1996-09-25,1998-12-31,125,160475.5,120765.2,28,39710.3,0,,0,0.0,
1413,1713,M,1935-04-21,63,1995-06-07,monthly,Znojmo,south Moravia,1995-06-07,1998-12-31,294,656314.8,623134.2,43,33180.7,0,,0,0.0,
1416,1717,F,1979-03-07,19,1993-07-12,weekly,Opava,north Moravia,1993-07-12,1998-12-13,344,2083765.7,2090512.1,66,-6746.2,0,,0,0.0,
1424,1727,M,1951-01-21,47,1997-05-20,monthly,Ceska Lipa,north Bohemia,1997-05-20,1998-12-31,101,370944.1,349484.4,20,21459.5,0,,0,0.0,
1451,1760,M,1923-03-07,75,1993-06-24,monthly,Vsetin,north Moravia,1993-06-24,1998-12-31,348,435316.3,413494.6,67,21821.2,0,,0,0.0,
1474,1786,F,1934-06-25,64,1996-09-14,monthly,Vyskov,south Moravia,1996-09-14,1998-12-31,115,111916.6,91056.2,28,20860.1,0,,0,0.0,
1484,1798,M,1933-07-08,65,1996-09-23,monthly,Karvina,north Moravia,1996-09-23,1998-12-31,146,181346.3,147185.2,28,34160.9,0,,0,0.0,
1501,1820,F,1928-11-20,70,1996-08-11,monthly,Svitavy,east Bohemia,1996-08-11,1998-12-31,131,165239.9,138873.8,29,26365.9,0,,0,0.0,
1505,1824,M,1960-08-03,38,1993-04-23,monthly,Jesenik,north Moravia,1993-04-23,1998-12-31,288,703013.5,711573.6,69,-8560.6,0,,0,0.0,
1530,1854,F,1932-05-27,66,1995-05-27,monthly,Karvina,north Moravia,1995-05-27,1998-12-31,193,242484.1,224364.8,44,18119.3,0,,0,0.0,
1539,1866,F,1942-06-11,56,1993-01-03,after_transaction,Zlin,south Moravia,1993-01-03,1998-12-31,452,1821738.7,1812781.2,72,8957.3,0,,0,0.0,
1542,1869,F,1933-02-14,65,1996-04-25,monthly,Hl.m. Praha,Prague,1996-04-25,1998-12-31,155,227006.3,205099.2,33,21906.9,0,,0,0.0,
1582,1916,M,1926-07-19,72,1996-05-01,monthly,Plzen - sever,west Bohemia,1996-05-01,1998-12-31,171,194595.5,175290.2,32,19305.2,0,,0,0.0,
1598,1936,F,1955-10-16,43,1997-04-12,monthly,Cesky Krumlov,south Bohemia,1997-04-12,1998-12-31,125,877569.3,823681.6,21,53887.5,0,,0,0.0,
1601,1941,F,1921-07-12,77,1993-02-09,monthly,Praha - vychod,central Bohemia,1993-02-09,1998-12-31,326,289116.0,271143.0,71,17972.3,0,,0,0.0,
1615,1959,M,1920-12-26,78,1997-10-20,monthly,Hl.m. Praha,Prague,1997-10-20,1998-12-31,60,94368.8,82131.4,15,12237.3,0,,0,0.0,
1629,1974,M,1918-07-14,80,1995-11-02,monthly,Praha - vychod,central Bohemia,1995-11-02,1998-12-31,177,203780.9,173679.8,38,30101.0,0,,0,0.0,
1663,2016,M,1934-10-09,64,1996-11-02,monthly,Brno - venkov,south Moravia,1996-11-02,1998-12-31,145,169526.7,115236.6,26,54290.0,0,,0,0.0,
1671,2029,F,1923-09-19,75,1993-05-05,monthly,Kolin,central Bohemia,1993-05-05,1998-12-31,416,455022.2,434295.8,68,20726.4,0,,0,0.0,
1683,2043,F,1954-09-15,44,1996-11-01,monthly,Vsetin,north Moravia,1996-11-01,1998-12-31,182,321422.9,282899.6,26,38523.3,0,,0,0.0,
1692,2055,F,1976-08-31,22,1995-03-29,monthly,Breclav,south Moravia,1995-03-29,1998-12-08,196,840041.9,821411.0,46,18630.8,0,,0,0.0,
1693,2056,M,1978-12-09,20,1997-04-29,after_transaction,Hl.m. Praha,Prague,1997-04-29,1998-12-31,97,596927.3,553505.0,21,43422.3,0,,0,0.0,
1694,2057,F,1976-01-02,22,1993-08-29,weekly,Kutna Hora,central Bohemia,1993-08-29,1998-12-31,371,2589811.4,2579981.0,65,9829.9,0,,0,0.0,
2787,3365,F,1966-07-30,32,1997-12-07,monthly,Hl.m. Praha,Prague,1997-12-07,1998-12-31,61,290306.7,250620.8,13,39686.0,0,,0,0.0,
2789,3368,F,1952-10-24,46,1994-01-01,monthly,Ceske Budejovice,south Bohemia,1994-01-01,1998-12-31,447,867011.9,778039.0,60,88972.8,0,,0,0.0,
2804,3388,F,1965-10-26,33,1996-02-22,monthly,Blansko,south Moravia,1996-02-22,1998-12-31,160,273724.8,218223.4,35,55501.2,0,,0,0.0,
2807,3391,M,1971-04-07,27,1996-10-04,monthly,Havlickuv Brod,east Bohemia,1996-10-04,1998-12-31,109,448909.6,422097.2,27,26812.3,0,,0,0.0,
2808,3392,F,1975-10-31,23,1994-12-18,monthly,Hl.m. Praha,Prague,1994-12-18,1998-12-31,140,305783.8,245056.6,49,60727.2,0,,0,0.0,
2861,3457,F,1923-06-14,75,1993-02-10,monthly,Prerov,north Moravia,1993-02-10,1998-12-31,369,420553.9,399457.0,71,21096.7,0,,0,0.0,
2880,3482,F,1941-02-09,57,1993-06-16,monthly,Novy Jicin,north Moravia,1993-06-16,1998-12-31,396,1262012.8,1216932.6,67,45080.1,0,,0,0.0,
2904,3510,M,1939-10-26,59,1996-03-20,monthly,Rakovnik,central Bohemia,1996-03-20,1998-12-31,170,653461.5,584215.8,34,69245.5,0,,0,0.0,
2923,3531,M,1920-06-14,78,1995-01-10,monthly,Hradec Kralove,east Bohemia,1995-01-10,1998-12-31,216,200062.4,184811.2,48,15250.9,0,,0,0.0,
2937,3547,F,1924-03-15,74,1997-02-25,monthly,Hl.m. Praha,Prague,1997-02-25,1998-12-31,91,108419.3,96168.2,23,12251.0,0,,0,0.0,
2970,3586,M,1943-04-11,55,1993-01-22,monthly,Prostejov,south Moravia,1993-01-22,1998-12-13,298,762403.0,718223.6,72,44179.2,0,,0,0.0,
3058,3698,M,1971-04-25,27,1994-10-23,monthly,Chrudim,east Bohemia,1994-10-23,1998-12-31,239,1078169.0,1015677.0,51,62491.5,0,,0,0.0,
3069,3711,M,1968-05-07,30,1993-03-20,monthly,Klatovy,west Bohemia,1993-03-20,1998-12-31,412,1754392.3,1670894.4,70,83497.6,0,,0,0.0,
3136,3792,M,1972-09-21,26,1993-08-07,monthly,Ostrava - mesto,north Moravia,1993-08-07,1998-12-31,430,842505.1,772501.4,65,70003.5,0,,0,0.0,
3139,3795,M,1982-05-03,16,1995-08-30,monthly,Pribram,central Bohemia,1995-08-30,1998-12-04,56,220602.2,205352.2,28,15250.2,0,,0,0.0,
3146,3805,M,1942-12-20,56,1993-10-26,monthly,Frydek - Mistek,north Moravia,1993-10-26,1998-12-31,333,273068.8,248948.2,63,24120.7,0,,0,0.0,
3174,3838,M,1929-10-27,69,1997-12-10,monthly,Znojmo,south Moravia,1997-12-10,1998-12-31,41,62387.1,35934.2,13,26452.8,0,,0,0.0,
3211,3884,M,1963-11-18,35,1997-06-09,monthly,Olomouc,north Moravia,1997-06-09,1998-12-31,81,58672.2,37382.4,19,21289.9,0,,0,0.0,
3213,3886,F,1965-07-17,33,1993-04-12,monthly,Mlada Boleslav,central Bohemia,1993-04-12,1998-12-31,402,213385.0,195459.8,69,17924.9,0,,0,0.0,
3248,3928,F,1928-08-08,70,1996-05-11,monthly,Vsetin,north Moravia,1996-05-11,1998-12-31,172,156835.3,135163.6,32,21671.4,0,,0,0.0,
3297,3988,F,1974-09-04,24,1995-02-17,monthly,Blansko,south Moravia,1995-02-17,1998-12-31,213,800189.3,758858.6,47,41330.6,0,,0,0.0,
3307,3999,F,1976-01-16,22,1994-03-13,monthly,Sokolov,west Bohemia,1994-03-13,1998-12-31,362,493924.3,443903.0,58,50020.8,0,,0,0.0,
4480,5404,F,1976-09-18,22,1996-08-19,monthly,Jihlava,south Moravia,1996-08-19,1998-12-31,134,253941.1,220235.8,29,33705.4,0,,0,0.0,
5065,6114,F,1940-02-15,58,1993-01-24,monthly,Zdar nad Sazavou,south Moravia,1993-01-24,1998-12-31,373,1978750.7,1970056.9,72,8693.4,0,,0,0.0,
5343,6452,M,1942-07-17,56,1993-06-08,monthly,Zlin,south Moravia,1993-06-08,1998-12-31,298,938907.1,928942.6,67,9964.1,0,,0,0.0,
5472,6604,M,1948-07-26,50,1993-05-04,monthly,Olomouc,north Moravia,1993-05-04,1998-12-31,331,375255.4,369027.1,68,6228.0,0,,0,0.0,
5648,6827,M,1969-04-28,29,1997-06-13,monthly,Kromeriz,south Moravia,1997-06-13,1998-12-31,101,899257.1,849590.9,19,49666.1,0,,0,0.0,
5661,6844,F,1971-09-05,27,1995-12-20,monthly,Blansko,south Moravia,1995-12-20,1998-12-31,199,1287660.3,1275110.2,37,12549.9,0,,0,0.0,
488,587,F,1945-07-08,53,1996-06-20,monthly,Klatovy,west Bohemia,1996-06-20,1998-12-07,31,63700.0,13200.0,31,50500.0,0,,0,0.0,
529,637,F,1970-12-15,28,1997-08-18,monthly,Most,north Bohemia,1997-08-18,1998-12-31,86,128885.4,95768.6,17,33116.9,0,,0,0.0,
559,672,F,1929-11-09,69,1993-03-05,monthly,Nachod,east Bohemia,1993-03-05,1998-12-31,362,403289.9,376504.0,70,26785.5,0,,0,0.0,
586,704,M,1975-05-01,23,1995-03-16,monthly,Brno - mesto,south Moravia,1995-03-16,1998-12-31,217,329371.5,306763.2,46,22608.3,0,,0,0.0,
614,738,M,1920-03-26,78,1997-06-07,monthly,Klatovy,west Bohemia,1997-06-07,1998-12-31,89,111727.3,72440.4,19,39286.6,0,,0,0.0,
624,750,F,1956-09-29,42,1993-10-11,monthly,Karvina,north Moravia,1993-10-11,1998-12-31,392,2840572.5,2803121.4,63,37450.6,0,,0,0.0,
633,760,F,1936-08-25,62,1995-12-06,monthly,Hodonin,south Moravia,1995-12-06,1998-12-31,176,189525.2,170431.2,37,19094.0,0,,0,0.0,
651,781,M,1945-09-20,53,1993-11-28,monthly,Olomouc,north Moravia,1993-11-28,1998-12-31,388,1355007.1,1310793.6,62,44213.1,0,,0,0.0,
678,814,M,1959-10-01,39,1993-10-08,monthly,Prachatice,south Bohemia,1993-10-08,1998-12-31,443,532229.4,519736.2,63,12492.5,0,,0,0.0,
705,846,M,1949-12-01,49,1997-07-14,monthly,Jablonec n. Nisou,north Bohemia,1997-07-14,1998-12-31,90,134246.7,115307.2,18,18939.4,0,,0,0.0,
722,866,F,1975-11-24,23,1997-05-04,after_transaction,Louny,north Bohemia,1997-05-04,1998-12-31,98,467443.1,454138.0,20,13305.0,0,,0,0.0,
740,888,M,1973-10-26,25,1994-04-04,monthly,Plzen - sever,west Bohemia,1994-04-04,1998-11-09,104,71032.4,48300.0,55,22730.5,0,,0,0.0,
761,911,M,1939-11-28,59,1994-04-09,monthly,Hradec Kralove,east Bohemia,1994-04-09,1998-11-14,93,102430.2,33200.0,55,69228.8,0,,0,0.0,
792,949,M,1976-07-27,22,1997-08-13,monthly,Beroun,central Bohemia,1997-08-13,1998-12-31,104,79352.7,60404.6,17,18948.1,0,,0,0.0,
809,970,M,1957-03-29,41,1995-12-20,monthly,Liberec,north Bohemia,1995-12-20,1998-12-31,192,769578.0,729870.6,37,39707.2,0,,0,0.0,
831,1001,M,1947-04-14,51,1996-09-18,monthly,Chrudim,east Bohemia,1996-09-18,1998-12-31,115,95319.0,77974.2,28,17344.6,0,,0,0.0,
913,1100,M,1951-07-04,47,1996-05-10,monthly,Kromeriz,south Moravia,1996-05-10,1998-12-31,230,502425.0,460727.6,32,41697.2,0,,0,0.0,
931,1121,M,1939-03-02,59,1993-10-15,monthly,Kromeriz,south Moravia,1993-10-15,1998-12-31,499,403353.4,384630.2,63,18722.8,0,,0,0.0,
935,1127,M,1974-11-12,24,1996-12-25,monthly,Cheb,west Bohemia,1996-12-25,1998-12-31,103,78062.4,61427.4,25,16634.9,0,,0,0.0,
954,1150,F,1945-06-24,53,1996-01-08,monthly,Ostrava - mesto,north Moravia,1996-01-08,1998-12-31,258,264679.6,233647.6,36,31031.7,0,,0,0.0,
974,1174,F,1970-03-13,28,1994-02-25,monthly,Rokycany,west Bohemia,1994-02-25,1998-12-31,279,1571495.8,1515073.8,59,56421.8,0,,0,0.0,
975,1175,M,1925-10-25,73,1996-10-19,monthly,Hl.m. Praha,Prague,1996-10-19,1998-12-31,116,141009.4,120356.6,27,20652.7,0,,0,0.0,
976,1177,F,1939-06-21,59,1996-01-27,monthly,Vsetin,north Moravia,1996-01-27,1998-12-31,194,806404.4,751738.0,36,54666.2,0,,0,0.0,
3922,4730,M,1920-05-04,78,1997-10-22,monthly,Frydek - Mistek,north Moravia,1997-10-22,1998-12-31,54,81098.8,69388.4,15,11710.4,0,,0,0.0,
3954,4769,F,1923-01-23,75,1993-06-25,monthly,Domazlice,west Bohemia,1993-06-25,1998-12-31,354,410943.7,391134.6,67,19808.6,0,,0,0.0,
3957,4773,F,1952-06-13,46,1996-06-13,weekly,Decin,north Bohemia,1996-06-13,1998-12-31,153,997652.7,928873.0,31,68779.8,0,,0,0.0,
3965,4783,F,1978-10-16,20,1993-05-04,monthly,Tachov,west Bohemia,1993-05-04,1998-12-31,359,1198980.7,1121698.9,68,77281.4,0,,0,0.0,
3993,4814,M,1962-02-28,36,1996-01-24,monthly,Brno - mesto,south Moravia,1996-01-24,1998-12-31,195,771752.5,689614.0,36,82138.2,0,,0,0.0,
4026,4853,M,1939-03-01,59,1997-02-06,monthly,Jihlava,south Moravia,1997-02-06,1998-12-31,144,677895.5,614349.8,23,63545.7,0,,0,0.0,
4269,5145,F,1950-10-31,48,1995-12-24,monthly,Plzen - mesto,west Bohemia,1995-12-24,1998-12-31,206,1330854.2,1280758.8,37,50095.2,0,,0,0.0,
4355,5246,M,1982-05-15,16,1993-02-21,monthly,Karvina,north Moravia,1993-02-21,1998-12-31,408,520311.0,502142.8,71,18167.9,0,,0,0.0,
4408,5312,M,1947-01-08,51,1994-04-11,weekly,Novy Jicin,north Moravia,1994-04-11,1998-12-31,327,2060805.1,2030584.0,57,30220.9,0,,0,0.0,
5868,7100,F,1961-09-23,37,1993-02-02,monthly,Sokolov,west Bohemia,1993-02-02,1998-12-31,372,2258014.9,2156037.4,71,101977.1,0,,0,0.0,
50,59,M,1957-02-18,41,1994-05-06,monthly,Hl.m. Praha,Prague,1994-05-06,1998-12-31,377,1001516.6,915387.6,56,86128.7,0,,0,0.0,
107,129,F,1947-05-31,51,1993-11-05,monthly,Zlin,south Moravia,1993-11-05,1998-12-31,476,551131.0,506864.2,62,44266.2,0,,0,0.0,
130,156,F,1930-07-22,68,1997-02-12,monthly,Brno - mesto,south Moravia,1997-02-12,1998-12-31,103,152312.6,123141.2,23,29171.2,0,,0,0.0,
150,180,M,1982-01-19,16,1995-03-16,monthly,Opava,north Moravia,1995-03-16,1998-12-31,244,282080.8,262313.2,46,19767.4,0,,0,0.0,
192,232,F,1921-06-17,77,1993-01-08,monthly,Brno - venkov,south Moravia,1993-01-08,1998-12-31,349,423251.1,393304.6,72,29946.5,0,,0,0.0,
207,250,F,1979-11-25,19,1993-07-25,monthly,Mlada Boleslav,central Bohemia,1993-07-25,1998-12-31,481,422618.5,396526.0,66,26092.2,0,,0,0.0,
246,297,F,1924-03-15,74,1997-12-20,monthly,Znojmo,south Moravia,1997-12-20,1998-12-31,46,55064.1,37852.2,13,17211.7,0,,0,0.0,
336,410,M,1962-12-20,36,1995-10-16,monthly,Uherske Hradiste,south Moravia,1995-10-16,1998-12-31,217,772981.7,716959.8,39,56022.1,0,,0,0.0,
337,411,F,1941-04-14,57,1995-11-25,monthly,Pelhrimov,south Bohemia,1995-11-25,1998-12-31,188,1096384.5,1039064.0,38,57320.0,0,,0,0.0,
357,435,M,1967-10-23,31,1996-03-10,monthly,Strakonice,south Bohemia,1996-03-10,1998-12-31,181,105791.9,83120.8,34,22670.9,0,,0,0.0,
375,455,M,1920-07-26,78,1996-06-07,monthly,Frydek - Mistek,north Moravia,1996-06-07,1998-12-31,147,181382.7,162993.6,31,18388.8,0,,0,0.0,
391,472,M,1981-12-27,17,1993-12-11,monthly,Liberec,north Bohemia,1993-12-11,1998-12-31,379,414719.3,396046.8,61,18672.1,0,,0,0.0,
410,495,F,1937-04-07,61,1996-10-15,monthly,Semily,east Bohemia,1996-10-15,1998-12-31,115,151232.1,133381.6,27,17850.5,0,,0,0.0,
429,517,M,1965-07-25,33,1995-09-03,monthly,Vyskov,south Moravia,1995-09-03,1998-12-31,234,809099.7,742721.0,40,66379.0,0,,0,0.0,
445,536,M,1939-08-25,59,1993-07-29,weekly,Pardubice,east Bohemia,1993-07-29,1998-12-31,408,1358213.0,1330633.0,66,27579.9,0,,0,0.0,
466,560,F,1967-12-16,31,1996-02-18,monthly,Novy Jicin,north Moravia,1996-02-18,1998-12-04,34,77200.0,16500.0,34,60700.0,0,,0,0.0,
2519,3041,F,1927-04-24,71,1993-01-15,monthly,Kladno,central Bohemia,1993-01-15,1998-12-31,374,402201.0,351946.6,72,50254.4,0,,0,0.0,
2523,3045,F,1950-03-18,48,1993-05-11,monthly,Praha - vychod,central Bohemia,1993-05-11,1998-12-31,522,236190.4,208487.2,68,27702.6,0,,0,0.0,
2528,3051,M,1928-03-11,70,1993-03-25,monthly,Znojmo,south Moravia,1993-03-25,1998-12-31,324,298585.4,273544.4,70,25040.7,0,,0,0.0,
2538,3064,M,1930-05-05,68,1994-01-30,monthly,Havlickuv Brod,east Bohemia,1994-01-30,1998-12-31,294,382450.2,345824.4,60,36625.5,0,,0,0.0,
2539,3065,F,1921-08-21,77,1997-04-24,monthly,Karlovy Vary,west Bohemia,1997-04-24,1998-12-31,105,125371.3,96407.0,21,28964.3,0,,0,0.0,
2543,3070,M,1920-12-12,78,1993-02-13,monthly,Nachod,east Bohemia,1993-02-13,1998-12-31,378,449917.9,365613.6,71,84304.0,0,,0,0.0,
2551,3080,F,1951-07-27,47,1996-02-08,monthly,Kolin,central Bohemia,1996-02-08,1998-12-31,239,1448135.0,1368361.6,35,79773.3,0,,0,0.0,
2557,3088,M,1950-06-11,48,1993-11-17,monthly,Teplice,north Bohemia,1993-11-17,1998-12-31,341,369581.2,347259.6,62,22321.6,0,,0,0.0,
2586,3121,F,1956-10-18,42,1997-04-16,monthly,Hodonin,south Moravia,1997-04-16,1998-12-31,113,788920.2,705908.0,21,83012.1,0,,0,0.0,
2589,3125,F,1922-10-30,76,1996-12-04,monthly,Praha - vychod,central Bohemia,1996-12-04,1998-12-31,134,140619.3,126740.0,25,13879.1,0,,0,0.0,
2609,3148,M,1942-04-04,56,1993-05-03,monthly,Beroun,central Bohemia,1993-05-03,1998-12-31,347,2294138.5,2238568.8,68,55569.6,0,,0,0.0,
2616,3157,F,1942-02-26,56,1993-08-17,monthly,Hl.m. Praha,Prague,1993-08-17,1998-12-31,376,1423125.4,1403021.4,65,20103.4,0,,0,0.0,
2620,3161,M,1980-11-18,18,1993-08-03,monthly,Zdar nad Sazavou,south Moravia,1993-08-03,1998-12-31,370,509945.0,457276.0,65,52668.6,0,,0,0.0,
2724,3290,F,1969-07-12,29,1996-08-09,monthly,Praha - zapad,central Bohemia,1996-08-09,1998-12-31,149,490549.6,430111.8,29,60437.5,0,,0,0.0,
2738,3305,F,1971-10-11,27,1993-11-12,monthly,Usti nad Labem,north Bohemia,1993-11-12,1998-12-31,408,976833.7,930215.6,62,46617.3,0,,0,0.0,
21,27,F,1966-03-26,32,1997-12-06,monthly,Brno - mesto,south Moravia,1997-12-06,1998-12-31,62,175831.5,122600.8,13,53230.6,0,,0,0.0,
99,120,M,1976-05-10,22,1995-06-27,monthly,Hl.m. Praha,Prague,1995-06-27,1998-11-30,248,1258139.7,1255832.4,42,2321.8,0,,0,0.0,
100,121,F,1978-10-29,20,1993-12-28,monthly,Usti nad Labem,north Bohemia,1993-12-28,1998-12-31,405,883214.5,808375.0,61,74839.1,0,,0,0.0,
123,147,F,1933-11-02,65,1993-03-13,monthly,Tabor,south Bohemia,1993-03-13,1998-12-31,334,338908.2,315524.4,70,23383.0,0,,0,0.0,
133,160,F,1942-04-26,56,1997-10-11,weekly,Zlin,south Moravia,1997-10-11,1998-12-31,113,694287.3,647705.0,15,46582.3,0,,0,0.0,
148,178,M,1960-12-22,38,1993-06-21,monthly,Mlada Boleslav,central Bohemia,1993-06-21,1998-12-31,445,233999.1,206792.6,67,27205.8,0,,0,0.0,
245,296,M,1974-03-01,24,1993-11-25,monthly,Znojmo,south Moravia,1993-11-25,1998-12-31,326,1617425.2,1572755.7,62,44669.0,0,,0,0.0,
252,304,F,1934-03-11,64,1996-12-26,monthly,Prachatice,south Bohemia,1996-12-26,1998-12-31,109,143335.6,92867.4,25,50468.1,0,,0,0.0,
263,317,F,1957-10-06,41,1997-01-03,weekly,Zlin,south Moravia,1997-01-03,1998-12-31,161,860922.0,810015.0,24,50906.8,0,,0,0.0,
269,325,M,1960-02-21,38,1996-08-30,monthly,Beroun,central Bohemia,1996-08-30,1998-12-31,177,142698.0,100063.8,29,42634.1,0,,0,0.0,
305,372,M,1932-04-03,66,1996-10-18,monthly,Chomutov,north Bohemia,1996-10-18,1998-12-31,112,116808.3,100522.6,27,16285.7,0,,0,0.0,
322,392,F,1950-04-01,48,1993-02-20,monthly,Ostrava - mesto,north Moravia,1993-02-20,1998-12-31,399,1281995.6,1246659.0,71,35336.1,0,,0,0.0,
331,405,F,1934-10-19,64,1995-10-02,monthly,Znojmo,south Moravia,1995-10-02,1998-12-31,201,265086.5,249608.4,39,15478.1,0,,0,0.0,
346,423,M,1957-06-23,41,1993-01-11,monthly,Litomerice,north Bohemia,1993-01-11,1998-12-31,419,1556661.0,1504908.6,72,51752.3,0,,0,0.0,
400,484,F,1959-09-13,39,1993-07-17,monthly,Plzen - sever,west Bohemia,1993-07-17,1998-12-31,359,1000167.1,948404.0,66,51762.6,0,,0,0.0,
414,500,M,1971-01-06,27,1996-01-29,monthly,Hl.m. Praha,Prague,1996-01-29,1998-12-31,193,696501.8,631038.0,36,65463.5,0,,0,0.0,
435,523,M,1922-12-17,76,1993-01-08,monthly,Louny,north Bohemia,1993-01-08,1998-12-31,339,364892.7,337757.6,72,27135.0,0,,0,0.0,
971,1170,M,1977-04-28,21,1996-07-18,monthly,Pribram,central Bohemia,1996-07-18,1998-12-31,162,326053.5,297710.4,30,28342.8,0,,0,0.0,
979,1180,M,1944-10-06,54,1993-02-16,monthly,Tabor,south Bohemia,1993-02-16,1998-12-31,404,1373440.7,1329113.0,71,44327.4,0,,0,0.0,
1002,1206,M,1957-06-21,41,1996-09-17,monthly,Svitavy,east Bohemia,1996-09-17,1998-12-31,166,143871.8,120531.2,28,23340.4,0,,0,0.0,
1015,1219,M,1944-07-31,54,1997-06-14,monthly,Hl.m. Praha,Prague,1997-06-14,1998-12-31,88,135024.3,120839.8,19,14184.3,0,,0,0.0,
1022,1226,F,1951-04-14,47,1994-08-01,weekly,Decin,north Bohemia,1994-08-01,1998-12-31,287,1728613.8,1641776.0,53,86837.4,0,,0,0.0,
1046,1255,F,1966-08-07,32,1995-04-14,monthly,Hl.m. Praha,Prague,1995-04-14,1998-12-31,256,582433.9,543729.4,45,38704.5,0,,0,0.0,
1048,1257,F,1928-09-01,70,1993-05-05,monthly,Jablonec n. Nisou,north Bohemia,1993-05-05,1998-12-31,344,413919.2,396955.8,68,16962.8,0,,0,0.0,
1052,1264,F,1976-10-03,22,1993-09-27,monthly,Trebic,south Moravia,1993-09-27,1998-12-13,282,472243.0,448261.4,64,23981.4,0,,0,0.0,
1069,1283,F,1939-02-09,59,1993-07-24,monthly,Zdar nad Sazavou,south Moravia,1993-07-24,1998-12-31,306,305686.8,280466.0,66,25220.5,0,,0,0.0,
1079,1295,F,1944-02-09,54,1993-09-14,monthly,Ostrava - mesto,north Moravia,1993-09-14,1998-12-31,374,1899836.7,1825011.8,64,74824.5,0,,0,0.0,
1113,1334,M,1978-02-06,20,1996-09-23,monthly,Mlada Boleslav,central Bohemia,1996-09-23,1998-12-31,164,308396.9,244022.2,28,64374.4,0,,0,0.0,
1126,1352,F,1971-04-01,27,1993-03-08,monthly,Brno - mesto,south Moravia,1993-03-08,1998-12-31,396,463250.9,409549.4,70,53701.0,0,,0,0.0,
1129,1355,F,1976-02-01,22,1995-03-03,monthly,Jablonec n. Nisou,north Bohemia,1995-03-03,1998-12-31,310,1238893.3,1177931.6,46,60961.5,0,,0,0.0,
1229,1482,F,1950-03-28,48,1997-12-10,monthly,Nachod,east Bohemia,1997-12-10,1998-12-31,59,226937.0,184301.8,13,42635.3,0,,0,0.0,
1232,1487,F,1976-08-27,22,1996-07-06,monthly,Rychnov nad Kneznou,east Bohemia,1996-07-06,1998-12-31,67,128902.3,94829.2,29,34073.4,0,,0,0.0,
1241,1497,F,1948-08-03,50,1996-07-02,monthly,Blansko,south Moravia,1996-07-02,1998-12-31,202,208834.5,194821.0,30,14013.3,0,,0,0.0,
1269,1531,F,1960-06-28,38,1994-03-28,monthly,Usti nad Orlici,east Bohemia,1994-03-28,1998-12-31,381,789196.2,738147.2,58,51048.7,0,,0,0.0,
1277,1542,M,1919-12-08,79,1993-06-20,monthly,Tachov,west Bohemia,1993-06-20,1998-12-31,345,419279.0,403145.6,67,16132.7,0,,0,0.0,
1280,1548,M,1923-03-04,75,1995-05-03,monthly,Karvina,north Moravia,1995-05-03,1998-12-31,207,231156.2,175488.4,44,55667.8,0,,0,0.0,
2280,2760,F,1975-12-12,23,1995-08-17,monthly,Frydek - Mistek,north Moravia,1995-08-17,1998-12-31,228,784129.8,719146.0,41,64983.8,0,,0,0.0,
2305,2789,F,1951-12-25,47,1993-12-11,monthly,Hl.m. Praha,Prague,1993-12-11,1998-12-08,299,250518.5,268626.1,61,-18107.9,0,,0,0.0,
2379,2874,M,1972-09-10,26,1993-01-10,monthly,Chomutov,north Bohemia,1993-01-10,1998-12-31,485,432769.8,402415.6,72,30353.9,0,,0,0.0,
2394,2890,M,1951-10-11,47,1997-08-23,monthly,Uherske Hradiste,south Moravia,1997-08-23,1998-12-31,101,262869.4,231726.0,17,31143.3,0,,0,0.0,
2400,2897,M,1925-07-18,73,1996-06-15,monthly,Teplice,north Bohemia,1996-06-15,1998-12-31,139,134165.7,91785.0,31,42380.5,0,,0,0.0,
2415,2917,M,1940-01-18,58,1997-02-27,monthly,Jindrichuv Hradec,south Bohemia,1997-02-27,1998-12-31,110,377596.9,334044.2,23,43552.7,0,,0,0.0,
2433,2939,M,1918-02-13,80,1993-02-19,monthly,Mlada Boleslav,central Bohemia,1993-02-19,1998-12-31,352,338982.3,287271.0,71,51711.2,0,,0,0.0,
2476,2990,F,1938-04-02,60,1993-12-12,monthly,Ceska Lipa,north Bohemia,1993-12-12,1998-12-31,268,261944.9,247493.0,61,14451.2,0,,0,0.0,
2479,2994,M,1963-07-22,35,1993-10-09,monthly,Pisek,south Bohemia,1993-10-09,1998-12-31,439,442985.3,427146.8,63,15837.8,0,,0,0.0,
2488,3003,F,1973-05-12,25,1993-04-06,monthly,Jesenik,north Moravia,1993-04-06,1998-12-31,302,216979.7,180704.4,69,36275.1,0,,0,0.0,
2511,3031,F,1965-09-05,33,1994-05-01,monthly,Teplice,north Bohemia,1994-05-01,1998-12-31,358,837380.5,793804.6,56,43575.1,0,,0,0.0,
2527,3049,M,1967-04-06,31,1993-03-19,monthly,Kutna Hora,central Bohemia,1993-03-19,1998-12-31,480,2846857.1,2780174.6,70,66682.4,0,,0,0.0,
2531,3055,M,1931-02-23,67,1996-12-21,monthly,Trutnov,east Bohemia,1996-12-21,1998-12-31,119,153920.6,115643.4,25,38277.2,0,,0,0.0,
2602,3139,F,1956-09-23,42,1996-06-17,monthly,Nachod,east Bohemia,1996-06-17,1998-12-31,195,412568.6,356530.0,31,56038.6,0,,0,0.0,
2632,3177,M,1938-08-12,60,1993-01-02,monthly,Karlovy Vary,west Bohemia,1993-01-02,1998-12-31,564,1129540.8,1066581.2,72,62959.3,0,,0,0.0,
2657,3207,F,1925-12-03,73,1996-10-07,monthly,Brno - venkov,south Moravia,1996-10-07,1998-12-31,119,118369.0,90119.2,27,28249.7,0,,0,0.0,
2665,3217,M,1977-05-02,21,1993-11-13,monthly,Trebic,south Moravia,1993-11-13,1998-12-31,398,508036.8,488076.0,62,19960.5,0,,0,0.0,
2612,3152,M,1936-10-04,62,1997-04-29,monthly,Hl.m. Praha,Prague,1997-04-29,1998-12-31,97,501514.6,463198.0,21,38316.8,0,,0,0.0,
2633,3178,F,1969-08-01,29,1996-03-14,monthly,Klatovy,west Bohemia,1996-03-14,1998-12-31,232,2319970.8,2271106.0,34,48864.8,0,,0,0.0,
2642,3188,F,1976-05-19,22,1995-06-05,monthly,Frydek - Mistek,north Moravia,1995-06-05,1998-12-31,325,623168.9,619194.2,43,3974.8,0,,0,0.0,
2644,3190,F,1920-11-01,78,1997-08-08,monthly,Hl.m. Praha,Prague,1997-08-08,1998-12-31,88,86559.9,59072.2,17,27487.6,0,,0,0.0,
2648,3194,F,1975-08-17,23,1993-04-13,monthly,Trutnov,east Bohemia,1993-04-13,1998-12-09,212,380608.4,340948.6,68,39658.9,0,,0,0.0,
2680,3235,F,1950-06-12,48,1995-03-03,monthly,Nachod,east Bohemia,1995-03-03,1998-12-31,249,964316.9,915703.1,46,48613.7,0,,0,0.0,
2706,3265,F,1963-06-11,35,1996-06-23,monthly,Pardubice,east Bohemia,1996-06-23,1998-12-10,31,63000.0,26600.0,31,36400.0,0,,0,0.0,
2756,3328,M,1966-10-11,32,1997-10-21,monthly,Karlovy Vary,west Bohemia,1997-10-21,1998-12-31,66,321635.7,297049.4,15,24586.3,0,,0,0.0,
2759,3332,F,1969-11-15,29,1996-10-23,monthly,Nachod,east Bohemia,1996-10-23,1998-12-31,144,865814.4,833909.8,27,31904.4,0,,0,0.0,
2770,3344,M,1961-09-16,37,1993-12-25,monthly,Havlickuv Brod,east Bohemia,1993-12-25,1998-12-31,461,309902.2,269673.0,61,40229.0,0,,0,0.0,
2813,3397,F,1974-06-08,24,1993-12-15,monthly,Karlovy Vary,west Bohemia,1993-12-15,1998-12-31,493,948600.2,930508.0,61,18092.1,0,,0,0.0,
2814,3399,M,1932-02-25,66,1993-04-25,monthly,Olomouc,north Moravia,1993-04-25,1998-12-31,323,315282.7,286170.8,69,29111.7,0,,0,0.0,
2863,3459,F,1964-08-30,34,1996-01-21,monthly,Ceske Budejovice,south Bohemia,1996-01-21,1998-12-31,222,416641.0,365226.0,36,51414.9,0,,0,0.0,
2879,3480,F,1951-04-10,47,1997-10-14,monthly,Cesky Krumlov,south Bohemia,1997-10-14,1998-12-31,67,175432.0,158921.4,15,16510.6,0,,0,0.0,
2881,3483,M,1940-12-02,58,1993-01-04,monthly,Karvina,north Moravia,1993-01-04,1998-12-31,422,722642.8,670031.2,72,52610.8,0,,0,0.0,
2901,3506,F,1961-08-20,37,1997-04-09,monthly,Hl.m. Praha,Prague,1997-04-09,1998-12-31,104,209477.3,154015.0,21,55462.0,0,,0,0.0,
2938,3548,M,1975-05-03,23,1993-08-04,monthly,Hl.m. Praha,Prague,1993-08-04,1998-12-31,569,3138215.1,3088012.2,65,50202.6,0,,0,0.0,
2949,3562,M,1931-04-05,67,1994-10-21,monthly,Hl.m. Praha,Prague,1994-10-21,1998-12-31,317,325233.2,309680.0,51,15553.1,0,,0,0.0,
2979,3597,F,1933-08-17,65,1997-11-22,monthly,Praha - vychod,central Bohemia,1997-11-22,1998-12-31,51,69537.3,50908.8,14,18628.3,0,,0,0.0,
2985,3605,M,1934-07-24,64,1993-04-06,monthly,Novy Jicin,north Moravia,1993-04-06,1998-12-31,354,319555.3,298596.4,69,20958.5,0,,0,0.0,
3009,3634,M,1923-06-25,75,1996-01-26,monthly,Hl.m. Praha,Prague,1996-01-26,1998-12-31,146,147246.4,124417.0,36,22829.2,0,,0,0.0,
1619,1963,M,1945-06-12,53,1997-02-24,monthly,Louny,north Bohemia,1997-02-24,1998-12-31,119,170301.9,126548.2,23,43753.6,0,,0,0.0,
1652,2002,F,1918-11-26,80,1993-05-20,monthly,Karvina,north Moravia,1993-05-20,1998-12-31,333,422971.8,400159.2,68,22812.1,0,,0,0.0,
1659,2011,F,1925-11-18,73,1996-12-25,monthly,Nachod,east Bohemia,1996-12-25,1998-12-31,105,144035.3,110991.4,25,33044.0,0,,0,0.0,
1675,2034,M,1926-06-12,72,1993-02-01,monthly,Rakovnik,central Bohemia,1993-02-01,1998-12-31,347,314778.1,291283.6,71,23493.9,0,,0,0.0,
1707,2072,F,1944-02-09,54,1997-01-13,monthly,Prerov,north Moravia,1997-01-13,1998-12-31,105,307207.3,284132.8,24,23074.4,0,,0,0.0,
1720,2086,F,1954-10-29,44,1995-05-16,monthly,Jablonec n. Nisou,north Bohemia,1995-05-16,1996-09-07,16,22400.0,11000.0,16,11400.0,0,,0,0.0,
1836,2227,M,1975-07-25,23,1996-02-15,monthly,Havlickuv Brod,east Bohemia,1996-02-15,1998-12-31,227,667723.5,617653.4,35,50069.7,0,,0,0.0,
1847,2240,F,1932-03-12,66,1996-04-04,monthly,Pardubice,east Bohemia,1996-04-04,1998-12-31,163,193591.1,140513.8,33,53077.4,0,,0,0.0,
1860,2256,M,1974-06-05,24,1997-01-02,monthly,Karvina,north Moravia,1997-01-02,1998-12-31,105,80268.0,59717.4,24,20550.4,0,,0,0.0,
1866,2264,M,1943-05-08,55,1997-11-17,monthly,Kladno,central Bohemia,1997-11-17,1998-12-31,73,212499.0,165384.8,14,47114.2,0,,0,0.0,
1872,2270,F,1960-04-21,38,1997-09-17,monthly,Trebic,south Moravia,1997-09-17,1998-12-31,85,229307.8,168142.0,16,61165.6,0,,0,0.0,
1878,2279,M,1953-11-06,45,1994-09-13,weekly,Usti nad Orlici,east Bohemia,1994-09-13,1998-12-31,243,1129647.6,1127006.0,52,2641.4,0,,0,0.0,
1880,2281,F,1978-06-06,20,1994-02-25,monthly,Sumperk,north Moravia,1994-02-25,1998-12-31,360,397844.1,366103.0,59,31741.2,0,,0,0.0,
1938,2354,M,1967-12-21,31,1994-06-25,monthly,Hl.m. Praha,Prague,1994-06-25,1998-12-31,315,1424487.3,1357195.4,55,67291.7,0,,0,0.0,
1954,2375,F,1965-07-25,33,1996-06-05,monthly,Olomouc,north Moravia,1996-06-05,1998-12-31,146,102338.4,82559.6,31,19778.7,0,,0,0.0,
1983,2409,M,1964-05-27,34,1997-12-25,monthly,Brno - mesto,south Moravia,1997-12-25,1998-12-31,49,300265.4,221902.2,13,78363.0,0,,0,0.0,
1991,2419,F,1954-06-23,44,1996-11-16,monthly,Hl.m. Praha,Prague,1996-11-16,1998-12-31,176,611371.3,523790.0,26,87581.4,0,,0,0.0,
2020,2453,M,1924-01-13,74,1993-09-04,monthly,Rakovnik,central Bohemia,1993-09-04,1998-12-31,304,345172.9,321741.4,64,23430.8,0,,0,0.0,
2032,2467,F,1946-05-16,52,1996-11-14,monthly,Liberec,north Bohemia,1996-11-14,1998-12-31,171,224310.4,209283.0,26,15027.2,0,,0,0.0,
2038,2474,M,1957-04-06,41,1993-08-06,monthly,Havlickuv Brod,east Bohemia,1993-08-06,1998-12-31,407,467915.6,426841.4,65,41073.5,0,,0,0.0,
2103,2547,F,1953-10-29,45,1997-02-01,monthly,Rychnov nad Kneznou,east Bohemia,1997-02-01,1998-12-31,129,151468.3,131178.8,23,20289.5,0,,0,0.0,
2113,2557,M,1957-02-18,41,1996-08-28,monthly,Melnik,central Bohemia,1996-08-28,1998-12-31,126,317722.6,303615.8,29,14106.6,0,,0,0.0,
790,946,M,1951-08-06,47,1993-05-11,monthly,Brno - mesto,south Moravia,1993-05-11,1998-12-31,406,1899269.1,1870221.4,68,29046.4,1,classic,1,208128.0,B
7957,9833,M,1964-09-21,34,1995-09-07,monthly,Trutnov,east Bohemia,1995-09-07,1998-12-31,346,1864535.4,1796153.6,40,68381.8,1,classic,1,42900.0,A
8260,10198,M,1976-05-24,22,1993-03-24,monthly,Tachov,west Bohemia,1993-03-24,1998-12-31,425,3072090.4,3003780.6,70,68311.0,1,junior,1,224604.0,A
10404,12802,M,1969-08-12,29,1996-12-30,monthly,Hl.m. Praha,Prague,1996-12-30,1998-12-31,208,644796.4,594457.4,25,50338.8,1,classic,1,194280.0,C
10613,13051,M,1965-01-13,33,1997-11-04,monthly,Brno - venkov,south Moravia,1997-11-04,1998-12-31,77,507857.2,467047.2,14,40810.2,1,classic,1,249792.0,C
11042,13576,M,1974-07-07,24,1995-01-29,monthly,Olomouc,north Moravia,1995-01-29,1998-12-31,321,1859745.9,1813971.0,48,45773.5,1,classic,1,217152.0,A
4354,5245,F,1942-03-18,56,1997-01-08,monthly,Louny,north Bohemia,1997-01-08,1998-12-31,143,843076.3,789020.4,24,54055.8,1,classic,1,327660.0,C
4361,5253,F,1946-10-07,52,1996-03-11,monthly,Jesenik,north Moravia,1996-03-11,1998-12-31,208,1716658.7,1613889.8,34,102769.2,1,gold,1,90156.0,A
4580,5521,F,1973-05-15,25,1994-08-27,monthly,Nymburk,central Bohemia,1994-08-27,1998-12-31,366,1986155.0,1943656.2,53,42498.3,1,classic,1,20220.0,A
5593,6753,M,1962-05-23,36,1996-02-27,monthly,Cesky Krumlov,south Bohemia,1996-02-27,1998-12-31,291,1845990.0,1783318.2,35,62671.2,1,classic,1,44376.0,A
4448,5366,F,1971-09-20,27,1993-06-02,monthly,Prostejov,south Moravia,1993-06-02,1998-12-31,431,2383428.8,2306268.0,67,77160.3,1,classic,1,192744.0,A
4999,6039,F,1958-07-03,40,1996-02-12,monthly,Hl.m. Praha,Prague,1996-02-12,1998-12-31,253,1126851.0,1054204.9,35,72645.9,1,classic,1,165168.0,C
5180,6255,F,1946-01-01,52,1997-02-24,monthly,Brno - mesto,south Moravia,1997-02-24,1998-12-31,74,459676.4,425556.6,19,34119.6,1,classic,1,58764.0,C
5477,6610,M,1954-06-03,44,1995-12-17,monthly,Hodonin,south Moravia,1995-12-17,1998-12-31,283,1884402.3,1789289.1,37,95112.6,1,classic,1,349392.0,C
276,333,M,1971-10-19,27,1997-12-08,monthly,Louny,north Bohemia,1997-12-08,1998-12-31,65,392652.3,333276.3,13,59375.9,1,classic,1,160920.0,C
11141,13694,F,1976-01-20,22,1997-02-11,weekly,Hl.m. Praha,Prague,1997-02-11,1998-12-31,152,894583.9,801624.4,23,92960.0,1,classic,1,44940.0,A
2167,2623,F,1965-07-16,33,1993-08-08,monthly,Jindrichuv Hradec,south Bohemia,1993-08-08,1998-12-31,412,1712422.9,1639697.4,65,72725.2,1,classic,1,170256.0,A
537,646,F,1922-09-29,76,1997-01-08,monthly,Chomutov,north Bohemia,1997-01-08,1998-12-31,108,150007.3,82859.4,24,67147.9,1,classic,0,0.0,
606,725,M,1956-12-11,42,1997-11-04,monthly,Prerov,north Moravia,1997-11-04,1998-12-31,75,362021.4,290641.4,14,71379.8,1,classic,0,0.0,
839,1011,M,1939-07-13,59,1995-01-17,monthly,Jindrichuv Hradec,south Bohemia,1995-01-17,1998-12-31,254,1266666.8,1199435.2,48,67231.5,1,classic,0,0.0,
886,1067,M,1952-05-14,46,1993-06-23,monthly,Hl.m. Praha,Prague,1993-06-23,1998-12-31,385,1359708.7,1265798.6,67,93909.8,1,gold,0,0.0,
904,1089,M,1939-12-09,59,1994-03-20,monthly,Hl.m. Praha,Prague,1994-03-20,1998-12-31,270,1169807.8,1063759.2,58,106048.3,1,gold,0,0.0,
3294,3985,F,1979-04-16,19,1996-04-09,monthly,Prerov,north Moravia,1996-04-09,1998-12-31,184,445688.5,390400.8,33,55287.6,1,junior,0,0.0,
3375,4081,M,1978-06-03,20,1997-01-15,monthly,Nymburk,central Bohemia,1997-01-15,1998-12-31,103,291878.9,231162.8,24,60716.1,1,junior,0,0.0,
3559,4295,M,1960-03-16,38,1995-12-30,monthly,Pisek,south Bohemia,1995-12-30,1998-12-31,196,560987.6,500210.6,37,60776.8,1,classic,0,0.0,
3602,4345,F,1974-09-29,24,1996-12-03,monthly,Pisek,south Bohemia,1996-12-03,1998-12-31,152,1146682.0,1068516.6,25,78165.5,1,classic,0,0.0,
1408,1707,M,1951-02-18,47,1996-09-07,monthly,Praha - vychod,central Bohemia,1996-09-07,1998-12-31,139,1133578.7,1041634.8,28,91943.6,1,gold,0,0.0,
1478,1791,F,1966-05-12,32,1996-10-30,monthly,Kolin,central Bohemia,1996-10-30,1998-12-31,145,839581.0,757220.6,27,82360.3,1,classic,0,0.0,
1649,1999,F,1982-02-10,16,1993-01-26,monthly,Ostrava - mesto,north Moravia,1993-01-26,1998-12-31,188,405789.0,386071.6,72,19717.5,1,junior,0,0.0,
2954,3568,M,1941-01-25,57,1997-04-08,monthly,Hl.m. Praha,Prague,1997-04-08,1998-12-31,111,553023.6,466229.6,21,86793.9,1,classic,0,0.0,
3220,3894,M,1941-01-21,57,1993-08-14,monthly,Rokycany,west Bohemia,1993-08-14,1998-12-31,324,1450204.5,1398221.4,65,51982.9,1,classic,0,0.0,
3279,3970,F,1980-08-09,18,1994-12-17,weekly,Nachod,east Bohemia,1994-12-17,1998-12-05,271,1570893.2,1548208.0,49,22685.0,1,junior,0,0.0,
10558,12986,F,1973-05-08,25,1996-02-01,monthly,Teplice,north Bohemia,1996-02-01,1998-12-31,235,1120521.6,1043068.8,35,77453.2,1,classic,0,0.0,
665,797,M,1948-01-27,50,1995-09-03,monthly,Mlada Boleslav,central Bohemia,1995-09-03,1998-12-31,234,453120.5,366375.0,40,86745.2,1,classic,0,0.0,
757,907,M,1948-03-11,50,1993-07-19,monthly,Trutnov,east Bohemia,1993-07-19,1998-12-31,408,575937.5,497926.0,66,78011.2,1,classic,0,0.0,
807,967,M,1979-06-20,19,1995-06-13,weekly,Sumperk,north Moravia,1995-06-13,1998-12-31,251,1057813.9,1026479.0,43,31334.6,1,junior,0,0.0,
882,1062,M,1975-01-08,23,1993-03-06,monthly,Jindrichuv Hradec,south Bohemia,1993-03-06,1998-12-31,386,904435.2,819659.0,70,84775.6,1,classic,0,0.0,
3949,4764,M,1979-10-15,19,1996-01-11,monthly,Brno - mesto,south Moravia,1996-01-11,1998-12-31,85,191898.7,164602.2,35,27296.1,1,junior,0,0.0,
4336,5223,F,1977-01-11,21,1997-07-08,monthly,Benesov,central Bohemia,1997-07-08,1998-12-31,109,675928.1,618659.0,18,57269.0,1,classic,0,0.0,
4377,5275,M,1950-05-21,48,1993-04-24,monthly,Plzen - sever,west Bohemia,1993-04-24,1998-12-31,360,2654272.9,2597264.2,69,57008.4,1,classic,0,0.0,
139,167,F,1978-04-18,20,1997-05-15,weekly,Louny,north Bohemia,1997-05-15,1998-12-31,98,694252.6,640023.0,20,54229.3,1,junior,0,0.0,
167,202,F,1976-11-21,22,1996-02-26,weekly,Rokycany,west Bohemia,1996-02-26,1998-12-31,177,1402463.3,1353124.0,35,49339.2,1,classic,0,0.0,
200,242,F,1961-08-01,37,1994-07-03,monthly,Pelhrimov,south Bohemia,1994-07-03,1998-12-31,243,570721.2,471815.4,54,98905.5,1,classic,0,0.0,
266,321,F,1943-10-24,55,1994-05-11,monthly,Pardubice,east Bohemia,1994-05-11,1998-12-31,325,3053193.2,2978170.6,56,75022.5,1,classic,0,0.0,
438,528,M,1977-02-11,21,1997-06-23,monthly,Litomerice,north Bohemia,1997-06-23,1998-12-15,30,122022.6,102500.0,16,19522.5,1,classic,0,0.0,
471,566,F,1946-03-05,52,1995-06-07,monthly,Pardubice,east Bohemia,1995-06-07,1998-12-31,360,500143.8,450276.8,43,49866.6,1,classic,0,0.0,
2514,3036,F,1941-03-31,57,1995-08-13,monthly,Jindrichuv Hradec,south Bohemia,1995-08-13,1998-12-31,232,726883.4,644547.0,41,82336.1,1,classic,0,0.0,
2554,3084,F,1951-08-24,47,1993-06-18,monthly,Cheb,west Bohemia,1993-06-18,1998-12-31,384,1779329.4,1721084.6,67,58244.3,1,classic,0,0.0,
2600,3136,M,1963-12-18,35,1996-02-13,monthly,Hl.m. Praha,Prague,1996-02-13,1998-12-31,263,2077344.0,1993176.2,35,84167.6,1,gold,0,0.0,
2629,3173,F,1946-04-18,52,1996-09-10,monthly,Zdar nad Sazavou,south Moravia,1996-09-10,1998-12-31,132,561456.3,514715.8,28,46740.3,1,classic,0,0.0,
2681,3236,F,1960-04-15,38,1995-01-19,monthly,Plzen - sever,west Bohemia,1995-01-19,1998-12-31,279,1233332.3,1138079.2,48,95252.7,1,gold,0,0.0,
2698,3256,M,1976-07-18,22,1997-05-21,monthly,Semily,east Bohemia,1997-05-21,1998-11-12,37,133973.2,114500.0,18,19473.3,1,classic,0,0.0,
2707,3267,M,1951-08-26,47,1994-11-27,monthly,Trebic,south Moravia,1994-11-27,1998-12-31,382,1785339.6,1736888.2,50,48451.3,1,classic,0,0.0,
95,112,M,1935-01-25,63,1995-03-30,monthly,Hl.m. Praha,Prague,1995-03-30,1998-12-31,217,1182225.9,1101784.0,46,80441.6,1,classic,0,0.0,
219,264,M,1978-08-22,20,1995-09-06,monthly,Plzen - sever,west Bohemia,1995-09-06,1998-12-31,255,767863.6,720216.4,40,47647.0,1,junior,0,0.0,
278,335,F,1967-07-22,31,1996-04-08,monthly,Opava,north Moravia,1996-04-08,1998-12-31,183,756286.9,659444.8,33,96842.2,1,classic,0,0.0,
399,483,M,1944-06-19,54,1996-08-27,monthly,Hl.m. Praha,Prague,1996-08-27,1998-12-05,157,903845.5,875827.6,29,28017.5,1,classic,0,0.0,
404,489,M,1940-10-07,58,1995-04-28,monthly,Usti nad Labem,north Bohemia,1995-04-28,1998-12-31,312,1588465.4,1514448.4,45,74016.9,1,classic,0,0.0,
411,496,F,1951-05-21,47,1993-02-05,monthly,Karvina,north Moravia,1993-02-05,1998-12-31,416,1455901.8,1386697.6,71,69204.0,1,classic,0,0.0,
945,1140,M,1946-02-24,52,1996-08-16,monthly,Pisek,south Bohemia,1996-08-16,1998-12-31,92,303320.8,276336.4,29,26984.2,1,classic,0,0.0,
950,1146,M,1965-11-14,33,1993-08-26,monthly,Brno - mesto,south Moravia,1993-08-26,1998-12-31,359,1512615.0,1426691.4,65,85923.1,1,classic,0,0.0,
990,1194,F,1939-06-14,59,1995-10-11,monthly,Pelhrimov,south Bohemia,1995-10-11,1998-12-31,215,821103.5,734606.4,39,86497.1,1,classic,0,0.0,
1043,1251,M,1959-05-30,39,1997-08-13,monthly,Hl.m. Praha,Prague,1997-08-13,1998-12-31,78,430211.8,353976.6,17,76235.3,1,classic,0,0.0,
1080,1296,F,1959-08-01,39,1993-12-27,monthly,Brno - venkov,south Moravia,1993-12-27,1998-12-31,353,1602928.1,1499023.0,61,103904.8,1,classic,0,0.0,
1264,1525,M,1943-03-09,55,1997-02-16,monthly,Hl.m. Praha,Prague,1997-02-16,1998-12-31,116,414334.8,362678.2,23,51656.6,1,classic,0,0.0,
2282,2762,F,1953-04-23,45,1993-09-17,weekly,Rokycany,west Bohemia,1993-09-17,1998-12-31,421,3247883.5,3143832.0,64,104051.3,1,classic,0,0.0,
2467,2978,F,1948-03-05,50,1993-05-29,monthly,Decin,north Bohemia,1993-05-29,1998-12-31,397,1676967.3,1588309.2,68,88658.1,1,classic,0,0.0,
2598,3134,M,1938-05-04,60,1996-03-14,monthly,Hl.m. Praha,Prague,1996-03-14,1998-12-31,207,1421495.6,1312930.1,34,108565.5,1,gold,0,0.0,
2640,3186,F,1955-01-14,43,1996-09-21,monthly,Hl.m. Praha,Prague,1996-09-21,1998-12-31,150,494283.8,424077.2,28,70206.7,1,classic,0,0.0,
2646,3192,M,1939-07-14,59,1997-07-24,monthly,Kutna Hora,central Bohemia,1997-07-24,1998-12-31,129,878769.2,816161.0,18,62608.1,1,classic,0,0.0,
2741,3308,M,1948-02-16,50,1993-06-07,monthly,Cesky Krumlov,south Bohemia,1993-06-07,1998-12-31,315,1717794.5,1685234.0,67,32559.9,1,classic,0,0.0,
2800,3384,F,1942-08-03,56,1997-05-08,monthly,Usti nad Labem,north Bohemia,1997-05-08,1998-12-31,110,431880.7,392459.0,20,39421.7,1,classic,0,0.0,
2825,3415,F,1973-09-30,25,1996-07-10,monthly,Brno - mesto,south Moravia,1996-07-10,1998-12-31,157,784135.7,718265.0,30,65870.4,1,classic,0,0.0,
1754,2126,F,1975-03-28,23,1996-12-01,monthly,Usti nad Orlici,east Bohemia,1996-12-01,1998-12-31,147,1203230.5,1144098.6,24,59131.8,1,classic,0,0.0,
1841,2232,M,1967-05-27,31,1997-06-12,monthly,Liberec,north Bohemia,1997-06-12,1998-12-31,100,131796.9,86136.8,19,45660.0,1,classic,0,0.0,
1994,2423,M,1957-07-09,41,1995-07-19,monthly,Havlickuv Brod,east Bohemia,1995-07-19,1998-12-31,355,1476619.4,1445281.2,42,31338.0,1,classic,0,0.0,
2072,2513,M,1941-05-08,57,1993-10-17,monthly,Usti nad Labem,north Bohemia,1993-10-17,1998-12-31,339,1683101.0,1568454.2,63,114646.6,1,classic,0,0.0,
3273,3962,M,1952-11-28,46,1995-12-29,monthly,Ostrava - mesto,north Moravia,1995-12-29,1998-12-31,260,1954670.9,1960809.3,37,-6132.5,0,,1,94512.0,B
3329,4024,M,1964-10-16,34,1996-10-12,monthly,Beroun,central Bohemia,1996-10-12,1998-12-31,164,556327.7,519092.6,27,37235.2,0,,1,19248.0,A
3403,4114,M,1964-02-09,34,1997-05-20,monthly,Vyskov,south Moravia,1997-05-20,1998-12-31,127,755737.6,647802.6,20,107935.0,0,,1,71820.0,C
3418,4132,M,1962-10-15,36,1996-09-02,after_transaction,Havlickuv Brod,east Bohemia,1996-09-02,1998-12-31,186,1134168.5,1106645.0,28,27523.5,0,,1,207264.0,C
2988,3608,M,1947-12-09,51,1996-10-14,after_transaction,Zdar nad Sazavou,south Moravia,1996-10-14,1998-12-31,168,1083461.8,1033754.0,27,49707.8,0,,1,88608.0,C
3143,3800,F,1954-06-15,44,1996-10-18,monthly,Louny,north Bohemia,1996-10-18,1998-12-31,161,315747.7,263618.6,27,52129.1,0,,1,130896.0,C
6097,7366,F,1973-04-12,25,1997-06-15,monthly,Rokycany,west Bohemia,1997-06-15,1998-12-31,103,175375.9,145771.8,19,29604.2,0,,1,26208.0,C
6118,7390,M,1937-11-04,61,1994-03-07,weekly,Hl.m. Praha,Prague,1994-03-07,1998-12-31,408,1535463.6,1497449.6,58,38013.6,0,,1,270648.0,B
6358,7678,M,1962-04-07,36,1995-05-27,monthly,Beroun,central Bohemia,1995-05-27,1998-12-31,282,1612117.4,1575287.0,44,36829.3,0,,1,270384.0,C
7123,8598,F,1957-12-31,41,1993-04-14,after_transaction,Nachod,east Bohemia,1993-04-14,1998-12-31,470,3201009.1,3125811.4,69,75197.4,0,,1,47016.0,A
7176,8661,F,1954-05-11,44,1996-12-07,monthly,Hl.m. Praha,Prague,1996-12-07,1998-12-31,149,650826.2,593444.4,25,57381.7,0,,1,203940.0,C
7437,9217,F,1940-01-30,58,1997-08-08,weekly,Prachatice,south Bohemia,1997-08-08,1998-12-31,130,308141.0,266484.4,17,41656.2,0,,1,110736.0,C
7523,9316,F,1958-10-26,40,1994-08-29,monthly,Vyskov,south Moravia,1994-08-29,1998-12-31,386,1186443.9,1152934.2,53,33386.3,0,,1,288468.0,A
7997,9880,F,1970-12-10,28,1996-04-25,monthly,Praha - vychod,central Bohemia,1996-04-25,1998-12-31,225,1415323.8,1376493.6,33,38830.8,0,,1,160656.0,C
8085,9987,F,1950-06-19,48,1996-04-08,monthly,Opava,north Moravia,1996-04-08,1998-12-31,232,1081581.1,1030447.6,33,51133.2,0,,1,260400.0,D
8092,9995,M,1958-07-07,40,1995-01-11,monthly,Brno - mesto,south Moravia,1995-01-11,1998-12-31,269,490385.7,476571.2,48,13814.0,0,,1,56100.0,C
8159,10076,F,1969-12-25,29,1995-02-08,monthly,Plzen - mesto,west Bohemia,1995-02-08,1998-12-31,331,593201.1,534334.6,47,58866.4,0,,1,29784.0,A
8475,10459,F,1964-08-09,34,1993-09-08,monthly,Pelhrimov,south Bohemia,1993-09-08,1998-12-31,544,562746.3,526850.8,64,35895.7,0,,1,21072.0,A
10068,12382,M,1955-11-29,43,1997-04-02,monthly,Hl.m. Praha,Prague,1997-04-02,1998-12-31,144,871897.1,848570.4,21,23327.2,0,,1,77808.0,A
11271,13852,M,1972-01-26,26,1995-09-20,monthly,Kolin,central Bohemia,1995-09-20,1998-12-31,303,532555.5,512872.3,40,19682.5,0,,1,67320.0,C
11327,13923,F,1979-02-22,19,1997-10-15,monthly,Melnik,central Bohemia,1997-10-15,1998-12-31,75,318617.2,241264.4,15,77352.8,0,,1,39168.0,C
4415,5322,F,1956-03-13,42,1995-07-05,monthly,Opava,north Moravia,1995-07-05,1998-12-31,397,1127786.9,1081294.2,42,46492.6,0,,1,74040.0,A
4462,5384,M,1935-07-21,63,1995-12-27,weekly,Opava,north Moravia,1995-12-27,1998-12-31,199,982307.9,958528.8,37,23778.7,0,,1,66480.0,B
4948,5977,M,1979-05-31,19,1995-07-29,monthly,Hradec Kralove,east Bohemia,1995-07-29,1998-12-31,237,1081945.8,1019633.4,42,62313.3,0,,1,359760.0,C
5422,6544,M,1974-08-04,24,1994-10-22,monthly,Zdar nad Sazavou,south Moravia,1994-10-22,1998-12-31,480,2361729.0,2324898.2,51,36830.3,0,,1,368880.0,C
5698,6892,F,1951-03-22,47,1997-09-04,monthly,Hl.m. Praha,Prague,1997-09-04,1998-12-31,99,647085.8,620387.4,16,26698.2,0,,1,99216.0,C
6495,7843,M,1966-05-11,32,1996-07-23,monthly,Kutna Hora,central Bohemia,1996-07-23,1998-12-31,177,603321.1,579076.4,30,24244.6,0,,1,104964.0,C
6699,8089,M,1965-04-06,33,1996-06-08,monthly,Jablonec n. Nisou,north Bohemia,1996-06-08,1998-12-31,222,723944.8,686414.0,31,37531.4,0,,1,127200.0,C
7133,8610,F,1948-05-02,50,1993-09-17,monthly,Brno - venkov,south Moravia,1993-09-17,1998-12-31,567,381409.9,364520.8,64,16888.6,0,,1,48672.0,A
7262,8764,F,1940-07-07,58,1996-08-30,monthly,Karvina,north Moravia,1996-08-30,1998-12-31,190,533499.5,492643.8,29,40855.3,0,,1,73260.0,C
7454,9236,F,1956-05-07,42,1993-04-19,monthly,Tachov,west Bohemia,1993-04-19,1998-12-31,449,358190.4,340773.8,69,17416.2,0,,1,63312.0,A
7485,9273,F,1955-08-26,43,1993-07-28,monthly,Most,north Bohemia,1993-07-28,1998-12-31,415,1657005.0,1609682.2,66,47321.8,0,,1,91200.0,A
7546,9346,M,1972-12-10,26,1994-09-03,monthly,Hradec Kralove,east Bohemia,1994-09-03,1998-12-31,431,1196438.5,1179323.8,52,17114.3,0,,1,41952.0,A
3953,4768,F,1960-04-03,38,1997-06-16,monthly,Hl.m. Praha,Prague,1997-06-16,1998-12-31,127,668124.4,597667.4,19,70126.2,0,,1,63576.0,C
4259,5133,F,1959-08-10,39,1994-04-08,monthly,Zdar nad Sazavou,south Moravia,1994-04-08,1998-12-31,458,2749116.4,2689697.2,57,59418.9,0,,1,79632.0,A
4414,5320,F,1951-04-07,47,1993-09-10,monthly,Pelhrimov,south Bohemia,1993-09-10,1998-12-31,478,912594.4,881065.8,64,31528.3,0,,1,97224.0,A
4858,5866,F,1978-04-03,20,1997-06-21,monthly,Bruntal,north Moravia,1997-06-21,1998-12-31,134,822215.0,789099.5,19,33114.9,0,,1,335184.0,D
4907,5928,F,1970-09-10,28,1994-02-06,monthly,Havlickuv Brod,east Bohemia,1994-02-06,1998-12-31,464,1010904.9,942081.4,59,68823.3,0,,1,98832.0,C
4995,6034,M,1939-08-15,59,1994-08-01,weekly,Strakonice,south Bohemia,1994-08-01,1998-12-31,308,1569528.0,1527132.1,53,42395.6,0,,1,128988.0,D
173,210,M,1939-11-30,59,1993-11-26,monthly,Zdar nad Sazavou,south Moravia,1993-11-26,1998-12-31,572,1322727.1,1258721.6,62,64005.1,0,,1,104808.0,A
319,389,F,1974-06-30,24,1995-10-17,weekly,Pardubice,east Bohemia,1995-10-17,1998-12-31,376,1722662.2,1643889.0,39,78773.2,0,,1,369000.0,C
25,31,M,1962-02-09,36,1996-07-28,monthly,Frydek - Mistek,north Moravia,1996-07-28,1998-12-31,274,1494372.1,1464173.0,30,30199.4,0,,1,30276.0,A
938,1130,F,1940-11-26,58,1997-12-13,monthly,Karvina,north Moravia,1997-12-13,1998-12-31,63,85796.4,56073.2,13,29723.3,0,,1,22260.0,C
2516,3038,F,1946-03-05,52,1995-11-16,monthly,Kutna Hora,central Bohemia,1995-11-16,1998-12-31,212,712246.1,665185.2,38,47060.7,0,,1,466608.0,C
10478,12890,F,1958-01-20,40,1996-02-24,weekly,Karvina,north Moravia,1996-02-24,1998-12-31,193,1169800.8,1138693.3,35,31106.7,0,,1,267600.0,C
10774,13246,F,1942-01-13,56,1997-07-05,monthly,Nachod,east Bohemia,1997-07-05,1998-12-31,104,231043.6,193389.8,18,37653.8,0,,1,339168.0,C
10789,13261,M,1944-08-01,54,1996-09-18,monthly,Prerov,north Moravia,1996-09-18,1998-12-31,286,1669223.3,1593943.4,28,75280.4,0,,1,45768.0,A
11349,13955,F,1945-10-30,53,1995-05-26,weekly,Hl.m. Praha,Prague,1995-05-26,1998-12-31,304,1995675.2,1961697.0,44,33977.9,0,,1,419880.0,C
2936,3546,M,1971-02-28,27,1996-03-27,monthly,Beroun,central Bohemia,1996-03-27,1998-12-31,199,452467.3,407211.8,34,45255.1,0,,1,504000.0,C
2176,2635,F,1966-12-10,32,1993-06-06,monthly,Bruntal,north Moravia,1993-06-06,1998-12-05,471,2037344.0,2038921.9,67,-1579.4,0,,1,299088.0,B
3391,4100,M,1955-03-13,43,1993-04-01,monthly,Ostrava - mesto,north Moravia,1993-04-01,1998-12-31,462,1299774.9,1227607.4,69,72167.4,1,gold,0,0.0,
489,588,F,1960-10-20,38,1993-05-17,monthly,Trebic,south Moravia,1993-05-17,1998-12-31,382,1205294.3,1161981.2,68,43313.2,1,classic,0,0.0,
491,590,M,1949-02-15,49,1996-05-12,monthly,Chrudim,east Bohemia,1996-05-12,1998-12-31,178,687632.9,635619.6,32,52013.3,1,classic,0,0.0,
577,694,M,1936-02-28,62,1994-09-20,monthly,Rokycany,west Bohemia,1994-09-20,1998-12-31,294,675155.5,594671.6,52,80483.7,1,gold,0,0.0,
589,707,M,1941-12-14,57,1997-04-26,monthly,Hl.m. Praha,Prague,1997-04-26,1998-12-31,105,456089.8,405215.0,21,50874.8,1,classic,0,0.0,
600,719,M,1974-08-09,24,1997-03-13,monthly,Nachod,east Bohemia,1997-03-13,1998-12-31,111,403265.8,355905.6,22,47360.1,1,classic,0,0.0,
1237,1492,F,1968-05-09,30,1994-03-13,monthly,Nymburk,central Bohemia,1994-03-13,1998-12-31,348,2312494.4,2252617.0,58,59876.9,1,classic,0,0.0,
1267,1529,F,1972-06-20,26,1996-08-05,monthly,Hradec Kralove,east Bohemia,1996-08-05,1998-12-31,231,613053.9,573605.4,29,39448.4,1,classic,0,0.0,
1309,1583,F,1972-01-08,26,1995-04-15,monthly,Hl.m. Praha,Prague,1995-04-15,1998-12-31,257,1908230.4,1878169.4,45,30060.9,1,classic,0,0.0,
1335,1616,M,1938-05-23,60,1995-09-21,monthly,Brno - mesto,south Moravia,1995-09-21,1998-12-31,239,646136.1,598357.4,40,47778.5,1,classic,0,0.0,
1345,1629,M,1966-09-01,32,1993-10-19,monthly,Plzen - sever,west Bohemia,1993-10-19,1998-12-31,420,1555598.0,1501666.2,63,53931.8,1,gold,0,0.0,
1396,1690,F,1947-08-17,51,1996-06-26,monthly,Nachod,east Bohemia,1996-06-26,1998-12-31,196,1296446.6,1262905.6,31,33540.7,1,classic,0,0.0,
1482,1795,F,1960-02-28,38,1996-12-08,monthly,Louny,north Bohemia,1996-12-08,1998-12-31,169,607305.3,528937.4,25,78367.9,1,classic,0,0.0,
1485,1799,M,1959-06-26,39,1993-10-03,monthly,Liberec,north Bohemia,1993-10-03,1998-12-31,441,1765018.9,1655661.8,63,109356.7,1,gold,0,0.0,
1494,1811,M,1939-03-29,59,1997-10-08,monthly,Hl.m. Praha,Prague,1997-10-08,1998-12-31,63,396646.5,316946.0,15,79700.6,1,gold,0,0.0,
1568,1900,M,1965-11-22,33,1995-07-15,monthly,Cheb,west Bohemia,1995-07-15,1998-12-31,308,634798.9,573580.6,42,61217.9,1,classic,0,0.0,
1626,1971,F,1969-03-14,29,1994-03-15,monthly,Beroun,central Bohemia,1994-03-15,1998-12-31,264,1245590.5,1199229.2,58,46361.3,1,classic,0,0.0,
1709,2074,F,1961-09-16,37,1996-04-23,monthly,Karlovy Vary,west Bohemia,1996-04-23,1998-12-31,180,644080.4,568603.2,33,75476.7,1,classic,0,0.0,
1745,2117,M,1945-02-28,53,1996-10-19,monthly,Blansko,south Moravia,1996-10-19,1998-12-31,130,997236.8,934953.2,27,62283.5,1,classic,0,0.0,
1752,2124,F,1949-01-14,49,1996-05-08,monthly,Frydek - Mistek,north Moravia,1996-05-08,1998-12-31,148,610631.1,540534.2,32,70097.0,1,classic,0,0.0,
1835,2226,F,1964-10-09,34,1994-12-24,monthly,Ostrava - mesto,north Moravia,1994-12-24,1998-12-31,306,862643.1,771263.8,49,91379.0,1,classic,0,0.0,
2506,3026,M,1947-03-25,51,1996-07-12,after_transaction,Domazlice,west Bohemia,1996-07-12,1998-12-31,179,1159329.4,1066306.0,30,93023.1,1,classic,0,0.0,
2550,3079,M,1943-05-19,55,1995-11-11,monthly,Bruntal,north Moravia,1995-11-11,1998-12-31,310,652485.9,556290.2,38,96195.6,1,classic,0,0.0,
2561,3092,F,1967-11-06,31,1996-09-29,monthly,Kromeriz,south Moravia,1996-09-29,1998-12-31,143,621299.1,541329.2,28,79969.9,1,classic,0,0.0,
2594,3130,F,1955-05-31,43,1997-05-03,after_transaction,Prachatice,south Bohemia,1997-05-03,1998-12-31,120,758734.8,695649.0,20,63085.9,1,classic,0,0.0,
3743,4516,F,1961-09-27,37,1996-03-22,monthly,Hl.m. Praha,Prague,1996-03-22,1998-12-31,230,758718.1,695498.8,34,63219.2,1,classic,0,0.0,
4086,4923,M,1962-07-02,36,1996-07-17,monthly,Zdar nad Sazavou,south Moravia,1996-07-17,1998-12-31,150,1340395.5,1257774.4,30,82621.1,1,classic,0,0.0,
10906,13406,F,1978-04-18,20,1993-11-14,monthly,Havlickuv Brod,east Bohemia,1993-11-14,1998-12-15,389,2146253.7,2044700.4,62,101553.0,1,junior,0,0.0,
2332,2820,M,1966-12-17,32,1996-09-24,monthly,Vsetin,north Moravia,1996-09-24,1998-12-31,139,293560.5,226858.2,28,66702.3,1,gold,0,0.0,
2354,2845,M,1952-09-02,46,1997-03-17,monthly,Melnik,central Bohemia,1997-03-17,1998-12-31,105,436421.4,376369.6,22,60051.7,1,classic,0,0.0,
2370,2864,F,1952-04-09,46,1997-10-01,monthly,Trutnov,east Bohemia,1997-10-01,1998-12-31,72,296549.4,234316.0,15,62233.6,1,classic,0,0.0,
2424,2929,M,1958-03-10,40,1995-10-13,monthly,Hl.m. Praha,Prague,1995-10-13,1998-12-31,288,2276808.7,2244373.8,39,32434.5,1,classic,0,0.0,
2450,2958,M,1975-05-07,23,1996-04-10,monthly,Rychnov nad Kneznou,east Bohemia,1996-04-10,1998-12-31,215,903410.7,813168.8,33,90241.7,1,gold,0,0.0,
2471,2982,F,1973-03-23,25,1994-07-03,monthly,Kutna Hora,central Bohemia,1994-07-03,1998-12-31,469,2575771.9,2520143.4,54,55628.3,1,classic,0,0.0,
2573,3104,F,1982-01-04,16,1996-07-16,monthly,Kladno,central Bohemia,1996-07-16,1998-11-30,38,137875.4,124329.2,19,13560.6,1,junior,0,0.0,
2581,3115,M,1961-11-30,37,1993-03-11,monthly,Olomouc,north Moravia,1993-03-11,1998-12-31,415,1515358.5,1419954.0,70,95404.3,1,classic,0,0.0,
494,593,F,1954-07-10,44,1993-03-11,monthly,Prostejov,south Moravia,1993-03-11,1998-12-31,471,2186185.0,2122013.0,70,64171.4,1,classic,0,0.0,
521,626,M,1980-04-13,18,1995-10-08,monthly,Nymburk,central Bohemia,1995-10-08,1998-12-31,334,2635053.5,2552443.6,39,82609.7,1,junior,0,0.0,
553,666,M,1982-05-23,16,1995-06-06,monthly,Plzen - mesto,west Bohemia,1995-06-06,1998-12-31,270,274269.1,232648.6,43,41620.2,1,junior,0,0.0,
716,858,F,1959-03-29,39,1994-09-25,monthly,Pardubice,east Bohemia,1994-09-25,1998-12-31,250,1100912.6,1033771.6,52,67140.9,1,classic,0,0.0,
828,996,F,1980-06-26,18,1997-02-12,monthly,Hl.m. Praha,Prague,1997-02-12,1998-12-31,121,338431.8,318138.8,23,20292.9,1,junior,0,0.0,
855,1030,M,1947-10-11,51,1994-03-28,monthly,Hl.m. Praha,Prague,1994-03-28,1998-12-31,332,923073.4,851315.2,58,71757.9,1,classic,0,0.0,
1204,1453,F,1966-03-29,32,1993-12-03,monthly,Rokycany,west Bohemia,1993-12-03,1998-12-31,410,1587022.1,1504219.6,61,82801.7,1,gold,0,0.0,
1210,1461,M,1969-12-21,29,1996-05-21,monthly,Plzen - sever,west Bohemia,1996-05-21,1998-12-31,147,694575.0,649879.6,32,44695.2,1,classic,0,0.0,
1227,1480,M,1943-05-28,55,1996-01-13,monthly,Jesenik,north Moravia,1996-01-13,1998-12-31,278,549903.1,526263.0,36,23639.8,1,classic,0,0.0,
1261,1522,F,1968-05-14,30,1995-03-18,monthly,Usti nad Orlici,east Bohemia,1995-03-18,1998-12-31,262,1134113.0,1041846.0,46,92266.8,1,classic,0,0.0,
1760,2133,F,1921-11-28,77,1995-11-11,monthly,Blansko,south Moravia,1995-11-11,1998-12-31,206,186204.1,134394.2,38,51809.6,1,classic,0,0.0,
1780,2157,M,1945-11-17,53,1993-04-02,monthly,Praha - zapad,central Bohemia,1993-04-02,1998-12-31,414,1927479.9,1830899.4,69,96580.0,1,classic,0,0.0,
1963,2388,M,1971-07-29,27,1996-02-03,monthly,Havlickuv Brod,east Bohemia,1996-02-03,1998-12-31,204,885498.0,804083.0,35,81415.1,1,gold,0,0.0,
2057,2496,M,1972-07-07,26,1997-06-20,monthly,Hl.m. Praha,Prague,1997-06-20,1998-12-31,129,415758.3,363515.8,19,52242.6,1,classic,0,0.0,
2059,2498,M,1980-03-12,18,1994-10-08,monthly,Litomerice,north Bohemia,1994-10-08,1998-12-31,238,630801.4,593857.0,51,36944.4,1,junior,0,0.0,
2104,2548,M,1953-10-06,45,1996-06-12,monthly,Rychnov nad Kneznou,east Bohemia,1996-06-12,1998-12-31,166,423583.6,369540.0,31,54043.5,1,classic,0,0.0,
2138,2585,F,1971-08-28,27,1997-08-11,monthly,Prerov,north Moravia,1997-08-11,1998-12-31,89,457993.6,399031.2,17,58962.5,1,classic,0,0.0,
2237,2709,M,1946-06-14,52,1995-12-13,monthly,Plzen - mesto,west Bohemia,1995-12-13,1998-12-31,255,724610.8,662696.6,37,61914.1,1,classic,0,0.0,
2444,2951,F,1950-08-31,48,1997-09-07,monthly,Sumperk,north Moravia,1997-09-07,1998-12-31,81,519065.8,440312.6,16,78753.1,1,gold,0,0.0,
2480,2995,F,1941-06-15,57,1997-09-07,monthly,Jablonec n. Nisou,north Bohemia,1997-09-07,1998-12-31,102,757532.8,749363.8,16,8169.0,1,classic,0,0.0,
2501,3019,M,1969-09-23,29,1994-02-26,monthly,Sokolov,west Bohemia,1994-02-26,1998-12-31,414,1182464.3,1084856.8,59,97607.1,1,classic,0,0.0,
2716,3279,F,1954-08-04,44,1996-01-08,monthly,Zdar nad Sazavou,south Moravia,1996-01-08,1998-12-31,225,811619.2,771532.6,36,40086.3,1,classic,0,0.0,
2773,3348,F,1978-02-14,20,1996-06-23,monthly,Louny,north Bohemia,1996-06-23,1998-12-31,241,564721.6,497180.0,31,67541.5,1,junior,0,0.0,
2783,3360,F,1976-08-31,22,1995-11-23,monthly,Hradec Kralove,east Bohemia,1995-11-23,1998-12-31,215,297047.5,243711.0,38,53336.5,1,classic,0,0.0,
2803,3387,M,1943-08-14,55,1995-12-01,monthly,Jihlava,south Moravia,1995-12-01,1998-12-31,214,1445448.6,1364031.4,37,81416.8,1,classic,0,0.0,
2953,3567,M,1948-03-09,50,1996-09-02,monthly,Hl.m. Praha,Prague,1996-09-02,1998-12-31,181,232592.7,185207.8,28,47384.9,1,classic,0,0.0,
3437,4157,M,1972-05-09,26,1996-11-13,monthly,Hl.m. Praha,Prague,1996-11-13,1998-12-31,189,1511655.0,1460220.4,26,51434.5,1,classic,0,0.0,
3672,4426,F,1969-09-13,29,1996-03-19,monthly,Plzen - mesto,west Bohemia,1996-03-19,1998-12-31,216,720716.2,623368.8,34,97347.2,1,classic,0,0.0,
3675,4429,M,1945-04-02,53,1993-03-20,monthly,Zlin,south Moravia,1993-03-20,1998-12-31,435,3484758.7,3452076.4,70,32682.0,1,classic,0,0.0,
3749,4522,F,1950-11-01,48,1996-08-10,monthly,Frydek - Mistek,north Moravia,1996-08-10,1998-12-31,146,725253.9,664671.8,29,60582.1,1,gold,0,0.0,
3756,4532,M,1953-10-09,45,1994-10-17,weekly,Most,north Bohemia,1994-10-17,1998-12-31,304,1918555.6,1848597.0,51,69958.3,1,classic,0,0.0,
3767,4543,M,1941-12-01,57,1995-11-15,monthly,Hl.m. Praha,Prague,1995-11-15,1998-12-31,230,488218.8,425994.2,38,62224.3,1,classic,0,0.0,
3847,4638,F,1968-02-26,30,1995-06-13,monthly,Decin,north Bohemia,1995-06-13,1998-12-31,319,933769.3,866033.2,43,67735.6,1,classic,0,0.0,
3861,4654,F,1950-02-15,48,1997-01-30,monthly,Benesov,central Bohemia,1997-01-30,1998-12-31,124,624662.2,533295.8,24,91366.1,1,classic,0,0.0,
3866,4660,F,1975-07-06,23,1995-09-05,monthly,Prostejov,south Moravia,1995-09-05,1998-12-31,61,181832.3,147143.8,27,34688.6,1,classic,0,0.0,
3915,4721,F,1956-03-21,42,1993-04-02,monthly,Znojmo,south Moravia,1993-04-02,1998-12-31,408,1748791.9,1692884.4,69,55907.1,1,classic,0,0.0,
3919,4725,M,1945-11-17,53,1997-10-18,monthly,Chomutov,north Bohemia,1997-10-18,1998-12-31,66,276922.4,219041.4,15,57881.1,1,classic,0,0.0,
3988,4808,F,1981-11-24,17,1997-05-04,monthly,Cheb,west Bohemia,1997-05-04,1998-12-31,121,139696.1,101912.8,20,37783.0,1,junior,0,0.0,
4258,5132,M,1967-10-21,31,1995-08-26,monthly,Trutnov,east Bohemia,1995-08-26,1998-11-30,190,1259195.5,1239882.2,40,19327.5,1,classic,0,0.0,
4321,5204,M,1963-01-22,35,1993-04-18,monthly,Pardubice,east Bohemia,1993-04-18,1998-12-31,448,3313669.0,3200268.4,69,113400.4,1,classic,0,0.0,
10562,12991,M,1947-01-16,51,1996-08-21,monthly,Trutnov,east Bohemia,1996-08-21,1998-12-31,222,1412402.9,1385819.6,29,26583.4,1,classic,0,0.0,
1662,2015,F,1968-11-15,30,1997-08-11,monthly,Hl.m. Praha,Prague,1997-08-11,1998-12-31,89,409473.6,352787.2,17,56686.4,1,classic,0,0.0,
1764,2138,M,1980-12-19,18,1997-09-04,monthly,Frydek - Mistek,north Moravia,1997-09-04,1998-12-31,84,214827.2,154900.6,16,59926.3,1,junior,0,0.0,
1826,2214,M,1946-11-07,52,1994-05-22,monthly,Kolin,central Bohemia,1994-05-22,1998-12-31,301,1189291.3,1143381.0,56,45910.1,1,classic,0,0.0,
3445,4166,M,1947-02-26,51,1994-02-22,monthly,Hl.m. Praha,Prague,1994-02-22,1998-12-31,265,709981.6,663513.8,59,46467.6,1,classic,0,0.0,
3484,4211,F,1973-04-17,25,1994-06-01,monthly,Domazlice,west Bohemia,1994-06-01,1998-12-31,310,1469204.5,1405430.0,55,63774.1,1,classic,0,0.0,
3507,4235,F,1975-11-15,23,1996-12-01,monthly,Nymburk,central Bohemia,1996-12-01,1998-12-31,221,1564058.3,1505105.8,25,58952.2,1,classic,0,0.0,
3521,4251,M,1960-04-26,38,1993-06-22,monthly,Chrudim,east Bohemia,1993-06-22,1998-12-31,429,3723000.0,3678229.2,67,44770.8,1,classic,0,0.0,
3600,4343,F,1929-08-09,69,1993-08-10,monthly,Plzen - jih,west Bohemia,1993-08-10,1998-12-31,349,434746.7,383881.4,65,50864.6,1,classic,0,0.0,
3778,4555,M,1960-08-07,38,1993-07-04,monthly,Usti nad Orlici,east Bohemia,1993-07-04,1998-12-31,400,1669019.3,1572440.6,66,96578.5,1,classic,0,0.0,
122,146,F,1961-12-19,37,1996-10-30,monthly,Tachov,west Bohemia,1996-10-30,1998-12-31,110,650394.6,593606.6,27,56787.8,1,classic,0,0.0,
134,161,F,1943-10-07,55,1997-12-10,monthly,Chomutov,north Bohemia,1997-12-10,1998-12-31,48,140633.3,95102.2,13,45530.8,1,classic,0,0.0,
244,295,M,1939-03-27,59,1993-02-08,monthly,Pribram,central Bohemia,1993-02-08,1998-12-31,547,371802.0,319707.0,71,52094.5,1,classic,0,0.0,
307,374,M,1967-06-14,31,1997-08-07,monthly,Plzen - mesto,west Bohemia,1997-08-07,1998-12-31,75,413142.9,340975.2,17,72167.5,1,classic,0,0.0,
393,474,M,1949-05-31,49,1995-02-04,monthly,Nachod,east Bohemia,1995-02-04,1998-12-31,295,1273059.3,1240537.2,47,32521.9,1,classic,0,0.0,
2877,3477,M,1965-08-28,33,1995-06-04,monthly,Litomerice,north Bohemia,1995-06-04,1998-12-31,267,2100411.4,2048799.8,43,51611.4,1,classic,0,0.0,
2972,3589,F,1961-07-13,37,1993-11-23,monthly,Opava,north Moravia,1993-11-23,1998-12-31,327,2315598.9,2239599.2,61,75999.3,1,classic,0,0.0,
2990,3611,F,1972-05-27,26,1996-09-16,monthly,Sokolov,west Bohemia,1996-09-16,1998-12-31,167,185331.5,142619.2,28,42712.1,1,classic,0,0.0,
3153,3813,F,1978-08-25,20,1996-07-05,monthly,Benesov,central Bohemia,1996-07-05,1998-12-31,266,1859846.5,1780777.8,30,79068.5,1,junior,0,0.0,
1450,1759,F,1923-01-16,75,1996-04-07,monthly,Vyskov,south Moravia,1996-04-07,1998-12-31,160,219582.8,166082.8,33,53500.2,1,classic,0,0.0,
1599,1938,F,1939-09-30,59,1995-11-10,monthly,Hodonin,south Moravia,1995-11-10,1998-12-31,239,1018775.4,935596.2,38,83178.7,1,classic,0,0.0,
1700,2065,M,1978-08-20,20,1995-11-18,monthly,Zlin,south Moravia,1995-11-18,1998-12-31,201,938397.7,844407.2,38,93990.2,1,junior,0,0.0,
1756,2128,F,1955-08-13,43,1995-10-26,monthly,Louny,north Bohemia,1995-10-26,1998-12-31,210,777063.6,697512.8,39,79550.4,1,classic,0,0.0,
1770,2146,M,1973-01-04,25,1994-02-08,monthly,Znojmo,south Moravia,1994-02-08,1998-12-31,347,1360144.1,1309742.4,59,50401.4,1,classic,0,0.0,
1786,2164,M,1941-10-29,57,1993-05-25,monthly,Pardubice,east Bohemia,1993-05-25,1998-12-31,389,1354212.5,1274461.2,68,79751.2,1,classic,0,0.0,
1795,2175,F,1942-01-03,56,1997-08-21,monthly,Blansko,south Moravia,1997-08-21,1998-12-31,83,345743.5,288360.6,17,57382.8,1,classic,0,0.0,
1867,2265,M,1977-09-18,21,1995-11-15,monthly,Usti nad Orlici,east Bohemia,1995-11-15,1998-12-31,178,1019951.0,932067.2,38,87883.6,1,gold,0,0.0,
1976,2401,F,1948-01-26,50,1997-03-25,monthly,Plzen - mesto,west Bohemia,1997-03-25,1998-12-31,128,343811.2,294173.6,22,49637.5,1,classic,0,0.0,
3190,3856,F,1944-06-09,54,1996-12-30,monthly,Hl.m. Praha,Prague,1996-12-30,1998-12-31,129,283046.2,241052.4,25,41994.0,0,,0,0.0,
3206,3877,F,1956-09-13,42,1996-06-22,monthly,Louny,north Bohemia,1996-06-22,1998-12-31,189,621674.3,564731.0,31,56943.1,0,,0,0.0,
3217,3891,M,1958-12-14,40,1997-04-23,after_transaction,Prerov,north Moravia,1997-04-23,1998-12-31,132,828682.5,743730.0,21,84952.2,0,,0,0.0,
3223,3898,F,1948-01-17,50,1993-12-07,monthly,Hodonin,south Moravia,1993-12-07,1998-12-31,329,1922759.1,1895018.0,61,27740.9,0,,0,0.0,
3243,3922,F,1928-04-08,70,1993-11-10,monthly,Hl.m. Praha,Prague,1993-11-10,1998-12-31,302,424581.8,405603.6,62,18978.0,0,,0,0.0,
3285,3976,M,1967-09-13,31,1996-05-12,monthly,Hradec Kralove,east Bohemia,1996-05-12,1998-12-31,146,103559.0,76804.2,32,26754.7,0,,0,0.0,
3309,4001,M,1956-01-29,42,1993-11-20,monthly,Jesenik,north Moravia,1993-11-20,1998-12-31,459,1026612.4,995250.6,62,31361.4,0,,0,0.0,
3352,4054,F,1959-02-08,39,1993-11-08,monthly,Olomouc,north Moravia,1993-11-08,1998-12-31,379,350341.2,332698.2,62,17643.1,0,,0,0.0,
3360,4062,M,1950-08-08,48,1997-11-10,monthly,Novy Jicin,north Moravia,1997-11-10,1998-12-31,64,221552.0,163542.8,14,58009.1,0,,0,0.0,
3363,4066,F,1936-11-28,62,1995-06-24,monthly,Sokolov,west Bohemia,1995-06-24,1998-12-31,193,190092.3,166704.2,43,23387.6,0,,0,0.0,
3378,4084,M,1957-10-05,41,1994-03-14,monthly,Brno - venkov,south Moravia,1994-03-14,1998-12-31,330,793236.6,770630.2,58,22606.1,0,,0,0.0,
3382,4090,M,1971-06-22,27,1997-11-20,weekly,Cheb,west Bohemia,1997-11-20,1998-12-31,42,245225.6,241625.0,14,3600.5,0,,0,0.0,
3419,4134,F,1954-02-12,44,1994-10-29,monthly,Hl.m. Praha,Prague,1994-10-29,1998-12-31,375,670425.0,654049.0,51,16375.2,0,,0,0.0,
3477,4203,F,1967-01-08,31,1993-08-22,monthly,Hl.m. Praha,Prague,1993-08-22,1998-12-31,303,209236.8,194511.4,65,14725.1,0,,0,0.0,
3493,4221,F,1941-09-26,57,1993-07-22,monthly,Vyskov,south Moravia,1993-07-22,1998-12-31,288,229338.1,190943.0,66,38394.7,0,,0,0.0,
3542,4275,F,1957-06-26,41,1993-06-11,monthly,Semily,east Bohemia,1993-06-11,1998-12-31,323,234467.3,200319.2,67,34147.8,0,,0,0.0,
3571,4309,F,1979-04-26,19,1993-11-21,monthly,Most,north Bohemia,1993-11-21,1998-12-31,402,451242.8,411875.6,62,39366.6,0,,0,0.0,
3593,4336,F,1969-08-02,29,1993-02-18,monthly,Prachatice,south Bohemia,1993-02-18,1998-12-31,471,1214016.6,1163605.0,71,50411.4,0,,0,0.0,
3595,4338,M,1944-10-25,54,1994-05-01,monthly,Sokolov,west Bohemia,1994-05-01,1998-12-31,317,755001.1,725072.6,56,29928.6,0,,0,0.0,
365,444,F,1960-08-01,38,1993-12-12,monthly,Ostrava - mesto,north Moravia,1993-12-12,1998-12-31,466,1176664.9,1154065.0,61,22599.6,0,,0,0.0,
368,448,F,1970-08-15,28,1993-07-06,monthly,Vsetin,north Moravia,1993-07-06,1998-12-31,533,623118.6,592239.6,66,30878.8,0,,0,0.0,
395,476,F,1947-06-01,51,1993-03-12,monthly,Hl.m. Praha,Prague,1993-03-12,1998-12-31,445,1666765.5,1643469.4,70,23296.1,0,,0,0.0,
397,479,M,1947-08-20,51,1993-10-26,monthly,Praha - zapad,central Bohemia,1993-10-26,1998-12-31,324,2122114.7,2016643.2,63,105470.8,0,,0,0.0,
407,492,M,1935-10-26,63,1997-04-18,weekly,Olomouc,north Moravia,1997-04-18,1998-12-31,111,397027.6,349693.0,21,47334.7,0,,0,0.0,
443,534,M,1957-07-22,41,1993-01-28,monthly,Ostrava - mesto,north Moravia,1993-01-28,1998-12-31,455,223792.1,201561.6,72,22230.4,0,,0,0.0,
450,542,F,1921-02-09,77,1996-05-28,monthly,Kromeriz,south Moravia,1996-05-28,1998-12-31,140,138799.9,122687.6,32,16112.0,0,,0,0.0,
452,544,M,1948-11-16,50,1995-11-29,monthly,Vyskov,south Moravia,1995-11-29,1998-12-31,251,1297866.3,1221644.6,38,76221.4,0,,0,0.0,
454,546,M,1953-08-25,45,1995-05-07,monthly,Melnik,central Bohemia,1995-05-07,1998-12-31,254,472784.9,441107.8,44,31677.1,0,,0,0.0,
455,547,M,1949-03-31,49,1995-04-23,monthly,Brno - mesto,south Moravia,1995-04-23,1998-12-31,235,624346.7,593650.4,45,30696.3,0,,0,0.0,
463,557,M,1939-07-17,59,1995-05-08,monthly,Trutnov,east Bohemia,1995-05-08,1998-12-31,256,1119745.1,1014404.4,44,105340.2,0,,0,0.0,
514,617,M,1974-03-14,24,1996-03-30,monthly,Karvina,north Moravia,1996-03-30,1998-12-31,168,447112.3,413028.8,34,34083.4,0,,0,0.0,
515,618,F,1932-03-16,66,1995-02-09,monthly,Hodonin,south Moravia,1995-02-09,1998-12-31,211,197114.2,176283.2,47,20831.0,0,,0,0.0,
531,639,M,1978-08-02,20,1995-08-18,monthly,Tachov,west Bohemia,1995-08-18,1998-12-31,185,132990.1,99325.0,41,33664.9,0,,0,0.0,
545,656,M,1956-06-06,42,1993-11-24,monthly,Hl.m. Praha,Prague,1993-11-24,1998-12-31,331,787619.4,702159.6,62,85459.6,0,,0,0.0,
546,657,F,1926-07-10,72,1996-11-23,monthly,Mlada Boleslav,central Bohemia,1996-11-23,1998-12-31,102,112842.5,98922.0,26,13920.4,0,,0,0.0,
575,690,M,1942-11-07,56,1994-04-26,monthly,Louny,north Bohemia,1994-04-26,1998-12-31,341,575856.9,546964.6,57,28892.3,0,,0,0.0,
593,711,F,1963-08-16,35,1996-07-16,monthly,Rychnov nad Kneznou,east Bohemia,1996-07-16,1998-12-31,139,454217.3,385050.4,30,69167.0,0,,0,0.0,
1133,1361,F,1922-09-29,76,1993-11-01,monthly,Hl.m. Praha,Prague,1993-11-01,1998-12-31,328,283824.3,263911.2,62,19912.7,0,,0,0.0,
1188,1432,F,1961-08-17,37,1996-07-22,monthly,Jindrichuv Hradec,south Bohemia,1996-07-22,1998-12-31,151,250093.8,214815.4,30,35278.2,0,,0,0.0,
1209,1460,F,1933-03-13,65,1997-10-23,monthly,Cheb,west Bohemia,1997-10-23,1998-12-31,59,76651.4,58201.4,15,18449.8,0,,0,0.0,
1223,1476,M,1970-11-30,28,1996-08-10,monthly,Karvina,north Moravia,1996-08-10,1998-12-31,190,412477.7,354712.4,29,57765.2,0,,0,0.0,
1233,1488,M,1961-01-09,37,1996-02-08,monthly,Tachov,west Bohemia,1996-02-08,1998-12-31,165,120993.1,107858.0,35,13134.9,0,,0,0.0,
1259,1520,M,1956-11-05,42,1997-04-12,monthly,Olomouc,north Moravia,1997-04-12,1998-12-31,157,343216.7,298169.6,21,45047.1,0,,0,0.0,
1276,1540,M,1937-11-07,61,1993-01-07,monthly,Liberec,north Bohemia,1993-01-07,1998-12-31,551,610557.3,587757.2,72,22799.9,0,,0,0.0,
1313,1588,M,1950-10-29,48,1997-10-01,monthly,Jicin,east Bohemia,1997-10-01,1998-12-31,102,900178.3,858352.2,15,41826.2,0,,0,0.0,
1331,1611,F,1963-12-02,35,1995-01-03,monthly,Kromeriz,south Moravia,1995-01-03,1998-12-31,279,575905.9,556883.8,48,19021.8,0,,0,0.0,
1344,1628,F,1957-03-25,41,1995-07-16,after_transaction,Pribram,central Bohemia,1995-07-16,1998-12-17,219,1734413.1,1708902.0,42,25510.8,0,,0,0.0,
1402,1697,F,1964-01-10,34,1993-03-26,monthly,Brno - venkov,south Moravia,1993-03-26,1998-12-31,589,712726.8,689115.4,70,23611.5,0,,0,0.0,
1404,1700,M,1949-03-09,49,1993-09-22,weekly,Melnik,central Bohemia,1993-09-22,1998-12-31,559,1867091.5,1808454.0,64,58637.3,0,,0,0.0,
1411,1710,M,1944-02-11,54,1993-07-09,monthly,Brno - mesto,south Moravia,1993-07-09,1998-12-31,393,997378.1,899190.0,66,98187.5,0,,0,0.0,
1452,1761,M,1948-04-23,50,1995-09-16,monthly,Jicin,east Bohemia,1995-09-16,1998-12-31,185,860465.0,757596.4,40,102868.2,0,,0,0.0,
1506,1825,F,1974-04-24,24,1997-10-13,monthly,Trutnov,east Bohemia,1997-10-13,1998-12-12,56,109425.8,91831.4,15,17594.4,0,,0,0.0,
1534,1860,F,1964-10-31,34,1993-05-24,monthly,Hl.m. Praha,Prague,1993-05-24,1998-12-31,450,1132431.8,1075937.2,68,56494.1,0,,0,0.0,
1549,1879,F,1944-04-02,54,1996-11-21,monthly,Tabor,south Bohemia,1996-11-21,1998-12-31,136,397766.7,347784.0,26,49982.6,0,,0,0.0,
1562,1894,F,1947-11-05,51,1995-08-30,monthly,Hl.m. Praha,Prague,1995-08-30,1998-12-31,178,119428.9,100339.0,41,19089.7,0,,0,0.0,
1573,1906,M,1922-07-07,76,1997-12-29,monthly,Vyskov,south Moravia,1997-12-29,1998-12-31,48,67499.3,54536.2,13,12963.1,0,,0,0.0,
1617,1961,F,1920-06-04,78,1993-06-01,monthly,Tachov,west Bohemia,1993-06-01,1998-12-31,358,405316.3,387253.2,67,18062.4,0,,0,0.0,
1624,1969,F,1926-08-26,72,1996-04-22,monthly,Blansko,south Moravia,1996-04-22,1998-12-31,191,197811.7,182820.2,33,14991.3,0,,0,0.0,
1684,2044,F,1961-09-18,37,1993-07-10,weekly,Ceska Lipa,north Bohemia,1993-07-10,1998-12-31,304,1638731.0,1599508.0,65,39223.2,0,,0,0.0,
1697,2061,M,1953-07-27,45,1997-05-17,monthly,Vyskov,south Moravia,1997-05-17,1998-12-31,106,65174.2,48228.4,20,16945.9,0,,0,0.0,
1717,2082,M,1933-02-04,65,1997-12-02,monthly,Bruntal,north Moravia,1997-12-02,1998-12-31,52,86983.1,63066.8,13,23916.2,0,,0,0.0,
1735,2105,F,1947-07-18,51,1996-12-04,monthly,Havlickuv Brod,east Bohemia,1996-12-04,1998-03-29,20,26035.1,16500.0,14,9535.2,0,,0,0.0,
1736,2106,F,1921-03-21,77,1997-02-26,monthly,Ostrava - mesto,north Moravia,1997-02-26,1998-12-31,95,136777.7,113436.2,23,23341.4,0,,0,0.0,
1751,2123,M,1982-05-17,16,1996-10-04,monthly,Blansko,south Moravia,1996-10-04,1998-12-31,135,169204.5,131435.8,27,37768.3,0,,0,0.0,
1823,2211,F,1920-02-24,78,1996-09-28,monthly,Beroun,central Bohemia,1996-09-28,1998-12-31,117,136132.1,115952.2,28,20179.8,0,,0,0.0,
1856,2251,F,1971-10-13,27,1994-06-19,monthly,Plzen - mesto,west Bohemia,1994-06-19,1998-12-31,286,181866.6,150990.4,55,30876.1,0,,0,0.0,
1858,2254,F,1927-12-09,71,1995-02-18,monthly,Olomouc,north Moravia,1995-02-18,1998-12-31,234,310887.1,286196.6,47,24690.3,0,,0,0.0,
1859,2255,F,1923-08-24,75,1996-02-02,monthly,Svitavy,east Bohemia,1996-02-02,1998-12-31,182,243416.9,223268.0,35,20148.8,0,,0,0.0,
1877,2278,M,1921-07-01,77,1993-12-13,monthly,Sumperk,north Moravia,1993-12-13,1998-12-31,388,397807.8,349246.0,61,48561.6,0,,0,0.0,
1884,2286,F,1966-11-26,32,1996-12-24,monthly,Brno - mesto,south Moravia,1996-12-24,1998-12-31,100,258475.0,241777.4,25,16697.6,0,,0,0.0,
2378,2873,F,1975-03-24,23,1993-01-01,monthly,Jindrichuv Hradec,south Bohemia,1993-01-01,1998-12-31,435,2704659.9,2611310.0,72,93349.5,0,,0,0.0,
2397,2894,F,1948-07-25,50,1996-06-14,monthly,Karvina,north Moravia,1996-06-14,1998-12-31,188,206907.8,169890.0,31,37017.9,0,,0,0.0,
2402,2900,M,1923-03-22,75,1997-11-06,monthly,Pisek,south Bohemia,1997-11-06,1998-12-31,57,99812.4,53637.4,14,46174.9,0,,0,0.0,
2431,2937,M,1949-07-01,49,1995-02-23,monthly,Ostrava - mesto,north Moravia,1995-02-23,1998-12-31,348,401964.5,345383.6,47,56580.5,0,,0,0.0,
2451,2959,M,1957-11-19,41,1997-04-29,monthly,Brno - mesto,south Moravia,1997-04-29,1998-12-31,104,350383.4,309863.0,21,40520.4,0,,0,0.0,
2457,2967,F,1961-01-15,37,1993-11-11,monthly,Blansko,south Moravia,1993-11-11,1998-12-31,318,414116.9,394555.6,62,19560.9,0,,0,0.0,
2473,2986,M,1952-05-15,46,1996-02-16,monthly,Ceske Budejovice,south Bohemia,1996-02-16,1998-12-31,182,104185.1,81637.4,35,22547.5,0,,0,0.0,
2477,2992,M,1966-05-07,32,1997-02-11,monthly,Praha - zapad,central Bohemia,1997-02-11,1998-12-31,109,130808.6,112410.8,23,18397.7,0,,0,0.0,
2484,2999,F,1979-03-24,19,1993-01-03,monthly,Ostrava - mesto,north Moravia,1993-01-03,1998-12-31,608,1172772.0,1129127.2,72,43644.0,0,,0,0.0,
2508,3028,F,1932-04-23,66,1993-03-14,monthly,Chomutov,north Bohemia,1993-03-14,1998-12-31,334,300375.1,283499.4,70,16875.8,0,,0,0.0,
2563,3094,M,1950-08-18,48,1995-01-17,monthly,Rychnov nad Kneznou,east Bohemia,1995-01-17,1998-12-31,272,371458.9,326865.2,48,44593.7,0,,0,0.0,
2569,3100,M,1931-03-30,67,1994-06-10,monthly,Benesov,central Bohemia,1994-06-10,1998-12-31,351,372321.2,349751.4,55,22569.7,0,,0,0.0,
2585,3120,M,1964-06-02,34,1993-02-10,monthly,Prerov,north Moravia,1993-02-10,1998-12-31,338,1165375.1,1136264.1,71,29110.6,0,,0,0.0,
2595,3131,F,1935-06-14,63,1997-08-17,monthly,Hl.m. Praha,Prague,1997-08-17,1998-12-31,67,110958.2,76781.6,17,34176.6,0,,0,0.0,
2596,3132,F,1975-03-24,23,1994-09-02,monthly,Hl.m. Praha,Prague,1994-09-02,1998-12-31,246,183112.8,155641.2,52,27471.3,0,,0,0.0,
2631,3176,M,1937-07-07,61,1996-03-29,monthly,Hl.m. Praha,Prague,1996-03-29,1998-12-31,150,117151.0,82223.8,34,34927.3,0,,0,0.0,
2697,3255,F,1970-01-04,28,1993-06-26,monthly,Mlada Boleslav,central Bohemia,1993-06-26,1998-12-31,503,596280.7,521119.6,67,75160.5,0,,0,0.0,
2713,3274,M,1929-01-22,69,1994-04-03,monthly,Plzen - mesto,west Bohemia,1994-04-03,1998-12-31,281,373934.3,319560.2,57,54374.0,0,,0,0.0,
3605,4348,F,1978-04-17,20,1996-03-24,monthly,Beroun,central Bohemia,1996-03-24,1998-12-31,233,893527.9,842124.8,34,51403.0,0,,0,0.0,
3618,4365,M,1961-05-12,37,1993-09-29,monthly,Praha - vychod,central Bohemia,1993-09-29,1998-12-31,414,1212769.2,1117490.8,64,95278.5,0,,0,0.0,
3651,4402,M,1929-04-11,69,1993-02-27,monthly,Cheb,west Bohemia,1993-02-27,1998-12-31,341,364202.4,324097.0,71,40105.2,0,,0,0.0,
3653,4404,F,1951-04-09,47,1994-05-03,monthly,Tachov,west Bohemia,1994-05-03,1998-12-31,377,1357580.6,1276008.6,56,81571.9,0,,0,0.0,
3729,4498,M,1931-12-28,67,1995-04-14,monthly,Tachov,west Bohemia,1995-04-14,1998-12-31,201,197169.0,181099.4,45,16069.5,0,,0,0.0,
3731,4501,F,1947-03-18,51,1996-05-20,monthly,Karvina,north Moravia,1996-05-20,1998-12-31,139,95092.1,69733.6,32,25358.7,0,,0,0.0,
3786,4565,M,1948-03-03,50,1993-06-22,monthly,Ceske Budejovice,south Bohemia,1993-06-22,1998-12-31,424,2992083.4,2931420.6,67,60662.4,0,,0,0.0,
3805,4585,F,1948-09-10,50,1994-07-02,monthly,Nymburk,central Bohemia,1994-07-02,1998-12-31,314,737714.6,695835.4,54,41878.9,0,,0,0.0,
3808,4589,F,1976-09-15,22,1993-08-11,monthly,Benesov,central Bohemia,1993-08-11,1998-12-31,451,1148219.1,1070896.0,65,77322.8,0,,0,0.0,
3840,4629,M,1923-05-10,75,1994-02-19,monthly,Sumperk,north Moravia,1994-02-19,1998-12-31,297,353586.6,317770.8,59,35815.3,0,,0,0.0,
3849,4640,F,1956-05-07,42,1994-10-21,monthly,Prerov,north Moravia,1994-10-21,1998-12-31,287,933791.2,859132.0,51,74658.4,0,,0,0.0,
3860,4653,F,1946-12-18,52,1994-10-11,monthly,Kladno,central Bohemia,1994-10-11,1998-12-31,246,694270.8,661068.0,51,33202.8,0,,0,0.0,
3881,4678,M,1968-12-06,30,1996-03-04,monthly,Tabor,south Bohemia,1996-03-04,1998-12-31,210,289212.8,256006.4,34,33206.2,0,,0,0.0,
3890,4689,M,1963-04-26,35,1996-02-10,monthly,Svitavy,east Bohemia,1996-02-10,1998-12-31,194,386065.2,335473.4,35,50591.3,0,,0,0.0,
3963,4781,F,1966-08-15,32,1997-10-27,monthly,Nymburk,central Bohemia,1997-10-27,1998-12-31,88,211091.6,162851.4,15,48240.2,0,,0,0.0,
3964,4782,M,1966-12-28,32,1997-01-25,monthly,Klatovy,west Bohemia,1997-01-25,1998-12-31,93,76001.3,62810.8,24,13190.4,0,,0,0.0,
3987,4807,M,1948-12-28,50,1997-09-14,monthly,Klatovy,west Bohemia,1997-09-14,1998-12-31,77,183691.1,165758.0,16,17933.1,0,,0,0.0,
4059,4892,M,1969-03-08,29,1993-10-08,monthly,Plzen - mesto,west Bohemia,1993-10-08,1998-12-11,106,60168.9,75600.0,60,-15431.9,0,,0,0.0,
4134,4979,M,1937-06-28,61,1993-03-03,monthly,Melnik,central Bohemia,1993-03-03,1998-12-31,430,2357198.8,2327379.2,70,29819.6,0,,0,0.0,
4266,5141,F,1953-05-19,45,1997-02-05,monthly,Brno - mesto,south Moravia,1997-02-05,1998-12-31,119,425543.4,396024.8,23,29518.4,0,,0,0.0,
4350,5241,M,1978-06-26,20,1993-04-04,monthly,Vyskov,south Moravia,1993-04-04,1998-12-31,354,1689548.8,1580614.4,69,108934.2,0,,0,0.0,
10694,13151,M,1958-12-22,40,1996-05-15,weekly,Opava,north Moravia,1996-05-15,1998-12-31,183,625774.6,578462.0,32,47312.5,0,,0,0.0,
2281,2761,F,1977-09-29,21,1995-07-13,monthly,Hl.m. Praha,Prague,1995-07-13,1998-12-31,233,654828.4,625165.6,42,29662.4,0,,0,0.0,
2326,2813,M,1941-04-10,57,1994-01-24,monthly,Karvina,north Moravia,1994-01-24,1998-12-31,321,1163458.1,1122089.6,60,41368.2,0,,0,0.0,
2358,2850,M,1970-08-20,28,1995-09-13,monthly,Melnik,central Bohemia,1995-09-13,1998-12-31,192,414407.9,392206.4,40,22201.4,0,,0,0.0,
2387,2882,M,1931-12-14,67,1996-06-22,monthly,Karvina,north Moravia,1996-06-22,1998-12-31,130,156313.6,131845.0,31,24468.5,0,,0,0.0,
2393,2889,M,1943-12-05,55,1993-01-07,monthly,Klatovy,west Bohemia,1993-01-07,1998-12-31,416,874623.5,826562.2,72,48060.5,0,,0,0.0,
2408,2909,M,1936-10-09,62,1996-12-27,monthly,Plzen - mesto,west Bohemia,1996-12-27,1998-12-31,145,421044.7,375797.4,25,45247.2,0,,0,0.0,
2454,2964,M,1978-11-27,20,1994-05-07,monthly,Mlada Boleslav,central Bohemia,1994-05-07,1998-12-31,341,519844.0,483888.4,56,35955.5,0,,0,0.0,
2492,3008,M,1919-12-19,79,1997-09-01,monthly,Opava,north Moravia,1997-09-01,1998-12-31,87,112273.1,96077.6,16,16195.3,0,,0,0.0,
2494,3011,M,1955-09-19,43,1994-04-23,monthly,Ostrava - mesto,north Moravia,1994-04-23,1998-12-31,433,2462032.0,2406953.6,57,55078.8,0,,0,0.0,
2495,3012,F,1955-11-10,43,1997-03-19,monthly,Karvina,north Moravia,1997-03-19,1998-12-09,22,57900.0,8500.0,22,49400.0,0,,0,0.0,
2498,3016,M,1977-08-23,21,1996-03-01,monthly,Teplice,north Bohemia,1996-03-01,1998-12-31,185,374696.5,331213.4,34,43483.1,0,,0,0.0,
2525,3047,M,1975-10-01,23,1995-05-08,monthly,Jicin,east Bohemia,1995-05-08,1998-12-31,271,425664.9,406812.4,44,18852.4,0,,0,0.0,
2597,3133,F,1973-04-20,25,1997-03-16,monthly,Tachov,west Bohemia,1997-03-16,1998-12-31,130,459577.2,436408.6,22,23168.3,0,,0,0.0,
2613,3153,M,1924-06-17,74,1993-10-03,monthly,Plzen - mesto,west Bohemia,1993-10-03,1998-12-31,357,319416.9,300191.8,63,19225.0,0,,0,0.0,
2623,3165,F,1976-09-01,22,1993-10-09,monthly,Beroun,central Bohemia,1993-10-09,1998-12-31,367,474839.6,404184.8,63,70654.8,0,,0,0.0,
2663,3215,F,1936-05-06,62,1995-01-25,monthly,Zlin,south Moravia,1995-01-25,1998-12-31,235,303812.0,270607.2,48,33204.7,0,,0,0.0,
2684,3239,F,1981-11-16,17,1997-09-10,monthly,Melnik,central Bohemia,1997-09-10,1998-12-31,79,133126.1,92025.2,16,41101.1,0,,0,0.0,
413,499,F,1935-07-08,63,1996-07-09,monthly,Pisek,south Bohemia,1996-07-09,1998-12-31,138,148276.6,130775.4,30,17501.2,0,,0,0.0,
470,565,F,1959-07-03,39,1994-03-23,monthly,Zlin,south Moravia,1994-03-23,1998-12-31,438,552544.1,517887.2,58,34656.7,0,,0,0.0,
490,589,M,1961-09-17,37,1995-05-23,monthly,Jicin,east Bohemia,1995-05-23,1998-12-31,199,134587.2,119502.8,44,15084.1,0,,0,0.0,
504,606,F,1949-01-25,49,1993-04-21,monthly,Praha - vychod,central Bohemia,1993-04-21,1998-12-31,331,243373.6,216051.8,69,27321.3,0,,0,0.0,
533,641,F,1962-07-04,36,1995-05-07,monthly,Teplice,north Bohemia,1995-05-07,1998-12-31,256,388635.8,359283.4,44,29352.3,0,,0,0.0,
552,665,F,1932-04-05,66,1993-08-20,monthly,Uherske Hradiste,south Moravia,1993-08-20,1998-12-31,337,335245.1,318941.4,65,16303.3,0,,0,0.0,
569,683,F,1945-08-29,53,1996-10-01,monthly,Sumperk,north Moravia,1996-10-01,1998-12-31,144,130529.4,109129.2,27,21400.0,0,,0,0.0,
597,715,F,1952-01-15,46,1993-12-05,monthly,Hl.m. Praha,Prague,1993-12-05,1998-12-31,348,1305995.1,1287663.0,61,18332.0,0,,0,0.0,
643,772,M,1944-12-10,54,1997-10-28,monthly,Zlin,south Moravia,1997-10-28,1998-12-31,58,121965.8,86011.4,15,35954.2,0,,0,0.0,
647,776,F,1953-05-03,45,1997-04-28,monthly,Hl.m. Praha,Prague,1997-04-28,1998-12-31,105,298017.8,257579.0,21,40438.6,0,,0,0.0,
662,793,M,1978-02-04,20,1994-07-18,monthly,Tabor,south Bohemia,1994-07-18,1998-12-31,258,315357.7,297270.8,54,18086.3,0,,0,0.0,
682,818,M,1966-04-27,32,1997-06-08,monthly,Brno - mesto,south Moravia,1997-06-08,1998-12-31,96,59220.9,38290.4,19,20930.5,0,,0,0.0,
758,908,F,1961-03-07,37,1997-12-19,monthly,Trutnov,east Bohemia,1997-12-19,1998-11-14,12,34800.0,8000.0,12,26800.0,0,,0,0.0,
798,956,M,1966-10-21,32,1996-04-22,monthly,Hl.m. Praha,Prague,1996-04-22,1998-12-31,182,162821.6,113228.2,33,49593.1,0,,0,0.0,
811,973,F,1970-10-06,28,1997-08-01,weekly,Ceske Budejovice,south Bohemia,1997-08-01,1998-12-31,90,578441.6,522360.0,17,56081.6,0,,0,0.0,
822,988,F,1939-10-01,59,1996-10-04,monthly,Teplice,north Bohemia,1996-10-04,1998-12-31,125,189281.2,158509.2,27,30771.9,0,,0,0.0,
887,1068,F,1926-10-20,72,1993-05-05,monthly,Rakovnik,central Bohemia,1993-05-05,1998-12-31,304,312122.4,294975.8,68,17146.3,0,,0,0.0,
888,1069,F,1938-02-21,60,1996-10-28,monthly,Brno - mesto,south Moravia,1996-10-28,1998-12-31,128,161771.4,142340.6,27,19430.9,0,,0,0.0,
903,1088,F,1969-08-23,29,1993-12-10,monthly,Pardubice,east Bohemia,1993-12-10,1998-12-31,325,266321.3,245987.6,61,20333.6,0,,0,0.0,
914,1101,M,1946-06-22,52,1993-11-14,monthly,Ostrava - mesto,north Moravia,1993-11-14,1998-12-31,290,215438.1,188685.6,62,26752.4,0,,0,0.0,
989,1193,M,1926-01-29,72,1994-03-14,monthly,Prachatice,south Bohemia,1994-03-14,1998-12-31,329,296537.6,278396.2,58,18141.0,0,,0,0.0,
992,1196,M,1943-04-16,55,1995-10-01,monthly,Domazlice,west Bohemia,1995-10-01,1998-12-31,299,464904.8,439141.4,39,25763.2,0,,0,0.0,
1017,1221,F,1973-05-18,25,1994-08-11,monthly,Ceske Budejovice,south Bohemia,1994-08-11,1998-12-31,351,1207445.3,1160321.2,53,47123.9,0,,0,0.0,
1024,1229,M,1971-02-02,27,1997-05-02,monthly,Prachatice,south Bohemia,1997-05-02,1998-12-31,87,64034.0,43599.0,20,20434.9,0,,0,0.0,
1034,1241,F,1942-12-17,56,1997-04-04,monthly,Opava,north Moravia,1997-04-04,1998-12-31,110,175182.5,150337.6,21,24844.7,0,,0,0.0,
1072,1287,F,1944-08-09,54,1997-12-09,monthly,Znojmo,south Moravia,1997-12-09,1998-12-31,58,181699.9,137182.2,13,44517.6,0,,0,0.0,
1085,1303,F,1940-08-16,58,1997-09-11,monthly,Havlickuv Brod,east Bohemia,1997-09-11,1998-12-31,80,239955.8,180867.6,16,59088.0,0,,0,0.0,
1094,1312,F,1935-04-03,63,1996-07-10,monthly,Jablonec n. Nisou,north Bohemia,1996-07-10,1998-12-31,169,178100.4,160437.4,30,17662.7,0,,0,0.0,
1114,1335,F,1961-01-25,37,1993-11-13,weekly,Hl.m. Praha,Prague,1993-11-13,1998-12-31,324,1565286.5,1481939.0,62,83347.0,0,,0,0.0,
1141,1372,F,1976-12-07,22,1997-02-16,monthly,Plzen - sever,west Bohemia,1997-02-16,1998-12-31,151,94192.5,79102.2,23,15090.4,0,,0,0.0,
1174,1414,F,1974-11-13,24,1995-03-21,monthly,Karvina,north Moravia,1995-03-21,1998-12-31,343,1085642.3,1004344.0,46,81298.2,0,,0,0.0,
1185,1428,M,1920-04-23,78,1997-06-07,monthly,Pribram,central Bohemia,1997-06-07,1998-12-31,85,78082.7,57359.8,19,20722.8,0,,0,0.0,
1219,1472,F,1967-09-10,31,1996-06-08,monthly,Hl.m. Praha,Prague,1996-06-08,1998-12-31,164,250324.9,224921.0,31,25403.8,0,,0,0.0,
1246,1503,M,1922-09-01,76,1994-08-18,monthly,Jihlava,south Moravia,1994-08-18,1998-12-31,249,325181.9,286148.2,53,39033.4,0,,0,0.0,
1249,1508,F,1954-06-30,44,1995-03-30,monthly,Bruntal,north Moravia,1995-03-30,1998-12-31,339,240139.8,182635.0,46,57504.7,0,,0,0.0,
1319,1595,F,1954-12-16,44,1997-08-08,after_transaction,Breclav,south Moravia,1997-08-08,1998-12-31,90,419265.3,380088.0,17,39177.2,0,,0,0.0,
1351,1638,F,1954-01-30,44,1996-03-29,monthly,Teplice,north Bohemia,1996-03-29,1998-12-31,138,113154.7,83961.8,34,29192.7,0,,0,0.0,
1365,1653,M,1944-06-19,54,1996-03-15,monthly,Havlickuv Brod,east Bohemia,1996-03-15,1998-12-31,185,182612.3,110690.8,34,71921.4,0,,0,0.0,
1426,1730,M,1932-12-15,66,1995-10-27,monthly,Teplice,north Bohemia,1995-10-27,1998-12-31,165,155686.3,132485.8,39,23200.6,0,,0,0.0,
1430,1734,M,1975-11-10,23,1997-02-13,monthly,Plzen - mesto,west Bohemia,1997-02-13,1998-02-08,12,23900.0,12900.0,12,11000.0,0,,0,0.0,
1438,1745,F,1959-10-18,39,1997-09-18,weekly,Cheb,west Bohemia,1997-09-18,1998-12-31,78,336889.3,294251.0,16,42638.4,0,,0,0.0,
1442,1750,M,1964-12-31,34,1993-05-23,monthly,Cheb,west Bohemia,1993-05-23,1998-12-31,384,1346399.5,1291775.2,68,54623.9,0,,0,0.0,
1746,2118,M,1970-11-12,28,1997-03-11,monthly,Hl.m. Praha,Prague,1997-03-11,1998-12-31,96,453465.5,399433.6,22,54031.8,0,,0,0.0,
1783,2160,M,1945-05-31,53,1997-09-11,monthly,Karvina,north Moravia,1997-09-11,1998-12-31,73,167493.5,127199.0,16,40294.7,0,,0,0.0,
1790,2170,M,1942-04-30,56,1997-09-08,monthly,Karvina,north Moravia,1997-09-08,1998-12-31,94,210317.7,158952.6,16,51364.8,0,,0,0.0,
1792,2172,F,1929-08-21,69,1993-12-16,monthly,Melnik,central Bohemia,1993-12-16,1998-12-31,309,375109.3,342755.0,61,32354.2,0,,0,0.0,
1802,2182,F,1929-12-01,69,1995-03-10,monthly,Prerov,north Moravia,1995-03-10,1998-12-31,266,227915.2,212636.6,46,15278.3,0,,0,0.0,
1814,2198,F,1920-02-22,78,1997-09-23,monthly,Pelhrimov,south Bohemia,1997-09-23,1998-12-31,61,91367.4,53881.0,16,37486.3,0,,0,0.0,
1830,2220,F,1952-02-17,46,1993-02-08,monthly,Strakonice,south Bohemia,1993-02-08,1998-12-31,360,909827.6,869881.0,71,39946.8,0,,0,0.0,
1855,2250,F,1938-12-08,60,1996-10-27,monthly,Chomutov,north Bohemia,1996-10-27,1998-12-31,114,137128.8,109933.6,27,27195.2,0,,0,0.0,
1879,2280,F,1974-04-24,24,1994-05-13,monthly,Praha - vychod,central Bohemia,1994-05-13,1998-12-31,319,174423.8,157690.6,56,16732.8,0,,0,0.0,
1887,2290,F,1954-05-30,44,1993-05-09,monthly,Tachov,west Bohemia,1993-05-09,1998-12-31,377,662922.8,638131.8,68,24790.6,0,,0,0.0,
1916,2326,F,1945-12-14,53,1996-02-16,monthly,Olomouc,north Moravia,1996-02-16,1998-12-31,177,290420.4,227324.4,35,63095.9,0,,0,0.0,
1958,2380,M,1927-08-17,71,1994-10-24,monthly,Teplice,north Bohemia,1994-10-24,1998-12-31,221,273746.1,227787.0,51,45958.7,0,,0,0.0,
1969,2394,M,1962-06-04,36,1994-04-02,monthly,Kolin,central Bohemia,1994-04-02,1998-12-31,302,677045.2,643435.2,57,33609.9,0,,0,0.0,
1987,2414,F,1950-07-13,48,1994-03-17,monthly,Brno - mesto,south Moravia,1994-03-17,1998-12-31,280,1191692.2,1148239.2,58,43453.0,0,,0,0.0,
2007,2437,M,1936-12-27,62,1997-09-29,monthly,Jicin,east Bohemia,1997-09-29,1998-12-31,102,793202.6,723684.8,16,69517.7,0,,0,0.0,
2011,2443,M,1949-05-23,49,1993-03-25,monthly,Prerov,north Moravia,1993-03-25,1998-12-31,446,213384.9,190154.4,70,23230.1,0,,0,0.0,
2030,2465,M,1973-10-17,25,1994-09-13,monthly,Trutnov,east Bohemia,1994-09-13,1998-12-31,275,1265875.3,1188946.6,52,76928.3,0,,0,0.0,
2085,2528,M,1977-02-16,21,1997-02-13,monthly,Klatovy,west Bohemia,1997-02-13,1998-12-31,150,248566.6,224911.2,23,23655.2,0,,0,0.0,
2096,2539,F,1972-01-21,26,1995-06-17,monthly,Ceska Lipa,north Bohemia,1995-06-17,1998-12-31,274,701366.0,653195.2,43,48170.9,0,,0,0.0,
2123,2567,M,1943-05-30,55,1993-07-26,monthly,Zlin,south Moravia,1993-07-26,1998-12-31,295,213814.5,199286.0,66,14528.1,0,,0,0.0,
2151,2603,F,1972-11-03,26,1995-02-08,monthly,Louny,north Bohemia,1995-02-08,1998-12-31,333,540576.7,502611.2,47,37965.2,0,,0,0.0,
2172,2628,F,1931-11-05,67,1997-09-02,monthly,Hl.m. Praha,Prague,1997-09-02,1998-12-31,65,84197.4,55413.6,16,28783.8,0,,0,0.0,
2209,2673,M,1959-07-16,39,1996-08-15,monthly,Znojmo,south Moravia,1996-08-15,1998-12-31,251,1740229.4,1714565.6,29,25663.7,0,,0,0.0,
2315,2801,M,1919-02-18,79,1994-02-13,monthly,Prerov,north Moravia,1994-02-13,1998-12-31,287,266010.3,227235.8,59,38774.3,0,,0,0.0,
2355,2846,F,1969-03-17,29,1995-01-03,monthly,Hl.m. Praha,Prague,1995-01-03,1998-12-31,258,2226845.7,2124600.8,48,102244.5,0,,0,0.0,
2403,2901,F,1939-01-09,59,1996-02-20,monthly,Klatovy,west Bohemia,1996-02-20,1998-12-31,191,222384.7,202653.4,35,19731.5,0,,0,0.0,
2405,2904,F,1946-05-18,52,1997-02-27,monthly,Zlin,south Moravia,1997-02-27,1998-12-31,116,325803.9,295067.2,23,30736.7,0,,0,0.0,
2423,2928,M,1932-03-02,66,1993-02-14,monthly,Louny,north Bohemia,1993-02-14,1998-12-31,419,402615.6,379974.0,71,22641.7,0,,0,0.0,
2453,2962,M,1938-11-10,60,1993-03-08,monthly,Hl.m. Praha,Prague,1993-03-08,1998-12-31,315,236671.8,207679.0,70,28992.5,0,,0,0.0,
2458,2968,M,1962-08-24,36,1993-03-14,weekly,Teplice,north Bohemia,1993-03-14,1998-12-31,332,1960533.0,1926578.0,70,33954.3,0,,0,0.0,
2468,2979,F,1961-12-22,37,1996-07-13,monthly,Kladno,central Bohemia,1996-07-13,1998-12-31,116,93703.7,63830.4,30,29872.8,0,,0,0.0,
2490,3006,F,1973-08-08,25,1995-02-21,monthly,Domazlice,west Bohemia,1995-02-21,1998-12-31,310,739478.1,671248.6,47,68229.1,0,,0,0.0,
2497,3015,M,1952-02-29,46,1993-03-16,monthly,Opava,north Moravia,1993-03-16,1998-12-31,354,489115.5,451064.4,70,38050.7,0,,0,0.0,
2544,3071,F,1967-02-23,31,1996-12-04,monthly,Louny,north Bohemia,1996-12-04,1998-12-31,197,258352.0,188706.0,25,69645.7,0,,0,0.0,
2556,3087,F,1959-09-21,39,1997-10-19,monthly,Nachod,east Bohemia,1997-10-19,1998-12-31,54,43450.0,30181.4,15,13268.4,0,,0,0.0,
2560,3091,F,1966-03-03,32,1997-06-20,monthly,Cesky Krumlov,south Bohemia,1997-06-20,1998-12-31,101,184038.9,159912.8,19,24126.0,0,,0,0.0,
2562,3093,M,1966-02-21,32,1995-08-15,monthly,Jablonec n. Nisou,north Bohemia,1995-08-15,1998-12-31,188,137576.3,116236.0,41,21339.8,0,,0,0.0,
2564,3095,M,1953-06-29,45,1997-06-03,monthly,Liberec,north Bohemia,1997-06-03,1998-12-31,95,406449.0,363174.4,19,43274.5,0,,0,0.0,
2576,3107,M,1960-11-16,38,1993-09-02,monthly,Sokolov,west Bohemia,1993-09-02,1998-12-31,397,2128675.8,2065019.2,64,63656.2,0,,0,0.0,
2608,3147,F,1964-04-26,34,1995-08-09,monthly,Prachatice,south Bohemia,1995-08-09,1998-12-31,231,404548.3,376861.6,41,27686.7,0,,0,0.0,
2610,3150,F,1932-07-24,66,1996-12-20,monthly,Brno - mesto,south Moravia,1996-12-20,1998-12-31,113,167084.2,124307.4,25,42776.7,0,,0,0.0,
2676,3231,M,1961-06-03,37,1993-01-22,monthly,Tabor,south Bohemia,1993-01-22,1998-12-31,547,1200211.3,1142084.6,72,58126.2,0,,0,0.0,
2765,3338,F,1942-11-29,56,1997-09-20,monthly,Jesenik,north Moravia,1997-09-20,1998-12-31,64,143884.2,133020.0,16,10864.2,0,,0,0.0,
2768,3342,M,1973-09-29,25,1993-12-20,monthly,Opava,north Moravia,1993-12-20,1998-12-31,326,302390.9,258158.0,61,44232.3,0,,0,0.0,
2831,3422,F,1951-05-02,47,1997-11-10,monthly,Hl.m. Praha,Prague,1997-11-10,1998-12-31,93,365403.9,293209.4,14,72194.3,0,,0,0.0,
2843,3436,M,1958-02-18,40,1997-03-29,monthly,Sokolov,west Bohemia,1997-03-29,1998-12-31,105,411943.6,381615.6,22,30327.8,0,,0,0.0,
2859,3454,F,1949-10-17,49,1993-10-23,monthly,Praha - zapad,central Bohemia,1993-10-23,1998-12-31,366,2216515.1,2145585.6,63,70929.5,0,,0,0.0,
2885,3487,M,1959-09-06,39,1996-09-04,monthly,Hl.m. Praha,Prague,1996-09-04,1998-12-31,156,605440.0,508655.8,28,96784.0,0,,0,0.0,
2889,3492,F,1970-12-27,28,1996-03-23,monthly,Mlada Boleslav,central Bohemia,1996-03-23,1998-12-31,202,1352532.3,1279290.8,34,73241.1,0,,0,0.0,
2914,3521,M,1964-07-20,34,1996-09-08,monthly,Kladno,central Bohemia,1996-09-08,1998-12-31,173,275927.3,235604.8,28,40322.2,0,,0,0.0,
2918,3525,M,1974-05-21,24,1997-12-05,after_transaction,Cesky Krumlov,south Bohemia,1997-12-05,1998-12-31,70,471463.8,417928.0,13,53535.7,0,,0,0.0,
2932,3540,M,1936-08-04,62,1993-05-04,monthly,Trutnov,east Bohemia,1993-05-04,1998-12-31,655,2821373.8,2787399.0,68,33974.7,0,,0,0.0,
2991,3612,F,1962-09-04,36,1993-05-22,monthly,Prachatice,south Bohemia,1993-05-22,1998-12-31,525,1642573.5,1582190.2,68,60382.8,0,,0,0.0,
2995,3617,F,1954-11-30,44,1996-12-14,monthly,Trutnov,east Bohemia,1996-12-14,1998-12-31,76,242180.4,247464.5,25,-5284.5,0,,0,0.0,
2999,3621,M,1939-07-21,59,1996-10-08,monthly,Zdar nad Sazavou,south Moravia,1996-10-08,1998-12-31,137,169921.4,145958.6,27,23962.6,0,,0,0.0,
3020,3648,M,1980-01-03,18,1996-08-09,monthly,Beroun,central Bohemia,1996-08-09,1998-12-31,180,226398.3,176544.2,29,49853.7,0,,0,0.0,
3027,3656,F,1925-08-26,73,1996-04-29,monthly,Uherske Hradiste,south Moravia,1996-04-29,1998-12-31,148,146638.4,122431.2,33,24207.0,0,,0,0.0,
3043,3678,F,1934-08-12,64,1996-12-29,monthly,Hl.m. Praha,Prague,1996-12-29,1998-12-31,100,101691.3,85697.4,25,15993.7,0,,0,0.0,
3056,3695,M,1934-10-04,64,1993-12-22,monthly,Brno - venkov,south Moravia,1993-12-22,1998-12-31,313,267057.5,234066.0,61,32991.5,0,,0,0.0,
3409,4121,M,1923-02-12,75,1996-03-01,monthly,Cheb,west Bohemia,1996-03-01,1998-12-31,148,169311.0,153563.4,34,15747.5,0,,0,0.0,
3443,4164,F,1924-10-22,74,1996-07-26,monthly,Jicin,east Bohemia,1996-07-26,1998-12-31,121,122017.5,102325.4,30,19692.2,0,,0,0.0,
3480,4207,M,1938-03-02,60,1993-09-14,monthly,Karvina,north Moravia,1993-09-14,1998-12-31,310,953880.5,883046.8,64,70833.8,0,,0,0.0,
3486,4213,F,1925-06-27,73,1995-10-09,monthly,Zlin,south Moravia,1995-10-09,1998-12-31,180,171985.1,126106.4,39,45878.6,0,,0,0.0,
3529,4260,M,1967-06-01,31,1997-07-08,monthly,Pribram,central Bohemia,1997-07-08,1998-12-31,78,369286.1,298695.2,18,70590.7,0,,0,0.0,
3547,4281,M,1931-04-13,67,1993-08-07,monthly,Brno - mesto,south Moravia,1993-08-07,1998-12-31,298,266695.1,240270.0,65,26424.8,0,,0,0.0,
3570,4308,F,1970-01-10,28,1993-11-29,monthly,Chrudim,east Bohemia,1993-11-29,1998-12-31,355,531849.8,456433.6,62,75415.7,0,,0,0.0,
3592,4335,F,1924-12-25,74,1993-01-08,monthly,Brno - mesto,south Moravia,1993-01-08,1998-12-31,351,439374.4,418298.2,72,21075.9,0,,0,0.0,
3647,4398,M,1958-07-23,40,1996-06-17,monthly,Vsetin,north Moravia,1996-06-17,1998-12-31,158,314882.1,292735.0,31,22146.9,0,,0,0.0,
3671,4424,M,1933-05-06,65,1997-09-17,monthly,Tabor,south Bohemia,1997-09-17,1998-12-31,61,69182.3,56423.0,16,12759.2,0,,0,0.0,
3682,4439,M,1975-03-25,23,1993-06-07,monthly,Karvina,north Moravia,1993-06-07,1998-12-31,369,500507.4,414107.2,67,86399.8,0,,0,0.0,
3694,4455,M,1976-07-29,22,1996-07-06,monthly,Karvina,north Moravia,1996-07-06,1998-12-31,175,414060.1,357857.0,30,56203.0,0,,0,0.0,
3720,4485,M,1919-07-20,79,1993-07-30,monthly,Liberec,north Bohemia,1993-07-30,1998-12-31,321,378008.2,313006.0,66,65001.7,0,,0,0.0,
3721,4487,M,1974-08-14,24,1996-02-21,monthly,Domazlice,west Bohemia,1996-02-21,1998-12-31,189,118299.1,98485.4,35,19813.5,0,,0,0.0,
3726,4494,M,1952-11-09,46,1996-07-14,monthly,Brno - mesto,south Moravia,1996-07-14,1998-12-31,198,1052900.9,986267.6,30,66633.3,0,,0,0.0,
3732,4502,M,1932-01-10,66,1997-05-25,monthly,Tabor,south Bohemia,1997-05-25,1998-12-31,86,90936.8,64484.4,20,26452.4,0,,0,0.0,
3809,4590,M,1936-03-17,62,1996-11-21,monthly,Hl.m. Praha,Prague,1996-11-21,1998-12-31,178,313386.5,252972.0,26,60414.5,0,,0,0.0,
3820,4604,M,1968-10-02,30,1993-11-14,monthly,Bruntal,north Moravia,1993-11-14,1998-12-31,357,923891.2,846635.6,62,77255.1,0,,0,0.0,
3876,4673,M,1952-08-16,46,1994-02-13,monthly,Jesenik,north Moravia,1994-02-13,1998-12-31,295,1778969.2,1713083.6,59,65884.9,0,,0,0.0,
3885,4683,M,1956-08-02,42,1997-04-01,monthly,Trutnov,east Bohemia,1997-04-01,1998-12-31,90,132096.2,106453.6,21,25642.5,0,,0,0.0,
3893,4693,M,1943-03-02,55,1996-12-13,monthly,Havlickuv Brod,east Bohemia,1996-12-13,1998-12-31,146,157441.8,129117.4,25,28324.5,0,,0,0.0,
3908,4713,F,1918-11-04,80,1997-01-16,monthly,Rakovnik,central Bohemia,1997-01-16,1998-12-31,120,112868.3,94786.8,24,18081.1,0,,0,0.0,
3914,4720,F,1946-05-06,52,1995-09-05,monthly,Decin,north Bohemia,1995-09-05,1998-12-31,227,959747.0,861259.0,40,98487.5,0,,0,0.0,
3951,4766,M,1967-05-27,31,1997-06-02,monthly,Domazlice,west Bohemia,1997-06-02,1998-12-31,78,126821.5,109384.4,19,17437.0,0,,0,0.0,
3959,4776,M,1974-12-22,24,1997-02-15,weekly,Hl.m. Praha,Prague,1997-02-15,1998-12-31,109,464489.5,431927.2,23,32562.4,0,,0,0.0,
4003,4826,F,1977-12-27,21,1997-08-22,monthly,Klatovy,west Bohemia,1997-08-22,1998-12-31,123,946221.3,886617.4,17,59603.8,0,,0,0.0,
4013,4836,M,1952-12-31,46,1993-10-08,after_transaction,Semily,east Bohemia,1993-10-08,1998-12-31,360,951356.3,893038.0,63,58317.9,0,,0,0.0,
4055,4886,M,1979-12-09,19,1993-01-24,monthly,Cheb,west Bohemia,1993-01-24,1998-12-31,349,1575476.4,1548483.6,72,26992.5,0,,0,0.0,
4071,4906,F,1976-10-19,22,1996-08-03,monthly,Zlin,south Moravia,1996-08-03,1998-12-31,154,633458.4,598784.4,29,34674.1,0,,0,0.0,
4405,5308,F,1974-07-09,24,1996-09-08,monthly,Usti nad Labem,north Bohemia,1996-09-08,1998-12-31,151,784837.6,777952.5,28,6884.8,0,,0,0.0,
5817,7043,M,1940-06-30,58,1996-12-10,after_transaction,Vsetin,north Moravia,1996-12-10,1998-12-31,202,1444772.0,1379921.6,25,64850.5,0,,0,0.0,
6866,8287,M,1936-09-26,62,1997-10-02,monthly,Ceske Budejovice,south Bohemia,1997-10-02,1998-12-31,75,360515.0,355093.3,15,5421.7,0,,0,0.0,
7203,8692,F,1953-07-07,45,1993-03-26,monthly,Novy Jicin,north Moravia,1993-03-26,1998-11-25,271,1017475.1,1027193.6,69,-9719.0,0,,0,0.0,
8341,10303,M,1962-04-05,36,1996-12-27,monthly,Zlin,south Moravia,1996-12-27,1998-12-31,138,843952.1,816772.8,25,27059.7,0,,0,0.0,
8934,11008,F,1969-05-19,29,1993-06-06,monthly,Trutnov,east Bohemia,1993-06-06,1998-12-31,440,1246946.9,1202974.3,67,43971.9,0,,0,0.0,
9484,11676,F,1943-03-12,55,1997-04-26,monthly,Kolin,central Bohemia,1997-04-26,1998-12-31,116,196289.9,184920.4,21,11369.2,0,,0,0.0,
10670,13123,F,1978-02-17,20,1993-11-18,monthly,Breclav,south Moravia,1993-11-18,1998-12-31,468,2807134.5,2697178.2,62,109574.6,0,,0,0.0,
1532,1856,F,1968-08-22,30,1996-09-19,monthly,Brno - mesto,south Moravia,1996-09-19,1998-12-31,148,457807.3,366127.2,28,91680.1,0,,0,0.0,
1545,1874,M,1946-10-20,52,1993-03-08,monthly,Hl.m. Praha,Prague,1993-03-08,1998-12-31,429,1670132.2,1608582.8,70,61549.2,0,,0,0.0,
1575,1908,M,1920-01-17,78,1993-02-27,monthly,Decin,north Bohemia,1993-02-27,1998-12-31,349,387782.2,353187.0,71,34594.8,0,,0,0.0,
1584,1919,M,1949-05-04,49,1993-05-27,monthly,Sokolov,west Bohemia,1993-05-27,1998-12-31,289,205864.6,174594.2,68,31270.0,0,,0,0.0,
1609,1951,M,1971-04-29,27,1996-07-05,monthly,Usti nad Labem,north Bohemia,1996-07-05,1998-12-31,138,93759.1,68380.0,30,25379.0,0,,0,0.0,
1618,1962,M,1950-11-18,48,1996-12-18,monthly,Kutna Hora,central Bohemia,1996-12-18,1998-12-31,133,139126.2,94412.4,25,44713.7,0,,0,0.0,
1657,2009,M,1936-01-16,62,1997-11-04,monthly,Pribram,central Bohemia,1997-11-04,1998-12-31,52,46396.6,23401.4,14,22995.3,0,,0,0.0,
1674,2032,M,1943-03-21,55,1995-09-15,monthly,Hl.m. Praha,Prague,1995-09-15,1998-12-31,220,354847.5,307736.4,40,47111.1,0,,0,0.0,
1681,2041,M,1956-08-11,42,1997-07-11,monthly,Frydek - Mistek,north Moravia,1997-07-11,1998-12-31,123,447165.3,391689.8,18,55475.6,0,,0,0.0,
1704,2069,F,1923-01-01,75,1995-09-22,monthly,Karvina,north Moravia,1995-09-22,1998-12-31,198,273115.1,254141.4,40,18973.4,0,,0,0.0,
1721,2087,M,1977-09-29,21,1993-03-25,monthly,Frydek - Mistek,north Moravia,1993-03-25,1998-11-24,69,81400.0,42700.0,69,38700.0,0,,0,0.0,
1742,2113,M,1937-04-04,61,1995-10-08,monthly,Frydek - Mistek,north Moravia,1995-10-08,1998-12-31,218,984345.5,953859.8,39,30485.6,0,,0,0.0,
1871,2269,F,1963-11-10,35,1994-05-10,monthly,Rychnov nad Kneznou,east Bohemia,1994-05-10,1998-12-31,286,1415363.9,1386963.6,56,28400.1,0,,0,0.0,
1875,2276,F,1932-04-27,66,1993-08-21,monthly,Chrudim,east Bohemia,1993-08-21,1998-12-31,298,302533.2,278917.4,65,23615.9,0,,0,0.0,
1889,2292,M,1921-11-10,77,1995-02-06,monthly,Kromeriz,south Moravia,1995-02-06,1998-12-31,225,274639.9,233064.6,47,41574.9,0,,0,0.0,
1897,2303,F,1939-04-01,59,1996-03-05,after_transaction,Trebic,south Moravia,1996-03-05,1998-12-31,278,1773619.1,1749032.0,34,24587.0,0,,0,0.0,
1947,2366,M,1930-01-01,68,1993-11-12,monthly,Jablonec n. Nisou,north Bohemia,1993-11-12,1998-12-31,308,427561.0,368313.6,62,59247.1,0,,0,0.0,
1949,2370,F,1956-08-21,42,1994-05-04,monthly,Usti nad Labem,north Bohemia,1994-05-04,1998-12-31,480,769874.3,730014.6,56,39859.2,0,,0,0.0,
1952,2373,M,1954-01-19,44,1993-11-28,monthly,Cesky Krumlov,south Bohemia,1993-11-28,1998-12-31,302,1032880.4,985397.6,62,47482.3,0,,0,0.0,
1959,2382,F,1927-10-25,71,1993-12-24,monthly,Uherske Hradiste,south Moravia,1993-12-24,1998-12-31,368,416065.1,384705.0,61,31359.9,0,,0,0.0,
1972,2397,M,1918-07-14,80,1993-01-02,monthly,Nachod,east Bohemia,1993-01-02,1998-12-31,369,388146.7,364406.2,72,23740.2,0,,0,0.0,
1988,2416,F,1954-12-23,44,1996-12-30,monthly,Olomouc,north Moravia,1996-12-30,1998-12-31,127,142224.5,114457.4,25,27767.0,0,,0,0.0,
2005,2435,F,1943-10-18,55,1997-05-11,monthly,Jindrichuv Hradec,south Bohemia,1997-05-11,1998-12-31,130,96712.7,75024.4,20,21688.4,0,,0,0.0,
3426,4141,M,1970-03-18,28,1996-07-13,weekly,Nymburk,central Bohemia,1996-07-13,1998-12-31,193,839051.3,775507.0,30,63544.4,0,,0,0.0,
3428,4143,M,1955-08-24,43,1997-07-12,monthly,Plzen - jih,west Bohemia,1997-07-12,1998-12-31,81,233214.8,192195.2,18,41019.6,0,,0,0.0,
3432,4149,M,1979-03-07,19,1996-06-25,monthly,Hl.m. Praha,Prague,1996-06-25,1998-12-31,157,178845.4,163555.0,31,15290.3,0,,0,0.0,
3442,4163,M,1951-06-07,47,1996-01-16,monthly,Kladno,central Bohemia,1996-01-16,1998-12-31,162,120199.8,97738.0,36,22461.8,0,,0,0.0,
3479,4206,M,1942-10-09,56,1994-06-14,monthly,Domazlice,west Bohemia,1994-06-14,1998-12-31,361,865094.8,803695.4,55,61398.9,0,,0,0.0,
3533,4264,F,1971-06-21,27,1994-08-29,monthly,Ostrava - mesto,north Moravia,1994-08-29,1998-12-31,279,223369.9,194072.2,53,29297.3,0,,0,0.0,
3543,4276,F,1973-08-05,25,1996-07-21,monthly,Ostrava - mesto,north Moravia,1996-07-21,1998-12-31,128,93648.1,78516.4,30,15131.7,0,,0,0.0,
3548,4282,M,1932-06-09,66,1993-11-11,monthly,Beroun,central Bohemia,1993-11-11,1998-12-31,294,373600.6,336629.6,62,36970.8,0,,0,0.0,
3581,4320,F,1958-11-04,40,1997-03-26,monthly,Zdar nad Sazavou,south Moravia,1997-03-26,1998-12-31,119,238723.4,215277.6,22,23446.0,0,,0,0.0,
3648,4399,F,1967-11-20,31,1996-05-06,monthly,Trebic,south Moravia,1996-05-06,1998-12-31,235,168236.3,129717.2,32,38518.8,0,,0,0.0,
3652,4403,F,1938-10-19,60,1997-03-02,monthly,Liberec,north Bohemia,1997-03-02,1998-12-31,107,136740.7,115508.2,22,21232.3,0,,0,0.0,
3673,4427,M,1940-11-03,58,1996-01-12,monthly,Sokolov,west Bohemia,1996-01-12,1998-12-31,193,141429.1,125631.6,36,15797.0,0,,0,0.0,
3676,4431,M,1930-09-30,68,1996-06-08,monthly,Jihlava,south Moravia,1996-06-08,1998-12-31,135,152210.3,136819.0,31,15391.3,0,,0,0.0,
3687,4446,F,1950-10-11,48,1993-11-06,monthly,Novy Jicin,north Moravia,1993-11-06,1998-12-31,335,837372.1,756960.2,62,80411.6,0,,0,0.0,
3750,4524,M,1957-07-14,41,1995-03-18,monthly,Vsetin,north Moravia,1995-03-18,1998-12-31,266,1013243.9,953238.0,46,60005.7,0,,0,0.0,
3794,4574,F,1966-11-12,32,1997-02-03,monthly,Strakonice,south Bohemia,1997-02-03,1998-12-31,119,479545.6,404146.8,23,75398.7,0,,0,0.0,
3833,4619,F,1941-02-20,57,1997-07-13,monthly,Vsetin,north Moravia,1997-07-13,1998-12-31,85,525899.5,440140.6,18,85758.9,0,,0,0.0,
3878,4675,M,1975-10-02,23,1994-10-07,monthly,Cheb,west Bohemia,1994-10-07,1998-12-31,364,204447.0,181811.0,51,22635.7,0,,0,0.0,
3894,4695,M,1925-12-11,73,1996-09-25,monthly,Usti nad Orlici,east Bohemia,1996-09-25,1998-12-31,145,189612.1,136979.2,28,52632.8,0,,0,0.0,
3904,4708,M,1950-07-14,48,1996-10-05,monthly,Pisek,south Bohemia,1996-10-05,1998-12-31,121,86582.0,63671.2,27,22910.6,0,,0,0.0,
3918,4724,F,1973-10-14,25,1993-12-09,monthly,Blansko,south Moravia,1993-12-09,1998-12-31,320,638309.5,600722.6,61,37585.6,0,,0,0.0,
6512,7864,M,1935-12-14,63,1996-02-03,weekly,Chomutov,north Bohemia,1996-02-03,1998-12-31,184,506917.7,492973.6,35,13944.1,0,,0,0.0,
7101,8571,M,1935-10-26,63,1996-07-06,monthly,Brno - mesto,south Moravia,1996-07-06,1998-12-20,140,502765.1,488602.2,30,14162.7,0,,0,0.0,
8132,10046,F,1946-09-17,52,1993-04-17,weekly,Kolin,central Bohemia,1993-04-17,1998-12-31,432,1949868.1,1825264.6,69,124602.8,0,,0,0.0,
10904,13404,M,1966-09-25,32,1993-11-26,monthly,Rychnov nad Kneznou,east Bohemia,1993-11-26,1998-12-31,364,408234.5,392707.6,62,15526.0,0,,0,0.0,
11325,13921,F,1970-12-20,28,1996-10-15,monthly,Uherske Hradiste,south Moravia,1996-10-15,1998-11-30,149,489156.9,489242.7,26,-50.0,0,,0,0.0,
11382,13998,F,1953-08-12,45,1995-08-20,monthly,Ostrava - mesto,north Moravia,1995-08-20,1998-12-31,253,1352418.5,1270743.4,41,81674.7,0,,0,0.0,
11,14,F,1942-06-22,56,1995-10-10,monthly,Sumperk,north Moravia,1995-10-10,1998-12-31,186,140643.7,117456.4,39,23187.4,0,,0,0.0,
16,21,F,1952-10-29,46,1997-09-23,monthly,Pribram,central Bohemia,1997-09-23,1998-12-31,60,347217.9,314186.0,16,33031.7,0,,0,0.0,
26,32,M,1980-07-28,18,1993-08-08,monthly,Usti nad Orlici,east Bohemia,1993-08-08,1998-12-31,351,1761404.4,1709633.0,65,51771.4,0,,0,0.0,
55,64,M,1926-04-22,72,1996-02-19,monthly,Strakonice,south Bohemia,1996-02-19,1998-12-31,150,159865.7,138877.4,35,20988.2,0,,0,0.0,
83,98,F,1973-05-04,25,1993-04-16,monthly,Decin,north Bohemia,1993-04-16,1998-12-31,431,725598.3,692359.8,69,33238.6,0,,0,0.0,
91,108,M,1963-09-13,35,1996-11-06,monthly,Pelhrimov,south Bohemia,1996-11-06,1998-11-30,79,266448.1,270635.7,25,-4187.6,0,,0,0.0,
118,142,M,1937-06-21,61,1997-09-18,monthly,Frydek - Mistek,north Moravia,1997-09-18,1998-12-31,73,82019.8,52536.0,16,29483.7,0,,0,0.0,
155,187,M,1942-08-23,56,1995-11-07,monthly,Jihlava,south Moravia,1995-11-07,1998-12-31,205,241991.1,222125.8,38,19865.1,0,,0,0.0,
182,222,F,1972-06-29,26,1996-08-24,monthly,Pardubice,east Bohemia,1996-08-24,1998-01-16,9,19700.0,9700.0,9,10000.0,0,,0,0.0,
220,265,F,1933-01-07,65,1993-04-09,monthly,Olomouc,north Moravia,1993-04-09,1998-12-31,334,363910.7,335389.8,69,28520.4,0,,0,0.0,
236,285,M,1954-06-03,44,1996-03-16,monthly,Olomouc,north Moravia,1996-03-16,1998-12-01,26,39700.0,26700.0,26,13000.0,0,,0,0.0,
238,288,M,1962-04-21,36,1993-08-15,monthly,Kutna Hora,central Bohemia,1993-08-15,1998-12-31,315,219245.6,200257.4,65,18987.6,0,,0,0.0,
259,312,M,1924-07-03,74,1993-10-28,monthly,Benesov,central Bohemia,1993-10-28,1998-12-31,378,410198.7,394254.2,63,15943.8,0,,0,0.0,
268,324,M,1960-12-03,38,1996-05-29,monthly,Beroun,central Bohemia,1996-05-29,1998-12-31,169,901150.8,863284.4,32,37866.1,0,,0,0.0,
280,338,F,1951-06-19,47,1993-01-23,monthly,Mlada Boleslav,central Bohemia,1993-01-23,1998-12-31,481,979304.4,913785.6,72,65518.3,0,,0,0.0,
298,362,F,1950-04-27,48,1997-12-02,monthly,Jablonec n. Nisou,north Bohemia,1997-12-02,1998-12-31,52,185335.9,154936.8,13,30399.2,0,,0,0.0,
301,367,F,1963-09-03,35,1995-09-10,monthly,Prostejov,south Moravia,1995-09-10,1998-12-31,174,116836.8,94696.4,40,22140.3,0,,0,0.0,
312,380,M,1973-01-19,25,1996-01-03,monthly,Usti nad Labem,north Bohemia,1996-01-03,1998-12-31,197,488177.9,427900.6,36,60277.1,0,,0,0.0,
313,381,F,1977-01-26,21,1996-07-06,monthly,Opava,north Moravia,1996-07-06,1998-12-31,142,105935.4,80479.0,30,25456.0,0,,0,0.0,
317,387,M,1927-06-06,71,1993-03-10,monthly,Sumperk,north Moravia,1993-03-10,1998-12-31,361,422564.2,383869.0,70,38695.3,0,,0,0.0,
350,428,F,1919-11-16,79,1996-10-13,monthly,Pardubice,east Bohemia,1996-10-13,1998-12-31,120,166503.9,144347.6,27,22156.0,0,,0,0.0,
401,485,M,1978-05-16,20,1993-01-18,monthly,Ceska Lipa,north Bohemia,1993-01-18,1998-12-31,441,1003982.2,966226.6,72,37755.2,0,,0,0.0,
2842,3435,F,1945-05-27,53,1993-12-29,monthly,Kladno,central Bohemia,1993-12-29,1998-12-31,397,197908.2,172811.0,61,25097.4,0,,0,0.0,
2850,3444,M,1977-04-06,21,1997-11-22,monthly,Hodonin,south Moravia,1997-11-22,1998-12-31,46,40756.5,21610.8,14,19145.6,0,,0,0.0,
2851,3445,F,1979-03-26,19,1995-12-02,monthly,Pelhrimov,south Bohemia,1995-12-02,1998-12-31,222,340521.3,325761.0,37,14760.3,0,,0,0.0,
2864,3461,M,1958-02-22,40,1996-03-16,monthly,Brno - mesto,south Moravia,1996-03-16,1998-12-31,243,555130.3,501587.8,34,53542.1,0,,0,0.0,
2871,3470,F,1937-04-23,61,1995-10-30,monthly,Usti nad Orlici,east Bohemia,1995-10-30,1998-12-31,188,258136.6,230288.8,39,27847.7,0,,0,0.0,
2887,3489,M,1966-08-13,32,1996-07-13,monthly,Sumperk,north Moravia,1996-07-13,1998-12-31,164,705136.8,643275.4,30,61861.4,0,,0,0.0,
2893,3497,F,1970-09-11,28,1996-02-08,monthly,Most,north Bohemia,1996-02-08,1998-12-31,188,117988.9,96253.4,35,21735.4,0,,0,0.0,
2911,3518,F,1955-09-02,43,1995-02-25,monthly,Decin,north Bohemia,1995-02-25,1998-12-31,334,618061.1,550334.6,47,67725.8,0,,0,0.0,
2916,3523,M,1964-04-29,34,1996-12-03,monthly,Kutna Hora,central Bohemia,1996-12-03,1998-12-31,199,364003.3,323515.0,25,40488.2,0,,0,0.0,
2935,3545,M,1966-11-01,32,1995-05-15,monthly,Frydek - Mistek,north Moravia,1995-05-15,1998-12-31,203,138329.7,118784.8,44,19544.9,0,,0,0.0,
2965,3580,F,1929-04-27,69,1995-10-10,monthly,Kutna Hora,central Bohemia,1995-10-10,1998-12-31,175,217412.1,191723.8,39,25688.2,0,,0,0.0,
2974,3591,M,1930-09-28,68,1993-03-13,monthly,Ostrava - mesto,north Moravia,1993-03-13,1998-12-31,346,396722.9,347938.4,70,48784.7,0,,0,0.0,
2978,3596,M,1975-03-22,23,1995-01-06,monthly,Ostrava - mesto,north Moravia,1995-01-06,1998-12-31,260,305901.9,293355.8,48,12545.7,0,,0,0.0,
2987,3607,F,1946-07-29,52,1993-09-16,monthly,Pisek,south Bohemia,1993-09-16,1998-12-31,359,1624909.2,1551257.8,64,73651.3,0,,0,0.0,
3004,3628,F,1927-02-26,71,1996-08-22,monthly,Praha - zapad,central Bohemia,1996-08-22,1998-12-31,141,132192.4,111549.8,29,20642.6,0,,0,0.0,
3008,3633,M,1933-10-14,65,1993-02-27,monthly,Olomouc,north Moravia,1993-02-27,1998-12-31,388,495199.5,431829.0,71,63369.5,0,,0,0.0,
3016,3643,M,1980-11-11,18,1996-02-23,monthly,Plzen - mesto,west Bohemia,1996-02-23,1998-12-31,194,581609.5,535333.4,35,46276.3,0,,0,0.0,
3046,3683,F,1977-02-22,21,1997-08-11,monthly,Ostrava - mesto,north Moravia,1997-08-11,1998-12-31,95,84664.8,71535.6,17,13129.1,0,,0,0.0,
3053,3691,M,1965-04-17,33,1993-08-23,monthly,Pisek,south Bohemia,1993-08-23,1998-12-31,434,937879.0,850896.4,65,86982.1,0,,0,0.0,
3075,3717,M,1925-01-30,73,1997-06-25,monthly,Novy Jicin,north Moravia,1997-06-25,1998-12-31,82,92584.9,64378.8,19,28205.9,0,,0,0.0,
3100,3749,F,1943-03-21,55,1997-06-22,monthly,Znojmo,south Moravia,1997-06-22,1998-12-31,101,398751.1,380230.8,19,18520.4,0,,0,0.0,
3101,3750,M,1938-10-03,60,1994-02-27,monthly,Hl.m. Praha,Prague,1994-02-27,1998-12-31,271,173230.9,152297.8,59,20932.5,0,,0,0.0,
1380,1670,M,1961-05-07,37,1996-02-19,monthly,Blansko,south Moravia,1996-02-19,1998-12-31,224,891805.2,822893.4,35,68911.5,0,,0,0.0,
1387,1679,F,1942-04-17,56,1997-01-01,monthly,Bruntal,north Moravia,1997-01-01,1998-12-22,43,55391.3,6500.0,21,48891.6,0,,0,0.0,
1434,1741,M,1932-07-02,66,1997-08-08,monthly,Karvina,north Moravia,1997-08-08,1998-12-31,73,83569.1,61483.2,17,22086.0,0,,0,0.0,
1437,1744,F,1969-12-28,29,1995-01-13,monthly,Svitavy,east Bohemia,1995-01-13,1998-12-31,358,183023.7,160556.2,48,22467.2,0,,0,0.0,
1455,1764,M,1971-07-09,27,1996-01-03,monthly,Zdar nad Sazavou,south Moravia,1996-01-03,1998-12-31,173,289914.2,280837.6,36,9076.4,0,,0,0.0,
1543,1871,F,1980-02-20,18,1996-04-14,monthly,Hl.m. Praha,Prague,1996-04-14,1998-12-31,182,263406.0,240038.0,33,23367.9,0,,0,0.0,
1557,1888,F,1918-09-24,80,1996-12-13,monthly,Zdar nad Sazavou,south Moravia,1996-12-13,1998-12-31,108,147701.1,99677.4,25,48023.6,0,,0,0.0,
1653,2004,F,1974-02-03,24,1994-09-19,monthly,Hl.m. Praha,Prague,1994-09-19,1998-12-31,276,1357395.6,1283127.6,52,74267.5,0,,0,0.0,
1696,2059,M,1972-06-30,26,1995-06-09,monthly,Hradec Kralove,east Bohemia,1995-06-09,1998-12-31,209,142840.3,119036.8,43,23803.0,0,,0,0.0,
1699,2064,M,1926-07-30,72,1993-01-14,monthly,Blansko,south Moravia,1993-01-14,1998-12-31,405,376953.5,350667.6,72,26285.9,0,,0,0.0,
1727,2095,M,1974-04-30,24,1997-10-11,monthly,Nymburk,central Bohemia,1997-10-11,1998-12-31,83,387737.5,345711.4,15,42026.0,0,,0,0.0,
1861,2257,F,1979-08-31,19,1993-07-02,monthly,Uherske Hradiste,south Moravia,1993-07-02,1998-12-31,425,1126973.8,1037196.6,66,89777.2,0,,0,0.0,
1895,2300,F,1961-07-07,37,1996-07-12,monthly,Jablonec n. Nisou,north Bohemia,1996-07-12,1998-12-31,159,587677.5,537458.0,30,50219.2,0,,0,0.0,
1915,2325,F,1955-02-03,43,1997-04-14,monthly,Benesov,central Bohemia,1997-04-14,1998-12-31,112,222494.2,199261.0,21,23233.0,0,,0,0.0,
1935,2351,M,1965-04-17,33,1996-08-15,monthly,Louny,north Bohemia,1996-08-15,1998-12-31,143,1528295.9,1483657.8,29,44637.9,0,,0,0.0,
1951,2372,F,1971-04-09,27,1997-08-07,monthly,Cheb,west Bohemia,1997-08-07,1998-12-31,116,388343.4,317972.2,17,70371.2,0,,0,0.0,
1960,2383,F,1947-01-01,51,1997-12-04,monthly,Tachov,west Bohemia,1997-12-04,1998-12-31,56,43278.0,23316.8,13,19960.9,0,,0,0.0,
1962,2387,F,1945-07-16,53,1996-02-24,monthly,Vsetin,north Moravia,1996-02-24,1998-12-31,258,1727708.6,1623365.4,35,104343.2,0,,0,0.0,
1986,2413,M,1961-08-09,37,1995-04-04,monthly,Nachod,east Bohemia,1995-04-04,1998-12-31,255,617853.0,571244.0,45,46609.1,0,,0,0.0,
9491,11683,M,1980-01-28,18,1996-08-08,weekly,Melnik,central Bohemia,1996-08-08,1998-12-31,235,1389032.8,1338507.0,29,50525.5,1,junior,1,225504.0,C
10679,13134,F,1962-11-03,36,1997-05-30,monthly,Hl.m. Praha,Prague,1997-05-30,1998-12-31,116,1044160.1,992188.4,20,51971.2,1,classic,1,197808.0,C
11138,13690,M,1963-05-16,35,1995-08-18,weekly,Karvina,north Moravia,1995-08-18,1998-12-31,325,2713804.2,2657781.8,41,56023.0,1,classic,1,89880.0,A
9337,11497,F,1959-07-17,39,1993-09-13,monthly,Praha - zapad,central Bohemia,1993-09-13,1998-12-31,526,1601336.4,1571127.1,64,30208.3,1,classic,1,52128.0,A
9377,11545,F,1966-01-22,32,1995-09-17,monthly,Hl.m. Praha,Prague,1995-09-17,1998-12-31,347,1415414.1,1372206.4,40,43012.0,1,classic,1,99936.0,C
9790,12050,M,1943-05-30,55,1995-11-09,monthly,Usti nad Orlici,east Bohemia,1995-11-09,1998-12-31,376,1851766.2,1787436.6,38,64329.5,1,classic,1,133968.0,C
9814,12079,F,1972-08-12,26,1995-01-19,weekly,Zlin,south Moravia,1995-01-19,1998-12-31,407,1869481.0,1787874.7,48,81605.3,1,gold,1,96168.0,A
10520,12943,M,1970-10-12,28,1995-10-24,after_transaction,Brno - venkov,south Moravia,1995-10-24,1998-12-31,202,1181590.5,1153349.0,39,28240.1,1,gold,1,417600.0,C
10644,13089,F,1979-02-14,19,1997-07-12,monthly,Jindrichuv Hradec,south Bohemia,1997-07-12,1998-12-31,120,882605.5,801353.0,18,81252.7,1,junior,1,269964.0,C
10954,13468,M,1960-10-31,38,1996-07-29,monthly,Klatovy,west Bohemia,1996-07-29,1998-12-31,166,415558.7,372402.4,30,43156.0,1,classic,1,18720.0,C
1843,2235,F,1940-04-20,58,1993-01-30,monthly,Ceske Budejovice,south Bohemia,1993-01-30,1998-12-31,462,1398006.1,1366430.8,72,31576.9,1,classic,1,105804.0,A
1876,2277,M,1979-03-25,19,1997-09-20,monthly,Hl.m. Praha,Prague,1997-09-20,1998-12-31,92,319698.2,270795.0,16,48903.0,1,junior,1,209040.0,C
2725,3291,M,1947-01-23,51,1997-04-02,monthly,Usti nad Orlici,east Bohemia,1997-04-02,1998-12-31,160,478614.3,400928.6,21,77685.6,1,classic,1,69624.0,C
2986,3606,M,1958-06-06,40,1996-04-09,monthly,Vyskov,south Moravia,1996-04-09,1998-12-31,234,827317.6,742011.2,33,85306.5,1,classic,1,24792.0,C
4337,5224,M,1949-07-24,49,1993-11-16,monthly,Rokycany,west Bohemia,1993-11-16,1998-12-31,407,2564330.9,2510998.6,62,53331.9,1,classic,1,51408.0,A
5442,6567,F,1978-11-21,20,1993-03-22,monthly,Kolin,central Bohemia,1993-03-22,1998-12-31,530,2211058.4,2127689.0,70,83369.0,1,junior,1,174744.0,B
6062,7325,M,1975-01-24,23,1996-08-28,monthly,Karlovy Vary,west Bohemia,1996-08-28,1998-12-31,202,1183136.1,1141444.8,29,41691.3,1,classic,1,321360.0,C
6148,7422,M,1958-11-26,40,1993-12-27,monthly,Ostrava - mesto,north Moravia,1993-12-27,1998-12-31,416,1522645.6,1404808.0,61,117837.6,1,classic,1,59760.0,A
7045,8502,M,1943-04-19,55,1996-12-26,monthly,Trutnov,east Bohemia,1996-12-26,1998-12-31,142,944442.7,897165.8,25,47276.3,1,classic,1,288720.0,C
7049,8506,F,1979-12-25,19,1997-10-12,monthly,Jesenik,north Moravia,1997-10-12,1998-12-31,76,770790.0,731915.8,15,38874.4,1,junior,1,495180.0,C
9422,11596,F,1940-12-04,58,1996-03-06,monthly,Karvina,north Moravia,1996-03-06,1998-12-31,269,1605326.3,1565720.4,34,39605.7,1,classic,1,86184.0,A
9859,12133,F,1964-06-26,34,1996-07-08,monthly,Plzen - jih,west Bohemia,1996-07-08,1998-12-31,251,967336.5,918260.9,30,49075.4,1,classic,1,300600.0,C
10445,12850,M,1955-08-26,43,1996-05-29,monthly,Olomouc,north Moravia,1996-05-29,1998-12-31,205,823682.7,746098.6,32,77583.9,1,classic,1,23412.0,C
5891,7127,M,1957-09-29,41,1993-01-25,monthly,Beroun,central Bohemia,1993-01-25,1998-12-31,464,2620798.4,2513949.2,72,106848.2,1,gold,1,65184.0,A
6505,7855,F,1964-01-30,34,1997-09-13,monthly,Melnik,central Bohemia,1997-09-13,1998-12-31,49,209114.2,169181.8,16,39932.5,1,classic,1,38496.0,C
6649,8030,M,1967-07-19,31,1995-07-08,monthly,Hl.m. Praha,Prague,1995-07-08,1998-12-31,186,1033599.8,974020.8,41,59578.6,1,classic,1,100260.0,C
6950,8392,F,1966-05-08,32,1996-10-12,monthly,Liberec,north Bohemia,1996-10-12,1998-12-31,161,712583.4,653488.6,27,59094.5,1,classic,1,475680.0,C
7721,9555,F,1947-05-15,51,1997-07-03,monthly,Rakovnik,central Bohemia,1997-07-03,1998-12-31,97,460552.8,395622.9,18,64929.6,1,classic,1,45456.0,C
110,132,M,1953-01-26,45,1996-07-17,monthly,Liberec,north Bohemia,1996-07-17,1998-12-31,209,751639.3,677758.4,30,73880.9,1,classic,1,162576.0,C
1766,2141,M,1951-09-06,47,1994-09-03,monthly,Plzen - sever,west Bohemia,1994-09-03,1998-12-31,483,1119012.5,1073281.2,52,45731.1,1,classic,1,30060.0,C
3189,3855,M,1939-03-20,59,1995-11-29,monthly,Rokycany,west Bohemia,1995-11-29,1998-12-31,196,734703.7,717440.6,38,17262.3,0,,1,222180.0,D
3354,4056,F,1952-07-26,46,1993-11-05,monthly,Vyskov,south Moravia,1993-11-05,1998-12-31,533,742105.5,711429.2,62,30676.3,0,,1,4980.0,A
525,631,F,1956-03-22,42,1996-03-20,monthly,Karvina,north Moravia,1996-03-20,1998-12-31,188,954622.0,855899.7,33,98722.9,0,,1,210384.0,C
1250,1509,F,1942-04-19,56,1996-03-28,monthly,Uherske Hradiste,south Moravia,1996-03-28,1998-12-31,221,826981.1,809332.8,34,17649.1,0,,1,182640.0,C
1527,1851,F,1975-09-12,23,1993-11-17,after_transaction,Tachov,west Bohemia,1993-11-17,1998-12-31,389,1854823.8,1823937.5,62,30887.1,0,,1,164052.0,B
1801,2181,M,1968-07-22,30,1993-02-13,monthly,Nachod,east Bohemia,1993-02-13,1998-12-31,633,2422723.7,2329094.8,71,93628.6,0,,1,165960.0,A
2419,2922,M,1940-09-07,58,1993-11-27,monthly,Hradec Kralove,east Bohemia,1993-11-27,1998-12-31,420,3052527.0,2973429.8,62,79096.4,0,,1,95808.0,A
2580,3113,F,1971-11-12,27,1995-11-09,monthly,Prostejov,south Moravia,1995-11-09,1998-12-31,249,545874.2,480446.8,38,65427.5,0,,1,89340.0,C
3875,4672,M,1949-08-28,49,1997-10-18,monthly,Chrudim,east Bohemia,1997-10-18,1998-12-31,73,600448.1,542538.4,15,57909.8,0,,1,153936.0,C
4293,5171,F,1956-09-23,42,1996-02-04,after_transaction,Zlin,south Moravia,1996-02-04,1998-12-31,208,1375250.9,1324315.0,35,50935.8,0,,1,164196.0,C
9656,11886,F,1941-09-13,57,1993-11-14,monthly,Trebic,south Moravia,1993-11-14,1998-12-31,481,2817292.0,2778390.4,62,38901.6,0,,1,139536.0,A
10001,12303,F,1974-04-05,24,1995-05-28,monthly,Karlovy Vary,west Bohemia,1995-05-28,1998-12-31,248,766744.5,687824.8,44,78919.8,0,,1,19044.0,C
10436,12840,M,1939-07-27,59,1996-03-21,monthly,Prostejov,south Moravia,1996-03-21,1998-12-31,189,306610.2,221505.8,34,85104.2,0,,1,54396.0,C
10963,13480,M,1953-06-01,45,1995-05-20,monthly,Jindrichuv Hradec,south Bohemia,1995-05-20,1998-12-31,284,1694240.9,1615179.4,44,79062.2,0,,1,115812.0,C
9188,11314,M,1936-06-02,62,1993-02-08,monthly,Jicin,east Bohemia,1993-02-08,1998-12-31,605,998209.3,963753.0,71,34317.8,0,,1,127080.0,A
9403,11574,F,1944-04-20,54,1993-03-27,weekly,Hl.m. Praha,Prague,1993-03-27,1998-12-31,431,1350617.6,1324397.0,70,26220.2,0,,1,120888.0,A
9424,11598,F,1977-09-23,21,1996-12-30,monthly,Brno - mesto,south Moravia,1996-12-30,1998-12-31,128,371313.4,330999.6,25,40314.3,0,,1,83628.0,C
9494,11686,F,1948-10-18,50,1996-05-10,monthly,Tabor,south Bohemia,1996-05-10,1998-12-31,200,551970.0,514274.2,32,37695.5,0,,1,116832.0,A
9640,11866,M,1937-09-02,61,1993-03-13,monthly,Hl.m. Praha,Prague,1993-03-13,1998-12-31,530,1780977.3,1669233.5,70,111742.8,0,,1,76416.0,A
10093,12416,M,1973-05-30,25,1994-07-01,weekly,Hl.m. Praha,Prague,1994-07-01,1998-12-31,470,2375853.6,2320675.0,54,55178.2,0,,1,231696.0,A
10202,12547,F,1963-10-13,35,1996-07-08,monthly,Karvina,north Moravia,1996-07-08,1998-12-31,213,809756.8,776018.6,30,33737.6,0,,1,305424.0,C
10364,12754,M,1960-08-20,38,1993-01-17,monthly,Brno - venkov,south Moravia,1993-01-17,1998-12-31,487,1196362.0,1145370.6,72,50990.9,0,,1,21924.0,A
10807,13285,M,1935-12-25,63,1996-03-13,monthly,Chomutov,north Bohemia,1996-03-13,1998-12-31,190,1222854.2,1124033.8,34,98820.0,0,,1,67464.0,A
11135,13687,M,1959-05-23,39,1993-10-10,monthly,Prerov,north Moravia,1993-10-10,1998-12-31,416,1077091.4,1023388.2,63,53703.3,0,,1,182628.0,A
2445,2952,F,1978-01-17,20,1996-07-07,monthly,Usti nad Orlici,east Bohemia,1996-07-07,1998-12-31,189,1331793.8,1260522.6,30,71271.1,0,,1,293160.0,C
2622,3163,F,1964-05-26,34,1996-08-21,monthly,Hl.m. Praha,Prague,1996-08-21,1998-12-31,179,446147.8,416050.8,29,30097.0,0,,1,136344.0,C
808,968,M,1957-02-17,41,1995-06-13,monthly,Jesenik,north Moravia,1995-06-13,1998-12-31,286,708994.1,678888.2,43,30105.4,0,,1,215616.0,D
817,981,M,1960-06-28,38,1994-03-18,monthly,Kolin,central Bohemia,1994-03-18,1998-12-31,361,1332930.4,1289774.2,58,43156.1,0,,1,538500.0,C
1247,1505,F,1971-06-25,27,1993-06-08,monthly,Znojmo,south Moravia,1993-06-08,1998-12-31,429,2487514.4,2386110.6,66,101402.9,0,,1,99696.0,D
1906,2316,M,1970-03-25,28,1996-08-01,monthly,Hl.m. Praha,Prague,1996-08-01,1998-12-31,216,901370.3,862582.8,29,38787.1,0,,1,44952.0,C
2335,2823,F,1946-12-18,52,1996-04-04,monthly,Karvina,north Moravia,1996-04-04,1998-12-31,329,515533.5,518372.1,33,-2802.6,0,,1,541200.0,D
4127,4968,M,1938-05-26,60,1996-05-03,monthly,Svitavy,east Bohemia,1996-05-03,1998-12-31,142,288501.8,288117.5,32,384.4,0,,1,100800.0,D
4476,5399,F,1972-12-27,26,1994-11-10,monthly,Karlovy Vary,west Bohemia,1994-11-10,1998-12-31,406,782154.1,757244.4,50,24909.2,0,,1,15192.0,A
4825,5826,M,1968-09-09,30,1994-06-04,monthly,Cesky Krumlov,south Bohemia,1994-06-04,1998-12-31,301,686029.1,664428.4,55,21600.7,0,,1,21396.0,A
5305,6408,M,1956-06-29,42,1996-09-16,monthly,Pardubice,east Bohemia,1996-09-16,1998-12-31,149,900835.3,845232.0,28,55603.7,0,,1,240528.0,C
7445,9226,F,1939-12-25,59,1993-03-18,monthly,Zlin,south Moravia,1993-03-18,1998-12-31,539,2402152.2,2385674.2,70,16407.8,0,,1,55368.0,A
7990,9872,F,1967-03-17,31,1996-08-30,monthly,Nymburk,central Bohemia,1996-08-30,1998-12-31,214,1469336.3,1409403.0,29,59933.0,0,,1,144960.0,C
8094,9997,M,1962-06-07,36,1996-11-24,monthly,Bruntal,north Moravia,1996-11-24,1998-12-31,161,1270725.8,1241125.0,26,29600.7,0,,1,220428.0,C
8680,10702,M,1938-05-03,60,1996-02-12,monthly,Pelhrimov,south Bohemia,1996-02-12,1998-12-31,250,553059.8,529834.2,35,23226.2,0,,1,85716.0,C
9433,11609,M,1957-02-11,41,1997-08-14,monthly,Kromeriz,south Moravia,1997-08-14,1998-12-31,83,306693.9,271020.6,17,35673.3,0,,1,44640.0,C
10131,12464,M,1959-12-17,39,1993-11-27,monthly,Most,north Bohemia,1993-11-27,1998-12-31,399,1453169.7,1440877.8,62,12291.7,0,,1,215388.0,B
10148,12485,F,1965-04-10,33,1997-01-13,monthly,Chomutov,north Bohemia,1997-01-13,1998-12-31,157,353953.2,289073.8,24,64879.2,0,,1,22104.0,C
10645,13090,F,1980-04-18,18,1996-12-21,monthly,Benesov,central Bohemia,1996-12-21,1998-12-31,163,1286879.7,1244447.4,25,42432.1,0,,1,208332.0,C
10857,13346,M,1956-04-15,42,1996-10-02,monthly,Svitavy,east Bohemia,1996-10-02,1998-12-12,158,671578.5,676880.4,27,-5302.6,0,,1,385560.0,D
11069,13608,F,1963-05-15,35,1995-06-02,monthly,Litomerice,north Bohemia,1995-06-02,1998-12-31,256,1201737.8,1084527.0,43,117210.5,0,,1,119136.0,C
6425,7753,F,1978-09-23,20,1993-03-29,monthly,Karvina,north Moravia,1993-03-29,1998-12-31,431,968153.0,940938.4,70,27213.8,0,,1,36684.0,A
6715,8105,M,1963-03-12,35,1993-09-15,weekly,Olomouc,north Moravia,1993-09-15,1998-12-31,402,1309484.5,1276461.7,64,33024.2,0,,1,137880.0,D
6856,8276,F,1979-06-08,19,1995-08-19,monthly,Hradec Kralove,east Bohemia,1995-08-19,1998-12-31,319,922224.1,892869.2,41,29354.1,0,,1,124344.0,C
7401,9173,M,1945-02-04,53,1993-02-26,monthly,Hl.m. Praha,Prague,1993-02-26,1998-12-31,478,1596687.6,1560925.8,71,35762.4,0,,1,80952.0,A
7607,9418,M,1950-04-10,48,1993-09-05,monthly,Hl.m. Praha,Prague,1993-09-05,1998-12-31,433,1074151.1,1020929.4,64,53220.9,0,,1,31728.0,A
7765,9606,M,1949-02-16,49,1994-07-10,weekly,Usti nad Orlici,east Bohemia,1994-07-10,1998-12-31,327,1530704.0,1476288.0,54,54416.4,0,,1,27984.0,A
7844,9702,F,1951-11-16,47,1993-11-26,monthly,Decin,north Bohemia,1993-11-26,1998-12-31,366,2138582.1,2069983.6,62,68598.2,0,,1,91584.0,A
8114,10023,F,1973-03-20,25,1995-10-14,monthly,Kromeriz,south Moravia,1995-10-14,1998-12-31,263,782585.0,734829.8,39,47755.1,0,,1,99300.0,C
8261,10200,F,1980-02-16,18,1993-05-12,monthly,Rakovnik,central Bohemia,1993-05-12,1998-12-31,675,1652541.1,1589378.0,68,62967.2,0,,1,87840.0,A
8519,10510,F,1945-01-26,53,1993-04-02,monthly,Cheb,west Bohemia,1993-04-02,1998-12-31,527,2832165.5,2749595.3,69,82331.5,0,,1,74688.0,A
8523,10517,F,1980-09-12,18,1996-11-25,monthly,Brno - mesto,south Moravia,1996-11-25,1998-12-31,185,1293107.9,1234322.0,26,58517.5,0,,1,93036.0,C
10812,13290,M,1941-06-23,57,1997-04-08,monthly,Jindrichuv Hradec,south Bohemia,1997-04-08,1998-12-12,114,522791.6,515180.8,21,7610.9,0,,1,140688.0,C
11027,13556,M,1958-07-19,40,1996-07-26,weekly,Ceska Lipa,north Bohemia,1996-07-26,1998-12-31,181,452010.1,402239.8,30,49770.6,0,,1,48096.0,C
67,78,F,1944-06-13,54,1994-10-19,monthly,Jindrichuv Hradec,south Bohemia,1994-10-19,1998-12-31,382,2278937.0,2239227.0,51,39709.5,0,,1,165960.0,A
2872,3471,F,1952-09-29,46,1996-09-04,monthly,Hl.m. Praha,Prague,1996-09-04,1998-12-31,173,383356.9,366319.8,28,17036.9,0,,1,268320.0,C
39,47,M,1934-07-14,64,1993-09-22,monthly,Sumperk,north Moravia,1993-09-22,1998-12-31,399,414927.7,398611.8,64,16315.4,0,,0,0.0,
63,73,M,1924-02-20,74,1996-11-16,monthly,Domazlice,west Bohemia,1996-11-16,1998-12-31,129,128534.0,96199.0,26,32334.9,0,,0,0.0,
88,105,M,1980-05-26,18,1996-07-03,monthly,Tachov,west Bohemia,1996-07-03,1998-12-31,140,104551.3,80123.0,30,24428.0,0,,0,0.0,
101,122,F,1963-11-13,35,1996-04-16,monthly,Jablonec n. Nisou,north Bohemia,1996-04-16,1998-12-31,208,676120.2,602435.2,33,73685.1,0,,0,0.0,
117,141,M,1925-11-02,73,1993-09-05,monthly,Tachov,west Bohemia,1993-09-05,1998-12-31,330,320041.2,303361.4,64,16679.5,0,,0,0.0,
129,154,M,1933-08-27,65,1997-10-01,monthly,Ostrava - mesto,north Moravia,1997-10-01,1998-12-31,67,106869.4,87006.0,15,19863.3,0,,0,0.0,
145,175,M,1960-07-13,38,1996-01-03,monthly,Tachov,west Bohemia,1996-01-03,1998-12-31,204,360546.5,298132.6,36,62413.4,0,,0,0.0,
199,241,M,1959-01-23,39,1996-10-26,monthly,Karvina,north Moravia,1996-10-26,1998-12-31,105,80034.2,53164.6,27,26869.7,0,,0,0.0,
228,274,F,1970-11-25,28,1993-09-28,monthly,Pelhrimov,south Bohemia,1993-09-28,1998-12-31,406,1491920.1,1425936.8,64,65982.6,0,,0,0.0,
267,322,M,1933-02-01,65,1995-04-26,monthly,Louny,north Bohemia,1995-04-26,1998-12-31,211,216880.0,199939.4,45,16940.3,0,,0,0.0,
279,336,F,1964-02-11,34,1993-04-14,monthly,Most,north Bohemia,1993-04-14,1998-12-31,391,210257.6,179495.8,69,30761.4,0,,0,0.0,
282,341,M,1977-03-16,21,1997-05-12,monthly,Jesenik,north Moravia,1997-05-12,1998-12-31,113,437512.8,384586.4,20,52926.4,0,,0,0.0,
308,375,F,1969-09-29,29,1995-10-16,monthly,Trebic,south Moravia,1995-10-16,1998-11-29,42,68181.1,27600.0,38,40581.1,0,,0,0.0,
320,390,F,1977-01-27,21,1997-01-23,monthly,Pardubice,east Bohemia,1997-01-23,1998-12-31,141,170723.6,126492.0,24,44231.6,0,,0,0.0,
604,723,F,1957-07-26,41,1993-11-26,monthly,Pribram,central Bohemia,1993-11-26,1998-12-31,292,578729.9,531217.6,62,47512.1,0,,0,0.0,
664,796,M,1919-08-30,79,1996-12-08,monthly,Hl.m. Praha,Prague,1996-12-08,1998-12-31,119,159503.5,136947.4,25,22555.8,0,,0,0.0,
704,844,M,1945-01-14,53,1993-01-01,monthly,Domazlice,west Bohemia,1993-01-01,1998-12-31,479,1378285.0,1296604.2,72,81680.3,0,,0,0.0,
711,853,M,1949-06-02,49,1994-07-06,monthly,Karvina,north Moravia,1994-07-06,1998-12-31,312,656357.8,620162.4,54,36195.0,0,,0,0.0,
735,882,F,1933-09-09,65,1997-09-17,monthly,Karvina,north Moravia,1997-09-17,1998-12-31,68,92306.8,62126.0,16,30180.7,0,,0,0.0,
742,890,M,1919-03-30,79,1994-01-28,monthly,Vsetin,north Moravia,1994-01-28,1998-12-31,288,256849.0,230020.4,60,26828.4,0,,0,0.0,
748,896,F,1973-04-24,25,1993-04-08,monthly,Liberec,north Bohemia,1993-04-08,1998-12-31,403,884910.7,789127.8,69,95782.4,0,,0,0.0,
765,915,M,1975-05-03,23,1996-12-20,monthly,Pribram,central Bohemia,1996-12-20,1998-12-31,115,152797.9,99442.0,25,53355.7,0,,0,0.0,
799,957,F,1941-12-23,57,1993-10-10,monthly,Breclav,south Moravia,1993-10-10,1996-08-25,39,40448.7,31100.0,30,9348.3,0,,0,0.0,
847,1021,M,1977-08-05,21,1996-07-21,monthly,Benesov,central Bohemia,1996-07-21,1998-12-31,147,242187.5,186400.4,30,55786.8,0,,0,0.0,
849,1023,M,1938-12-28,60,1996-01-01,monthly,Hl.m. Praha,Prague,1996-01-01,1998-12-31,136,522841.9,523247.3,36,-405.2,0,,0,0.0,
861,1038,F,1961-09-23,37,1993-09-13,monthly,Jesenik,north Moravia,1993-09-13,1998-12-31,413,1262707.4,1243663.4,64,19043.9,0,,0,0.0,
905,1090,F,1939-06-20,59,1996-12-11,monthly,Jablonec n. Nisou,north Bohemia,1996-12-11,1998-12-31,150,249968.2,228140.4,25,21827.7,0,,0,0.0,
947,1142,F,1946-11-19,52,1993-05-17,monthly,Kromeriz,south Moravia,1993-05-17,1998-12-31,437,443573.9,392109.2,68,51464.2,0,,0,0.0,
996,1200,F,1931-11-17,67,1997-08-18,monthly,Pardubice,east Bohemia,1997-08-18,1998-12-31,78,104581.9,85018.6,17,19563.2,0,,0,0.0,
1061,1274,M,1976-01-25,22,1997-10-17,monthly,Chrudim,east Bohemia,1997-10-17,1998-12-31,61,99416.8,86031.4,15,13385.2,0,,0,0.0,
1064,1277,M,1931-04-07,67,1997-09-29,monthly,Karvina,north Moravia,1997-09-29,1998-12-31,65,90914.0,66446.0,16,24467.9,0,,0,0.0,
1065,1278,M,1978-09-12,20,1993-03-27,monthly,Olomouc,north Moravia,1993-03-27,1998-12-31,350,430473.1,410234.4,70,20238.3,0,,0,0.0,
1098,1318,M,1931-03-10,67,1993-12-28,monthly,Pardubice,east Bohemia,1993-12-28,1998-12-31,339,353833.4,293479.0,61,60354.0,0,,0,0.0,
1122,1346,M,1954-08-29,44,1995-08-12,monthly,Rakovnik,central Bohemia,1995-08-12,1998-12-31,184,429317.6,416111.0,41,13206.3,0,,0,0.0,
1892,2295,F,1939-02-28,59,1993-07-13,monthly,Domazlice,west Bohemia,1993-07-13,1998-12-31,315,306156.0,282474.0,66,23681.6,0,,0,0.0,
1896,2302,M,1957-01-26,41,1993-10-05,monthly,Ostrava - mesto,north Moravia,1993-10-05,1998-12-31,371,2005002.4,1979610.4,63,25392.0,0,,0,0.0,
1898,2305,F,1949-06-10,49,1993-04-01,monthly,Karvina,north Moravia,1993-04-01,1998-12-31,304,791822.7,768434.4,69,23388.0,0,,0,0.0,
1909,2319,F,1970-05-16,28,1993-01-12,monthly,Teplice,north Bohemia,1993-01-12,1998-12-31,486,232351.0,217382.6,72,14968.1,0,,0,0.0,
1946,2365,F,1953-06-26,45,1997-09-16,monthly,Nachod,east Bohemia,1997-09-16,1998-12-31,74,316751.1,271949.0,16,44802.0,0,,0,0.0,
1965,2390,M,1938-05-13,60,1993-02-08,after_transaction,Hodonin,south Moravia,1993-02-08,1998-12-31,441,2388109.8,2336244.0,71,51865.8,0,,0,0.0,
1975,2400,M,1959-04-10,39,1994-09-07,monthly,Prachatice,south Bohemia,1994-09-07,1998-12-31,443,821228.9,796298.2,52,24930.4,0,,0,0.0,
2006,2436,F,1934-08-06,64,1997-06-16,monthly,Klatovy,west Bohemia,1997-06-16,1998-12-31,87,96457.3,71784.8,19,24672.2,0,,0,0.0,
2105,2549,F,1923-05-05,75,1996-03-09,monthly,Karvina,north Moravia,1996-03-09,1998-12-31,168,163789.1,147497.4,34,16291.7,0,,0,0.0,
2117,2561,M,1945-07-26,53,1996-08-07,monthly,Rychnov nad Kneznou,east Bohemia,1996-08-07,1998-12-31,158,383822.3,359714.4,29,24107.9,0,,0,0.0,
2119,2563,M,1971-09-08,27,1995-09-21,monthly,Ostrava - mesto,north Moravia,1995-09-21,1998-12-31,213,424106.0,370616.4,40,53489.6,0,,0,0.0,
2121,2565,M,1946-05-22,52,1994-12-05,monthly,Zlin,south Moravia,1994-12-05,1998-12-31,309,1194305.4,1169932.4,49,24372.9,0,,0,0.0,
2125,2571,F,1979-04-25,19,1997-11-20,weekly,Hradec Kralove,east Bohemia,1997-11-20,1998-12-31,75,470687.6,412385.0,14,58302.4,0,,0,0.0,
2152,2604,M,1926-07-11,72,1997-10-23,monthly,Domazlice,west Bohemia,1997-10-23,1998-12-31,50,70310.2,46350.4,15,23959.9,0,,0,0.0,
2215,2683,F,1929-06-13,69,1997-10-17,monthly,Rychnov nad Kneznou,east Bohemia,1997-10-17,1998-12-31,56,95929.2,54283.4,15,41645.9,0,,0,0.0,
2232,2704,F,1949-05-22,49,1996-05-07,monthly,Hl.m. Praha,Prague,1996-05-07,1998-12-31,180,356914.2,297742.2,32,59171.7,0,,0,0.0,
2278,2758,M,1946-07-14,52,1996-08-03,monthly,Hl.m. Praha,Prague,1996-08-03,1998-12-31,188,467326.3,419800.4,29,47525.5,0,,0,0.0,
2292,2775,F,1978-07-09,20,1995-06-29,monthly,Usti nad Labem,north Bohemia,1995-06-29,1998-12-31,320,182052.1,162279.2,43,19772.5,0,,0,0.0,
2294,2777,F,1970-03-28,28,1996-09-29,monthly,Nachod,east Bohemia,1996-09-29,1998-12-31,139,418109.6,392759.2,28,25350.4,0,,0,0.0,
2316,2802,F,1966-11-29,32,1997-07-21,monthly,Hl.m. Praha,Prague,1997-07-21,1998-12-31,112,84360.6,56755.2,18,27605.5,0,,0,0.0,
2337,2825,M,1958-03-29,40,1997-07-07,monthly,Znojmo,south Moravia,1997-07-07,1998-12-31,106,406359.6,350865.2,18,55494.3,0,,0,0.0,
2347,2836,F,1919-09-21,79,1996-08-30,monthly,Louny,north Bohemia,1996-08-30,1998-12-31,137,184912.9,172723.8,29,12188.9,0,,0,0.0,
2349,2839,F,1928-07-05,70,1996-09-11,monthly,Olomouc,north Moravia,1996-09-11,1998-12-31,122,169765.0,156137.2,28,13627.8,0,,0,0.0,
2369,2862,F,1964-10-07,34,1997-07-19,monthly,Semily,east Bohemia,1997-07-19,1998-12-31,94,305479.4,224823.2,18,80656.1,0,,0,0.0,
2732,3298,F,1942-08-05,56,1993-07-27,monthly,Kolin,central Bohemia,1993-07-27,1998-12-03,387,2547353.7,2512464.2,66,34889.4,0,,0,0.0,
2744,3312,F,1971-11-05,27,1997-04-19,weekly,Karvina,north Moravia,1997-04-19,1998-12-31,82,354131.7,323474.0,21,30657.4,0,,0,0.0,
2746,3314,F,1931-12-18,67,1996-08-23,monthly,Karlovy Vary,west Bohemia,1996-08-23,1998-12-31,144,187461.5,159671.8,29,27789.6,0,,0,0.0,
2776,3352,M,1919-09-12,79,1997-08-10,monthly,Cheb,west Bohemia,1997-08-10,1998-12-31,67,77558.4,61777.6,17,15780.8,0,,0,0.0,
2793,3373,M,1952-11-29,46,1993-10-09,monthly,Kolin,central Bohemia,1993-10-09,1998-12-31,292,219490.8,195820.2,63,23670.5,0,,0,0.0,
2810,3394,F,1980-07-04,18,1995-03-16,monthly,Zdar nad Sazavou,south Moravia,1995-03-16,1998-12-31,368,587035.1,555196.0,46,31838.9,0,,0,0.0,
2835,3426,M,1978-02-07,20,1995-10-03,monthly,Opava,north Moravia,1995-10-03,1998-12-31,198,209076.6,192261.0,39,16815.6,0,,0,0.0,
2857,3451,M,1974-07-17,24,1997-04-28,monthly,Prachatice,south Bohemia,1997-04-28,1998-12-31,120,924501.9,899547.4,21,24954.5,0,,0,0.0,
2890,3493,F,1965-05-04,33,1996-02-07,monthly,Jesenik,north Moravia,1996-02-07,1998-12-31,222,888939.3,845581.0,35,43358.3,0,,0,0.0,
2894,3498,M,1938-04-01,60,1993-08-28,monthly,Vsetin,north Moravia,1993-08-28,1998-12-31,384,3034611.1,2974667.4,65,59943.5,0,,0,0.0,
2907,3513,M,1922-07-20,76,1993-09-09,monthly,Karvina,north Moravia,1993-09-09,1998-12-31,319,440157.4,416703.8,64,23453.0,0,,0,0.0,
2924,3532,M,1935-02-24,63,1994-10-16,monthly,Breclav,south Moravia,1994-10-16,1998-12-13,243,592974.3,558357.0,51,34616.7,0,,0,0.0,
2942,3552,M,1940-11-16,58,1997-09-24,monthly,Chrudim,east Bohemia,1997-09-24,1998-12-31,80,117808.6,69896.0,16,47912.4,0,,0,0.0,
3023,3651,M,1918-10-01,80,1997-10-14,monthly,Jablonec n. Nisou,north Bohemia,1997-10-14,1998-12-31,62,93744.2,63236.0,15,30508.0,0,,0,0.0,
3061,3702,M,1952-11-27,46,1995-11-08,monthly,Sumperk,north Moravia,1995-11-08,1998-12-31,167,115882.1,94623.8,38,21258.0,0,,0,0.0,
3083,3728,M,1936-01-06,62,1997-03-18,monthly,Zdar nad Sazavou,south Moravia,1997-03-18,1998-12-31,93,529459.0,468433.6,22,61025.2,0,,0,0.0,
3108,3758,F,1963-09-14,35,1993-03-14,monthly,Blansko,south Moravia,1993-03-14,1998-12-31,391,216059.3,200892.4,70,15166.8,0,,0,0.0,
3118,3771,M,1942-03-27,56,1996-03-10,monthly,Rychnov nad Kneznou,east Bohemia,1996-03-10,1998-12-31,187,615510.5,559037.4,34,56472.9,0,,0,0.0,
3121,3775,M,1928-11-27,70,1996-03-08,monthly,Nachod,east Bohemia,1996-03-08,1998-12-31,154,151113.3,135701.4,34,15411.9,0,,0,0.0,
3129,3785,F,1920-07-18,78,1993-12-05,monthly,Zdar nad Sazavou,south Moravia,1993-12-05,1998-12-31,338,416430.2,397049.6,61,19380.3,0,,0,0.0,
3135,3791,M,1939-03-18,59,1993-12-27,monthly,Olomouc,north Moravia,1993-12-27,1998-12-31,315,1321565.0,1233627.0,61,87937.7,0,,0,0.0,
3179,3844,F,1963-12-26,35,1996-09-20,monthly,Novy Jicin,north Moravia,1996-09-20,1998-12-31,161,446000.8,410134.2,28,35866.7,0,,0,0.0,
3182,3847,F,1959-09-14,39,1996-12-20,monthly,Kutna Hora,central Bohemia,1996-12-20,1998-12-31,124,448616.7,432062.4,25,16554.3,0,,0,0.0,
3186,3852,F,1952-09-12,46,1995-05-28,monthly,Praha - vychod,central Bohemia,1995-05-28,1998-12-31,254,992929.5,940482.8,44,52446.3,0,,0,0.0,
4442,5358,M,1942-08-31,56,1996-08-08,monthly,Brno - mesto,south Moravia,1996-08-08,1998-12-31,151,408384.8,378295.8,29,30088.8,0,,0,0.0,
4458,5379,M,1978-03-20,20,1996-04-23,monthly,Prostejov,south Moravia,1996-04-23,1998-12-31,86,133395.0,111510.6,33,21884.1,0,,0,0.0,
4729,5704,F,1975-10-09,23,1997-05-23,monthly,Zdar nad Sazavou,south Moravia,1997-05-23,1998-12-31,93,202642.0,189033.5,20,13608.5,0,,0,0.0,
8149,10066,F,1963-05-23,35,1997-05-14,after_transaction,Zlin,south Moravia,1997-05-14,1998-12-31,140,668217.6,635884.0,20,32333.3,0,,0,0.0,
2033,2468,M,1965-03-18,33,1996-03-20,monthly,Novy Jicin,north Moravia,1996-03-20,1998-12-31,186,421379.4,371754.8,34,49624.7,0,,0,0.0,
2053,2491,F,1939-03-20,59,1997-10-16,monthly,Kolin,central Bohemia,1997-10-16,1998-12-31,67,118097.8,95332.4,15,22765.2,0,,0,0.0,
2083,2526,M,1964-07-26,34,1996-09-28,monthly,Hl.m. Praha,Prague,1996-09-28,1998-12-31,136,711160.4,693245.2,28,17915.0,0,,0,0.0,
2112,2556,F,1951-02-10,47,1996-07-12,monthly,Chrudim,east Bohemia,1996-07-12,1998-12-31,167,358460.3,306210.4,30,52249.4,0,,0,0.0,
2114,2558,M,1959-01-18,39,1996-08-11,monthly,Sokolov,west Bohemia,1996-08-11,1998-12-31,176,344266.9,330806.4,29,13460.1,0,,0,0.0,
2122,2566,F,1963-03-25,35,1993-01-08,monthly,Rokycany,west Bohemia,1993-01-08,1998-12-31,470,2796288.0,2754483.8,72,41803.8,0,,0,0.0,
2128,2574,F,1932-04-22,66,1993-12-10,monthly,Rokycany,west Bohemia,1993-12-10,1998-12-31,294,336022.7,317503.6,61,18518.7,0,,0,0.0,
2135,2582,M,1938-12-15,60,1997-06-17,monthly,Trutnov,east Bohemia,1997-06-17,1998-12-31,102,217718.3,190203.8,19,27514.6,0,,0,0.0,
2173,2630,F,1937-08-20,61,1997-05-02,monthly,Zlin,south Moravia,1997-05-02,1998-12-31,99,121091.8,87724.0,20,33367.4,0,,0,0.0,
2193,2655,M,1963-08-12,35,1996-11-03,monthly,Chrudim,east Bohemia,1996-11-03,1998-12-31,129,185276.5,161670.6,26,23605.8,0,,0,0.0,
2196,2658,M,1933-01-21,65,1997-07-24,monthly,Praha - zapad,central Bohemia,1997-07-24,1998-12-31,77,95603.0,79895.2,18,15707.4,0,,0,0.0,
2199,2661,F,1961-10-17,37,1993-08-04,monthly,Hl.m. Praha,Prague,1993-08-04,1998-12-31,444,308760.3,292206.0,65,16554.3,0,,0,0.0,
2235,2707,M,1969-05-23,29,1995-10-22,monthly,Jicin,east Bohemia,1995-10-22,1998-12-31,180,399401.4,348781.8,39,50619.3,0,,0,0.0,
2243,2716,F,1969-07-13,29,1996-01-24,monthly,Klatovy,west Bohemia,1996-01-24,1998-12-31,231,558034.7,525578.0,36,32456.8,0,,0,0.0,
2244,2717,M,1930-04-28,68,1995-07-19,monthly,Nachod,east Bohemia,1995-07-19,1998-12-31,223,287012.6,265615.6,42,21397.0,0,,0,0.0,
2299,2783,M,1940-06-20,58,1997-01-21,monthly,Hl.m. Praha,Prague,1997-01-21,1998-12-31,107,213152.3,193962.8,24,19189.2,0,,0,0.0,
2339,2827,M,1923-02-13,75,1996-09-22,monthly,Vyskov,south Moravia,1996-09-22,1998-12-31,124,161266.2,141820.2,28,19446.0,0,,0,0.0,
2396,2893,F,1927-11-02,71,1993-02-22,monthly,Benesov,central Bohemia,1993-02-22,1998-12-31,318,300750.7,277587.0,71,23163.5,0,,0,0.0,
2425,2930,M,1941-03-22,57,1993-01-23,monthly,Usti nad Labem,north Bohemia,1993-01-23,1998-12-31,411,742791.1,719639.6,72,23151.6,0,,0,0.0,
2448,2956,M,1939-08-06,59,1997-05-11,monthly,Cheb,west Bohemia,1997-05-11,1998-12-31,97,66426.8,49534.4,20,16892.6,0,,0,0.0,
2459,2969,M,1923-04-22,75,1997-09-10,monthly,Brno - venkov,south Moravia,1997-09-10,1998-12-31,71,82262.3,57651.6,16,24610.4,0,,0,0.0,
2499,3017,M,1941-05-14,57,1996-02-08,monthly,Benesov,central Bohemia,1996-02-08,1998-12-31,254,305751.5,265261.0,35,40490.6,0,,0,0.0,
2500,3018,M,1978-01-28,20,1995-10-26,monthly,Trebic,south Moravia,1995-10-26,1998-12-31,98,125849.7,100510.6,38,25339.1,0,,0,0.0,
2530,3054,M,1958-04-28,40,1996-07-02,monthly,Ostrava - mesto,north Moravia,1996-07-02,1998-12-31,216,808162.3,774522.0,30,33640.0,0,,0,0.0,
1,1,F,1970-12-13,28,1995-03-24,monthly,Pisek,south Bohemia,1995-03-24,1998-12-31,239,194320.5,180854.0,46,13466.5,0,,0,0.0,
78,92,F,1966-06-12,32,1993-07-07,monthly,Ostrava - mesto,north Moravia,1993-07-07,1998-12-31,388,1273705.9,1195769.6,66,77935.4,0,,0,0.0,
121,145,M,1978-02-14,20,1997-10-11,monthly,Brno - venkov,south Moravia,1997-10-11,1998-12-31,92,76041.7,41086.0,15,34955.3,0,,0,0.0,
141,169,M,1953-09-12,45,1996-03-06,monthly,Louny,north Bohemia,1996-03-06,1998-12-31,241,1122655.4,1067777.4,34,54877.8,0,,0,0.0,
157,189,M,1919-08-10,79,1997-03-28,monthly,Praha - zapad,central Bohemia,1997-03-28,1998-12-31,93,147188.0,113230.6,22,33957.1,0,,0,0.0,
214,257,F,1942-11-04,56,1997-03-09,monthly,Domazlice,west Bohemia,1997-03-09,1998-12-31,90,67495.6,52462.6,22,15033.0,0,,0,0.0,
221,266,F,1967-08-28,31,1996-10-30,monthly,Prachatice,south Bohemia,1996-10-30,1998-12-31,139,617632.7,559118.6,27,58513.9,0,,0,0.0,
260,313,F,1942-05-11,56,1995-10-14,monthly,Karlovy Vary,west Bohemia,1995-10-14,1998-12-31,215,424055.6,383239.8,39,40815.8,0,,0,0.0,
291,353,M,1965-10-26,33,1997-06-08,monthly,Melnik,central Bohemia,1997-06-08,1998-12-31,169,1343020.3,1261389.6,19,81630.5,0,,0,0.0,
302,369,F,1930-11-06,68,1996-05-09,monthly,Melnik,central Bohemia,1996-05-09,1998-12-31,166,209861.2,191942.2,32,17918.9,0,,0,0.0,
334,408,F,1978-02-22,20,1993-05-24,monthly,Jablonec n. Nisou,north Bohemia,1993-05-24,1998-12-31,458,1370570.4,1273769.2,68,96801.0,0,,0,0.0,
352,430,M,1920-07-28,78,1994-07-04,monthly,Most,north Bohemia,1994-07-04,1998-12-31,273,239631.0,219633.4,54,19997.7,0,,0,0.0,
353,431,F,1927-10-01,71,1995-08-30,monthly,Karlovy Vary,west Bohemia,1995-08-30,1998-12-31,219,274748.0,204457.0,41,70291.0,0,,0,0.0,
376,456,M,1940-02-28,58,1995-03-05,monthly,Klatovy,west Bohemia,1995-03-05,1998-12-31,265,1234943.2,1166295.6,46,68647.4,0,,0,0.0,
516,619,M,1920-09-07,78,1996-02-08,monthly,Kutna Hora,central Bohemia,1996-02-08,1998-12-31,173,240679.2,210524.0,35,30155.1,0,,0,0.0,
519,623,M,1925-09-04,73,1993-11-12,monthly,Karlovy Vary,west Bohemia,1993-11-12,1998-12-31,323,432765.1,406317.6,62,26447.2,0,,0,0.0,
532,640,M,1979-04-15,19,1995-09-02,monthly,Plzen - mesto,west Bohemia,1995-09-02,1998-12-31,199,1703323.2,1628964.8,40,74357.9,0,,0,0.0,
542,653,F,1930-11-21,68,1993-11-01,monthly,Hl.m. Praha,Prague,1993-11-01,1998-12-31,282,261253.5,242922.2,62,18331.1,0,,0,0.0,
562,675,M,1975-11-12,23,1993-02-25,monthly,Svitavy,east Bohemia,1993-02-25,1998-12-31,441,672137.0,606928.2,71,65208.4,0,,0,0.0,
2656,3205,F,1921-06-25,77,1997-02-18,monthly,Hl.m. Praha,Prague,1997-02-18,1998-12-31,115,113624.0,81727.2,23,31896.7,0,,0,0.0,
2677,3232,M,1976-11-05,22,1996-08-28,monthly,Kolin,central Bohemia,1996-08-28,1998-12-31,213,615066.8,573605.8,29,41461.0,0,,0,0.0,
2679,3234,F,1919-08-04,79,1997-07-24,monthly,Bruntal,north Moravia,1997-07-24,1998-12-31,73,115529.8,85649.2,18,29880.3,0,,0,0.0,
2710,3270,M,1940-01-22,58,1996-06-12,monthly,Pribram,central Bohemia,1996-06-12,1998-12-31,167,1273028.1,1249069.4,31,23958.7,0,,0,0.0,
2755,3327,F,1937-07-04,61,1995-01-26,monthly,Strakonice,south Bohemia,1995-01-26,1998-12-31,268,269846.4,253124.2,48,16722.1,0,,0,0.0,
2757,3329,M,1961-03-20,37,1996-05-14,monthly,Brno - mesto,south Moravia,1996-05-14,1998-12-31,140,98775.8,80158.6,32,18617.0,0,,0,0.0,
2782,3359,M,1945-02-24,53,1997-02-27,monthly,Hl.m. Praha,Prague,1997-02-27,1998-12-31,110,644629.9,588605.2,23,56024.5,0,,0,0.0,
2795,3376,F,1945-01-19,53,1996-08-20,monthly,Praha - zapad,central Bohemia,1996-08-20,1998-12-31,201,612064.0,552606.8,29,59457.1,0,,0,0.0,
2805,3389,F,1967-01-16,31,1996-05-20,monthly,Most,north Bohemia,1996-05-20,1998-12-31,144,96625.1,80418.6,32,16206.4,0,,0,0.0,
2809,3393,F,1954-08-24,44,1994-12-08,monthly,Opava,north Moravia,1994-12-08,1998-12-31,310,792547.0,765838.4,49,26708.5,0,,0,0.0,
2827,3418,F,1963-08-07,35,1996-12-18,monthly,Karvina,north Moravia,1996-12-18,1998-12-31,108,559731.4,489077.4,25,70653.8,0,,0,0.0,
2840,3432,M,1973-11-08,25,1994-10-09,monthly,Cesky Krumlov,south Bohemia,1994-10-09,1998-12-31,304,1561376.9,1521272.2,51,40104.1,0,,0,0.0,
2844,3438,M,1942-01-12,56,1996-01-19,monthly,Hradec Kralove,east Bohemia,1996-01-19,1998-12-31,167,812723.2,724558.0,36,88165.1,0,,0,0.0,
2858,3453,M,1950-08-02,48,1995-08-22,monthly,Breclav,south Moravia,1995-08-22,1998-12-31,265,469334.9,425495.0,41,43839.7,0,,0,0.0,
2869,3468,F,1933-12-31,65,1996-09-27,monthly,Frydek - Mistek,north Moravia,1996-09-27,1998-12-31,131,145125.5,130487.2,28,14638.2,0,,0,0.0,
2892,3495,F,1941-05-10,57,1997-12-16,monthly,Zlin,south Moravia,1997-12-16,1998-12-11,13,39300.0,1400.0,13,37900.0,0,,0,0.0,
2909,3516,F,1971-09-07,27,1996-04-04,monthly,Jihlava,south Moravia,1996-04-04,1998-12-31,187,430788.2,387152.8,33,43635.3,0,,0,0.0,
2922,3530,F,1971-09-18,27,1994-06-06,monthly,Jindrichuv Hradec,south Bohemia,1994-06-06,1998-12-12,276,1667089.1,1648297.2,55,18791.8,0,,0,0.0,
2939,3549,F,1937-09-08,61,1997-06-28,monthly,Kolin,central Bohemia,1997-06-28,1998-12-31,76,103679.9,82895.8,19,20784.2,0,,0,0.0,
2960,3574,F,1946-02-17,52,1994-09-20,monthly,Prachatice,south Bohemia,1994-09-20,1998-12-31,272,765492.1,729535.6,52,35956.4,0,,0,0.0,
2976,3594,F,1961-05-07,37,1996-08-19,monthly,Rakovnik,central Bohemia,1996-08-19,1998-12-31,161,518853.7,487687.8,29,31165.9,0,,0,0.0,
2977,3595,M,1965-01-01,33,1996-06-20,monthly,Plzen - sever,west Bohemia,1996-06-20,1998-12-31,183,1260657.8,1180314.0,31,80343.7,0,,0,0.0,
2992,3614,F,1971-10-09,27,1997-07-11,monthly,Hradec Kralove,east Bohemia,1997-07-11,1998-12-31,91,223295.3,178863.2,18,44432.0,0,,0,0.0,
3006,3630,F,1923-11-28,75,1995-01-01,monthly,Zlin,south Moravia,1995-01-01,1998-12-31,240,312640.6,294656.8,48,17983.6,0,,0,0.0,
3017,3644,M,1951-06-14,47,1994-08-12,monthly,Prerov,north Moravia,1994-08-12,1998-12-31,433,1095204.0,1062757.2,53,32446.6,0,,0,0.0,
3025,3654,F,1924-03-01,74,1997-12-27,monthly,Klatovy,west Bohemia,1997-12-27,1998-12-31,52,77963.8,62030.2,13,15933.6,0,,0,0.0,
3030,3660,M,1974-07-09,24,1994-06-22,monthly,Znojmo,south Moravia,1994-06-22,1998-12-31,310,173976.2,149425.4,55,24550.4,0,,0,0.0,
2019,2452,F,1952-06-07,46,1997-06-11,monthly,Zlin,south Moravia,1997-06-11,1998-12-31,104,61643.3,43889.4,19,17753.6,0,,0,0.0,
2065,2504,M,1950-01-09,48,1996-08-28,monthly,Trebic,south Moravia,1996-08-28,1998-12-31,149,577373.4,560940.8,29,16432.4,0,,0,0.0,
2140,2588,M,1958-05-19,40,1993-10-21,monthly,Decin,north Bohemia,1993-10-21,1998-12-31,368,294707.9,249268.2,63,45439.3,0,,0,0.0,
2163,2618,M,1942-08-14,56,1995-01-05,monthly,Pelhrimov,south Bohemia,1995-01-05,1998-12-31,316,995355.3,941052.8,48,54302.4,0,,0,0.0,
2207,2671,F,1972-04-22,26,1996-01-25,monthly,Jablonec n. Nisou,north Bohemia,1996-01-25,1998-12-31,163,849704.0,812818.0,36,36885.8,0,,0,0.0,
2216,2684,F,1953-02-11,45,1993-04-17,monthly,Ostrava - mesto,north Moravia,1993-04-17,1998-12-31,454,2717175.5,2657158.4,69,60017.0,0,,0,0.0,
2217,2685,F,1969-06-21,29,1996-01-27,monthly,Opava,north Moravia,1996-01-27,1998-12-12,36,59500.0,35800.0,36,23700.0,0,,0,0.0,
2256,2731,M,1927-12-08,71,1993-02-06,monthly,Louny,north Bohemia,1993-02-06,1998-12-31,339,342020.7,325345.6,71,16675.1,0,,0,0.0,
2265,2742,F,1948-08-27,50,1995-08-03,monthly,Znojmo,south Moravia,1995-08-03,1998-12-31,245,1783385.9,1734507.6,41,48878.3,0,,0,0.0,
2274,2754,F,1978-05-24,20,1996-01-21,monthly,Zdar nad Sazavou,south Moravia,1996-01-21,1998-12-31,183,210197.6,161581.8,36,48615.5,0,,0,0.0,
2293,2776,F,1934-06-07,64,1993-02-13,monthly,Tachov,west Bohemia,1993-02-13,1998-12-31,354,480365.1,436619.0,71,43745.8,0,,0,0.0,
2297,2781,F,1960-11-22,38,1995-06-18,monthly,Nachod,east Bohemia,1995-06-18,1998-12-31,276,229053.9,208052.2,43,21001.7,0,,0,0.0,
2341,2829,F,1939-12-27,59,1995-11-25,monthly,Decin,north Bohemia,1995-11-25,1998-12-31,203,116034.7,95581.2,38,20453.2,0,,0,0.0,
2344,2832,M,1927-07-23,71,1996-07-02,monthly,Rakovnik,central Bohemia,1996-07-02,1998-12-31,165,151042.1,123571.0,30,27471.2,0,,0,0.0,
2362,2854,M,1949-06-01,49,1996-12-30,monthly,Jindrichuv Hradec,south Bohemia,1996-12-30,1998-12-31,102,83685.8,57938.4,25,25747.1,0,,0,0.0,
2389,2884,F,1958-10-10,40,1996-06-02,monthly,Teplice,north Bohemia,1996-06-02,1998-12-31,177,737954.7,692603.6,31,45351.0,0,,0,0.0,
2391,2887,F,1961-01-29,37,1997-11-07,monthly,Benesov,central Bohemia,1997-11-07,1998-12-31,66,142886.1,102062.4,14,40823.7,0,,0,0.0,
2429,2935,F,1944-05-02,54,1993-02-06,monthly,Trebic,south Moravia,1993-02-06,1998-12-31,476,1161196.0,1109059.0,71,52136.9,0,,0,0.0,
449,540,M,1921-07-28,77,1994-11-22,monthly,Prachatice,south Bohemia,1994-11-22,1998-12-31,276,222603.4,207723.4,50,14879.5,0,,0,0.0,
483,581,F,1949-02-04,49,1997-07-15,monthly,Karvina,north Moravia,1997-07-15,1998-12-31,68,51253.4,38345.2,18,12908.2,0,,0,0.0,
555,668,F,1942-12-25,56,1993-05-15,monthly,Hl.m. Praha,Prague,1993-05-15,1998-12-31,503,1664896.0,1641392.2,68,23503.5,0,,0,0.0,
605,724,F,1953-02-02,45,1997-02-04,monthly,Znojmo,south Moravia,1997-02-04,1998-12-31,112,266270.5,240826.8,23,25443.6,0,,0,0.0,
623,748,M,1936-10-15,62,1993-03-24,monthly,Klatovy,west Bohemia,1993-03-24,1998-12-31,404,219958.2,203294.4,70,16663.4,0,,0,0.0,
674,809,M,1919-10-15,79,1995-09-02,monthly,Semily,east Bohemia,1995-09-02,1998-12-31,199,190970.8,173959.0,40,17011.5,0,,0,0.0,
714,856,M,1919-01-22,79,1996-11-04,monthly,Cheb,west Bohemia,1996-11-04,1998-12-31,117,149768.0,135390.6,26,14377.2,0,,0,0.0,
721,864,M,1953-03-27,45,1993-08-29,monthly,Praha - zapad,central Bohemia,1993-08-29,1998-12-31,309,216478.8,192817.4,65,23660.7,0,,0,0.0,
744,892,F,1922-05-24,76,1993-03-06,monthly,Havlickuv Brod,east Bohemia,1993-03-06,1998-12-31,364,409014.7,368734.0,70,40280.0,0,,0,0.0,
746,894,M,1934-08-18,64,1995-05-10,monthly,Prerov,north Moravia,1995-05-10,1998-12-31,196,227045.7,192142.8,44,34902.7,0,,0,0.0,
759,909,M,1975-09-07,23,1993-08-01,monthly,Cheb,west Bohemia,1993-08-01,1998-12-31,392,332440.6,224808.0,65,107632.5,0,,0,0.0,
778,930,F,1959-08-25,39,1996-10-26,monthly,Frydek - Mistek,north Moravia,1996-10-26,1998-12-15,27,57400.0,20400.0,27,37000.0,0,,0,0.0,
782,935,F,1946-05-17,52,1997-10-30,monthly,Havlickuv Brod,east Bohemia,1997-10-30,1998-12-31,77,386549.4,333317.4,15,53232.0,0,,0,0.0,
783,937,M,1931-11-14,67,1997-09-08,monthly,Hl.m. Praha,Prague,1997-09-08,1998-12-31,53,74996.9,48106.0,16,26890.7,0,,0,0.0,
851,1025,M,1964-07-08,34,1994-09-23,monthly,Cesky Krumlov,south Bohemia,1994-09-23,1998-12-31,358,1687879.5,1683406.2,52,4472.7,0,,0,0.0,
874,1052,M,1964-03-11,34,1996-03-23,weekly,Breclav,south Moravia,1996-03-23,1998-12-31,205,623298.5,581274.0,34,42024.3,0,,0,0.0,
890,1072,F,1966-12-08,32,1993-02-05,monthly,Prostejov,south Moravia,1993-02-05,1998-12-31,380,581168.9,546515.6,71,34652.9,0,,0,0.0,
895,1078,F,1978-12-15,20,1996-03-12,monthly,Karlovy Vary,west Bohemia,1996-03-12,1998-12-31,181,103596.7,85829.4,34,17767.1,0,,0,0.0,
896,1079,M,1961-07-15,37,1995-06-11,monthly,Beroun,central Bohemia,1995-06-11,1998-12-31,225,458642.0,443400.2,43,15241.8,0,,0,0.0,
901,1085,F,1932-12-19,66,1994-07-10,monthly,Prostejov,south Moravia,1994-07-10,1998-12-31,271,256176.3,212615.4,54,43560.1,0,,0,0.0,
932,1122,M,1921-02-18,77,1996-07-08,monthly,Strakonice,south Bohemia,1996-07-08,1998-12-31,137,146231.8,117970.0,30,28261.6,0,,0,0.0,
1281,1550,F,1946-11-21,52,1997-04-14,monthly,Mlada Boleslav,central Bohemia,1997-04-14,1998-12-31,92,325297.2,223919.0,21,101378.1,0,,0,0.0,
1288,1558,F,1927-01-25,71,1993-11-27,monthly,Praha - zapad,central Bohemia,1993-11-27,1998-12-31,317,374422.3,350083.6,62,24338.6,0,,0,0.0,
1308,1582,M,1934-02-14,64,1996-09-25,monthly,Brno - mesto,south Moravia,1996-09-25,1998-12-31,111,141157.7,108993.2,28,32164.4,0,,0,0.0,
1338,1619,F,1942-01-27,56,1993-01-11,monthly,Ostrava - mesto,north Moravia,1993-01-11,1998-12-31,592,2450381.5,2341404.2,72,108976.6,0,,0,0.0,
1358,1645,F,1961-03-10,37,1996-04-21,monthly,Most,north Bohemia,1996-04-21,1998-12-31,182,230004.1,191034.2,33,38969.8,0,,0,0.0,
1376,1664,F,1918-11-10,80,1995-09-20,monthly,Zlin,south Moravia,1995-09-20,1998-12-31,167,163418.1,140161.4,40,23256.7,0,,0,0.0,
1384,1675,M,1940-02-15,58,1996-03-28,weekly,Ostrava - mesto,north Moravia,1996-03-28,1998-12-31,168,1141452.2,1087690.4,34,53761.7,0,,0,0.0,
1443,1751,M,1959-01-24,39,1997-09-27,monthly,Brno - mesto,south Moravia,1997-09-27,1998-12-31,73,332530.8,290496.0,16,42034.9,0,,0,0.0,
1459,1769,M,1949-08-05,49,1997-03-26,monthly,Pribram,central Bohemia,1997-03-26,1998-12-31,101,68775.7,53471.6,22,15304.0,0,,0,0.0,
1472,1784,F,1980-11-02,18,1995-07-20,monthly,Benesov,central Bohemia,1995-07-20,1998-12-31,251,421490.9,391819.6,42,29671.0,0,,0,0.0,
1481,1794,F,1940-03-30,58,1993-01-17,monthly,Brno - mesto,south Moravia,1993-01-17,1998-12-31,348,226071.1,206703.6,72,19367.1,0,,0,0.0,
1493,1810,M,1919-06-30,79,1993-01-09,monthly,Usti nad Labem,north Bohemia,1993-01-09,1998-12-31,411,366369.9,348833.2,72,17535.9,0,,0,0.0,
1510,1830,M,1952-02-03,46,1996-03-11,monthly,Decin,north Bohemia,1996-03-11,1998-12-31,176,776829.4,738708.4,34,38120.8,0,,0,0.0,
1588,1924,M,1938-05-29,60,1993-12-11,monthly,Bruntal,north Moravia,1993-12-11,1998-12-31,317,278988.3,263651.0,61,15337.4,0,,0,0.0,
1627,1972,F,1946-04-29,52,1994-01-20,monthly,Hl.m. Praha,Prague,1994-01-20,1998-12-31,284,503701.5,471408.4,60,32293.2,0,,0,0.0,
1641,1989,F,1939-01-13,59,1996-04-22,monthly,Svitavy,east Bohemia,1996-04-22,1998-12-31,292,1838803.0,1782442.0,33,56360.9,0,,0,0.0,
1670,2027,M,1930-01-22,68,1996-01-02,monthly,Pribram,central Bohemia,1996-01-02,1998-12-31,188,150180.5,125858.6,36,24321.8,0,,0,0.0,
1737,2108,F,1945-04-21,53,1996-02-13,monthly,Vsetin,north Moravia,1996-02-13,1998-12-31,206,468790.0,424271.4,35,44518.5,0,,0,0.0,
1740,2111,F,1924-05-29,74,1997-03-13,monthly,Hodonin,south Moravia,1997-03-13,1998-12-31,87,87128.5,72461.6,22,14666.8,0,,0,0.0,
1743,2114,M,1918-08-21,80,1993-06-04,monthly,Trutnov,east Bohemia,1993-06-04,1998-12-31,316,294775.8,245563.2,67,49212.7,0,,0,0.0,
1775,2152,F,1929-09-07,69,1993-02-27,monthly,Pelhrimov,south Bohemia,1993-02-27,1998-12-31,377,492547.8,470504.0,71,22043.6,0,,0,0.0,
3755,4531,F,1964-06-25,34,1996-01-20,monthly,Zlin,south Moravia,1996-01-20,1998-12-31,230,1578596.6,1548323.6,36,30272.6,0,,0,0.0,
3763,4539,M,1942-12-12,56,1995-08-23,monthly,Brno - venkov,south Moravia,1995-08-23,1998-12-31,266,484777.3,455659.0,41,29118.3,0,,0,0.0,
3800,4580,F,1944-11-24,54,1996-09-16,monthly,Sokolov,west Bohemia,1996-09-16,1998-12-31,158,229194.9,218325.2,28,10869.7,0,,0,0.0,
3824,4608,M,1945-01-18,53,1994-03-20,monthly,Usti nad Labem,north Bohemia,1994-03-20,1998-12-31,277,600932.1,567355.2,58,33576.7,0,,0,0.0,
3843,4633,F,1980-10-31,18,1996-10-02,monthly,Uherske Hradiste,south Moravia,1996-10-02,1998-12-31,116,211810.5,177871.2,27,33939.1,0,,0,0.0,
3846,4637,M,1969-02-13,29,1997-04-27,monthly,Trebic,south Moravia,1997-04-27,1998-12-31,79,62067.5,47985.0,21,14082.4,0,,0,0.0,
3932,4741,F,1929-07-29,69,1996-07-25,monthly,Ostrava - mesto,north Moravia,1996-07-25,1998-12-31,153,204139.3,187055.4,30,17083.9,0,,0,0.0,
3960,4777,F,1929-06-23,69,1993-02-06,monthly,Zlin,south Moravia,1993-02-06,1998-12-31,336,342940.7,317513.0,71,25427.4,0,,0,0.0,
3979,4798,F,1962-01-02,36,1996-02-14,monthly,Litomerice,north Bohemia,1996-02-14,1998-12-31,183,406547.2,377263.4,35,29283.6,0,,0,0.0,
3986,4806,F,1944-02-01,54,1997-06-20,monthly,Prachatice,south Bohemia,1997-06-20,1998-12-31,113,222942.4,187215.8,19,35726.2,0,,0,0.0,
4047,4877,M,1957-02-19,41,1995-09-29,weekly,Jicin,east Bohemia,1995-09-29,1998-12-31,223,1245039.4,1179382.0,40,65657.3,0,,0,0.0,
4109,4949,M,1982-10-20,16,1995-02-09,monthly,Brno - mesto,south Moravia,1995-02-09,1998-12-31,244,307979.3,275013.2,47,32965.7,0,,0,0.0,
4173,5030,M,1980-01-15,18,1993-11-08,monthly,Hl.m. Praha,Prague,1993-11-08,1998-12-31,196,254853.9,206498.6,62,48354.7,0,,0,0.0,
4225,5093,F,1949-04-12,49,1993-05-18,monthly,Brno - venkov,south Moravia,1993-05-18,1998-12-31,322,1631202.8,1552405.2,68,78797.0,0,,0,0.0,
4438,5353,F,1967-05-22,31,1996-08-04,monthly,Rychnov nad Kneznou,east Bohemia,1996-08-04,1998-12-31,137,222830.5,172130.4,29,50700.0,0,,0,0.0,
4478,5402,F,1968-05-29,30,1993-07-23,monthly,Sokolov,west Bohemia,1993-07-23,1998-12-31,326,1726263.8,1635176.0,66,91087.5,0,,0,0.0,
4493,5420,M,1935-07-19,63,1996-10-15,after_transaction,Trebic,south Moravia,1996-10-15,1998-12-31,122,602663.3,570303.0,27,32360.2,0,,0,0.0,
4534,5469,F,1979-03-02,19,1997-01-18,monthly,Vyskov,south Moravia,1997-01-18,1998-11-09,48,123850.6,92200.0,23,31649.9,0,,0,0.0,
5129,6191,M,1952-12-24,46,1993-06-08,monthly,Ostrava - mesto,north Moravia,1993-06-08,1998-12-31,496,3490966.1,3448125.0,67,42840.4,0,,0,0.0,
5767,6978,M,1965-04-05,33,1993-06-16,monthly,Louny,north Bohemia,1993-06-16,1998-12-31,434,689855.7,677389.4,67,12466.1,0,,0,0.0,
1018,1222,F,1939-11-30,59,1993-06-03,monthly,Melnik,central Bohemia,1993-06-03,1998-12-31,417,308350.1,285961.2,67,22388.3,0,,0,0.0,
1053,1265,F,1958-12-21,40,1994-05-25,monthly,Hodonin,south Moravia,1994-05-25,1998-12-31,366,617412.9,581550.0,56,35862.8,0,,0,0.0,
1088,1306,F,1922-10-08,76,1993-12-19,monthly,Ceska Lipa,north Bohemia,1993-12-19,1998-12-31,301,341669.7,314793.0,61,26876.2,0,,0,0.0,
1089,1307,M,1953-04-08,45,1995-10-10,monthly,Ostrava - mesto,north Moravia,1995-10-10,1998-12-31,249,561963.1,547837.8,39,14125.0,0,,0,0.0,
1111,1332,F,1957-11-27,41,1996-02-16,monthly,Kolin,central Bohemia,1996-02-16,1998-12-31,182,772652.7,727801.4,35,44851.2,0,,0,0.0,
1168,1406,F,1948-11-12,50,1994-11-03,monthly,Rokycany,west Bohemia,1994-11-03,1998-12-31,415,544113.3,526185.0,50,17927.9,0,,0,0.0,
1184,1427,F,1965-12-16,33,1994-05-06,monthly,Ceske Budejovice,south Bohemia,1994-05-06,1998-12-31,299,2281306.0,2186506.0,56,94799.7,0,,0,0.0,
1234,1489,M,1928-01-24,70,1993-09-13,monthly,Kutna Hora,central Bohemia,1993-09-13,1998-12-31,328,415343.5,389751.4,64,25591.7,0,,0,0.0,
1260,1521,M,1979-10-10,19,1996-11-17,monthly,Kolin,central Bohemia,1996-11-17,1998-12-31,137,393298.3,346666.0,26,46632.1,0,,0,0.0,
1262,1523,F,1931-08-30,67,1997-01-19,monthly,Rokycany,west Bohemia,1997-01-19,1998-12-31,107,157765.8,122580.8,24,35184.8,0,,0,0.0,
1268,1530,F,1945-08-06,53,1993-07-25,monthly,Ostrava - mesto,north Moravia,1993-07-25,1998-12-31,386,295130.2,260016.0,66,35114.1,0,,0,0.0,
1279,1546,M,1930-04-13,68,1997-10-13,monthly,Plzen - sever,west Bohemia,1997-10-13,1998-12-31,56,77208.9,62081.4,15,15127.4,0,,0,0.0,
1285,1555,M,1950-09-14,48,1993-06-04,monthly,Sokolov,west Bohemia,1993-06-04,1998-12-31,393,1400749.1,1357024.2,67,43724.7,0,,0,0.0,
1333,1614,M,1938-05-18,60,1994-09-29,monthly,Tabor,south Bohemia,1994-09-29,1998-12-31,279,562014.6,536839.6,52,25174.8,0,,0,0.0,
1346,1631,M,1976-04-30,22,1997-07-01,monthly,Ostrava - mesto,north Moravia,1997-07-01,1998-12-31,105,75080.3,62152.8,18,12927.6,0,,0,0.0,
1353,1640,F,1953-06-13,45,1994-04-21,monthly,Trutnov,east Bohemia,1994-04-21,1998-12-31,346,995265.3,954591.6,57,40673.5,0,,0,0.0,
2558,3089,M,1974-07-26,24,1997-08-04,monthly,Nachod,east Bohemia,1997-08-04,1998-12-31,68,51750.7,33861.2,17,17889.7,0,,0,0.0,
2650,3196,F,1978-08-14,20,1996-03-26,monthly,Olomouc,north Moravia,1996-03-26,1998-12-31,186,635490.7,558012.8,34,77477.6,0,,0,0.0,
2666,3218,M,1965-12-16,33,1993-03-08,monthly,Semily,east Bohemia,1993-03-08,1998-12-31,402,208558.3,190679.0,70,17879.1,0,,0,0.0,
2692,3248,F,1929-08-02,69,1995-12-08,monthly,Plzen - sever,west Bohemia,1995-12-08,1998-12-31,170,216638.1,180705.2,37,35932.6,0,,0,0.0,
2703,3262,F,1941-08-14,57,1997-10-28,monthly,Trebic,south Moravia,1997-10-28,1998-12-31,49,45406.8,25029.4,15,20377.3,0,,0,0.0,
2774,3349,M,1963-12-21,35,1996-02-05,monthly,Havlickuv Brod,east Bohemia,1996-02-05,1998-12-31,171,234090.6,210026.0,35,24064.5,0,,0,0.0,
2823,3412,M,1975-07-18,23,1993-04-18,monthly,Hodonin,south Moravia,1993-04-18,1998-12-31,331,230807.8,213399.8,69,17407.2,0,,0,0.0,
2874,3474,F,1954-12-08,44,1997-04-02,monthly,Ceska Lipa,north Bohemia,1997-04-02,1998-12-31,92,66511.6,52549.6,21,13961.9,0,,0,0.0,
2969,3585,F,1968-10-02,30,1995-05-26,monthly,Rokycany,west Bohemia,1995-05-26,1998-12-06,43,60900.0,23200.0,43,37700.0,0,,0,0.0,
3022,3650,M,1918-02-17,80,1996-10-30,monthly,Zlin,south Moravia,1996-10-30,1998-12-31,107,126343.0,102746.6,27,23596.1,0,,0,0.0,
3026,3655,M,1968-02-06,30,1993-02-18,monthly,Kromeriz,south Moravia,1993-02-18,1998-12-31,383,1591446.7,1523153.0,71,68293.6,0,,0,0.0,
3047,3684,F,1961-12-31,37,1993-02-17,monthly,Jindrichuv Hradec,south Bohemia,1993-02-17,1998-12-31,345,249164.3,227175.0,71,21989.3,0,,0,0.0,
3066,3707,M,1941-06-24,57,1996-08-12,monthly,Ostrava - mesto,north Moravia,1996-08-12,1998-12-31,159,418635.3,373799.8,29,44835.3,0,,0,0.0,
3082,3727,M,1970-01-13,28,1997-11-16,monthly,Decin,north Bohemia,1997-11-16,1998-12-31,55,165965.1,143280.8,14,22684.3,0,,0,0.0,
3089,3737,M,1948-04-30,50,1996-07-02,weekly,Pribram,central Bohemia,1996-07-02,1998-12-31,200,1325004.7,1231935.0,30,93069.5,0,,0,0.0,
3111,3762,F,1959-02-18,39,1995-11-08,monthly,Prostejov,south Moravia,1995-11-08,1998-12-31,215,792833.1,754674.8,38,38158.0,0,,0,0.0,
3158,3818,M,1942-07-28,56,1996-10-03,monthly,Novy Jicin,north Moravia,1996-10-03,1998-12-31,114,87453.4,64051.2,27,23402.0,0,,0,0.0,
3193,3860,M,1938-04-10,60,1996-02-27,monthly,Ostrava - mesto,north Moravia,1996-02-27,1998-12-31,189,698608.5,682953.4,35,15655.0,0,,0,0.0,
3214,3887,M,1920-01-17,78,1997-05-10,monthly,Bruntal,north Moravia,1997-05-10,1998-12-31,82,81845.6,62084.0,20,19761.3,0,,0,0.0,
3233,3911,F,1952-10-13,46,1995-03-03,monthly,Tachov,west Bohemia,1995-03-03,1998-12-31,284,1605909.1,1526945.2,46,78963.9,0,,0,0.0,
3320,4013,F,1951-12-06,47,1995-12-01,monthly,Hl.m. Praha,Prague,1995-12-01,1998-12-31,175,118640.1,97492.2,37,21147.8,0,,0,0.0,
3322,4015,F,1972-12-27,26,1996-03-20,weekly,Znojmo,south Moravia,1996-03-20,1998-12-31,187,853934.2,762758.0,34,91176.0,0,,0,0.0,
3328,4022,M,1926-02-10,72,1997-03-17,monthly,Hl.m. Praha,Prague,1997-03-17,1998-12-31,88,106412.5,82163.6,22,24248.9,0,,0,0.0,
3332,4029,M,1967-01-03,31,1997-03-25,monthly,Pelhrimov,south Bohemia,1997-03-25,1998-12-31,97,197530.9,136533.6,22,60997.4,0,,0,0.0,
303,370,F,1956-01-05,42,1996-07-25,monthly,Novy Jicin,north Moravia,1996-07-25,1998-12-31,176,509708.7,467249.4,30,42459.1,1,classic,1,112752.0,C
846,1020,F,1977-05-10,21,1996-03-09,monthly,Olomouc,north Moravia,1996-03-09,1998-12-31,229,1481403.0,1367395.6,34,114007.2,1,classic,1,187104.0,A
2153,2606,M,1943-01-04,55,1996-01-07,weekly,Tachov,west Bohemia,1996-01-07,1998-12-31,274,1205577.1,1141546.0,36,64031.2,1,classic,1,61560.0,A
7733,9569,F,1950-07-18,48,1996-07-08,weekly,Prachatice,south Bohemia,1996-07-08,1998-12-31,194,1406100.6,1330984.0,30,75116.4,1,classic,1,140064.0,C
7745,9582,F,1942-04-14,56,1996-11-29,monthly,Benesov,central Bohemia,1996-11-29,1998-12-31,169,1042420.6,991806.6,26,50613.5,1,classic,1,77544.0,C
8547,10543,F,1945-02-23,53,1995-07-17,weekly,Ceske Budejovice,south Bohemia,1995-07-17,1998-12-31,339,1719881.2,1688477.5,42,31402.9,1,classic,1,173016.0,C
2080,2522,M,1937-09-08,61,1997-04-27,monthly,Ostrava - mesto,north Moravia,1997-04-27,1998-12-31,128,1090082.2,1003394.0,21,86688.2,1,classic,1,214596.0,C
2143,2592,F,1980-08-31,18,1996-01-13,monthly,Hl.m. Praha,Prague,1996-01-13,1998-12-31,228,870513.0,840922.0,36,29590.9,1,junior,1,71460.0,C
2350,2841,F,1973-04-10,25,1996-08-04,monthly,Pisek,south Bohemia,1996-08-04,1998-12-31,199,1133235.0,1057340.6,28,75894.7,1,classic,1,159744.0,C
226,272,F,1944-10-25,54,1997-02-23,monthly,Karvina,north Moravia,1997-02-23,1998-12-31,129,488795.7,444324.2,23,44471.3,1,classic,1,109344.0,C
2218,2686,F,1951-03-24,47,1994-11-21,monthly,Prachatice,south Bohemia,1994-11-21,1998-12-31,306,2231138.7,2149479.4,50,81658.7,1,classic,1,182040.0,C
1580,1913,M,1968-04-15,30,1996-01-08,monthly,Jesenik,north Moravia,1996-01-08,1998-12-31,208,1195413.4,1163041.2,36,32372.4,1,classic,1,194256.0,C
4746,5727,M,1953-02-24,45,1997-02-21,monthly,Brno - mesto,south Moravia,1997-02-21,1998-12-31,153,1230028.2,1169317.6,23,60710.8,1,classic,1,204780.0,C
5133,6196,M,1943-03-09,55,1996-12-08,weekly,Frydek - Mistek,north Moravia,1996-12-08,1998-12-31,196,987393.3,905918.0,25,81475.2,1,classic,1,57060.0,C
6157,7434,F,1942-04-04,56,1996-11-11,monthly,Chomutov,north Bohemia,1996-11-11,1998-12-31,194,1348404.8,1287174.0,26,61231.1,1,classic,1,247920.0,C
71,83,F,1978-12-25,20,1994-03-05,monthly,Hl.m. Praha,Prague,1994-03-05,1998-12-31,496,1382682.7,1313111.8,58,69570.4,1,junior,0,0.0,
191,231,M,1941-02-18,57,1997-03-17,monthly,Usti nad Labem,north Bohemia,1997-03-17,1998-12-31,106,1022397.4,929155.6,22,93241.7,1,classic,0,0.0,
212,255,F,1951-10-11,47,1993-01-20,weekly,Plzen - jih,west Bohemia,1993-01-20,1998-12-31,432,3857257.4,3761845.0,72,95412.1,1,classic,0,0.0,
270,326,F,1967-09-18,31,1995-01-23,monthly,Plzen - jih,west Bohemia,1995-01-23,1998-12-31,258,1228044.0,1138817.2,48,89226.8,1,gold,0,0.0,
286,347,M,1959-12-13,39,1996-03-27,monthly,Novy Jicin,north Moravia,1996-03-27,1998-12-31,174,848680.6,814380.8,34,34299.8,1,classic,0,0.0,
603,722,F,1970-11-25,28,1996-06-11,monthly,Uherske Hradiste,south Moravia,1996-06-11,1998-12-31,171,439571.4,375405.6,31,64165.6,1,classic,0,0.0,
1032,1239,F,1976-09-09,22,1993-04-26,monthly,Praha - zapad,central Bohemia,1993-04-26,1998-12-31,401,3713708.3,3613785.8,69,99922.0,1,junior,0,0.0,
2040,2476,F,1957-02-16,41,1996-06-25,monthly,Prerov,north Moravia,1996-06-25,1998-12-31,153,318024.1,250715.0,31,67309.1,1,classic,0,0.0,
2240,2713,M,1962-09-02,36,1996-10-07,monthly,Liberec,north Bohemia,1996-10-07,1998-12-31,161,1072318.3,1031791.0,27,40527.2,1,classic,0,0.0,
2726,3292,M,1940-01-21,58,1995-04-20,monthly,Pisek,south Bohemia,1995-04-20,1998-12-31,256,1104341.9,1027109.4,45,77232.4,1,gold,0,0.0,
2742,3310,M,1954-02-13,44,1994-10-15,monthly,Cheb,west Bohemia,1994-10-15,1998-12-31,337,865497.3,832913.0,51,32584.0,1,classic,0,0.0,
2796,3378,M,1957-04-21,41,1997-12-08,weekly,Kolin,central Bohemia,1997-12-08,1998-12-31,77,594254.8,545653.0,13,48601.8,1,gold,0,0.0,
3210,3883,M,1965-09-27,33,1993-05-17,monthly,Pisek,south Bohemia,1993-05-17,1998-12-31,360,1798107.8,1763081.2,68,35026.4,1,classic,0,0.0,
4368,5263,F,1962-02-27,36,1995-01-16,monthly,Hl.m. Praha,Prague,1995-01-16,1998-12-07,228,689562.4,640449.2,48,49112.7,1,classic,0,0.0,
8759,10798,F,1980-03-23,18,1993-09-18,monthly,Hl.m. Praha,Prague,1993-09-18,1998-12-31,420,2117124.7,2081909.4,64,35214.4,1,junior,0,0.0,
2296,2779,M,1948-05-04,50,1997-11-05,monthly,Rokycany,west Bohemia,1997-11-05,1998-12-31,66,344587.6,302241.4,14,42346.0,1,classic,0,0.0,
2385,2880,M,1952-12-30,46,1996-11-15,monthly,Prostejov,south Moravia,1996-11-15,1998-12-31,113,530655.0,463592.0,26,67062.7,1,classic,0,0.0,
2466,2977,M,1963-02-06,35,1997-04-11,monthly,Most,north Bohemia,1997-04-11,1998-12-31,128,486134.5,409603.6,21,76530.7,1,gold,0,0.0,
106,128,F,1973-04-04,25,1994-11-27,monthly,Vyskov,south Moravia,1994-11-27,1998-12-31,282,959859.2,894917.4,50,64941.3,1,classic,0,0.0,
227,273,F,1972-05-15,26,1995-03-28,monthly,Plzen - jih,west Bohemia,1995-03-28,1998-12-31,257,2200113.8,2114919.0,46,85194.5,1,classic,0,0.0,
300,365,M,1930-01-09,68,1993-06-23,monthly,Hl.m. Praha,Prague,1993-06-23,1998-12-31,369,464732.3,391476.6,67,73255.3,1,classic,0,0.0,
384,464,F,1959-07-30,39,1997-09-14,weekly,Karlovy Vary,west Bohemia,1997-09-14,1998-12-31,88,849588.0,775922.0,16,73665.8,1,classic,0,0.0,
417,503,M,1959-07-24,39,1996-01-27,monthly,Opava,north Moravia,1996-01-27,1998-12-31,186,1241508.5,1229264.2,36,12244.2,1,classic,0,0.0,
431,519,M,1980-04-13,18,1996-11-05,monthly,Pisek,south Bohemia,1996-11-05,1998-12-31,158,528958.6,491283.6,26,37674.5,1,junior,0,0.0,
493,592,M,1965-07-18,33,1994-04-05,monthly,Plzen - mesto,west Bohemia,1994-04-05,1998-12-31,284,1078480.2,1043419.2,57,35060.9,1,classic,0,0.0,
549,662,M,1945-08-07,53,1996-11-27,monthly,Kolin,central Bohemia,1996-11-27,1998-12-31,154,391220.8,357696.0,26,33524.5,1,classic,0,0.0,
2651,3197,M,1958-07-10,40,1993-03-21,monthly,Hl.m. Praha,Prague,1993-03-21,1998-12-31,416,2715238.5,2690437.4,70,24800.5,1,classic,0,0.0,
2854,3448,M,1954-12-24,44,1997-01-18,monthly,Hl.m. Praha,Prague,1997-01-18,1998-12-31,123,512772.4,442896.8,24,69875.4,1,gold,0,0.0,
3035,3667,M,1971-09-18,27,1993-08-16,weekly,Karvina,north Moravia,1993-08-16,1998-12-31,464,3235676.8,3185367.0,65,50309.6,1,gold,0,0.0,
2013,2445,M,1969-02-26,29,1996-08-15,monthly,Brno - mesto,south Moravia,1996-08-15,1998-12-31,105,637766.6,608547.0,28,29219.4,1,gold,0,0.0,
2111,2555,M,1963-09-23,35,1995-01-25,weekly,Havlickuv Brod,east Bohemia,1995-01-25,1998-12-31,298,2019375.8,1912105.0,48,107270.3,1,classic,0,0.0,
2189,2650,M,1975-03-05,23,1993-04-22,monthly,Prerov,north Moravia,1993-04-22,1998-12-31,491,1555586.7,1493711.8,69,61875.0,1,junior,0,0.0,
2328,2815,M,1930-06-30,68,1995-06-14,monthly,Jablonec n. Nisou,north Bohemia,1995-06-14,1998-12-31,227,293205.6,228072.2,43,65133.1,1,gold,0,0.0,
2410,2911,M,1932-09-25,66,1993-05-11,monthly,Jicin,east Bohemia,1993-05-11,1998-12-31,304,421511.0,341025.2,68,80485.5,1,gold,0,0.0,
750,900,M,1977-04-10,21,1993-09-12,monthly,Opava,north Moravia,1993-09-12,1998-12-31,372,1175316.3,1136431.8,64,38884.1,1,junior,0,0.0,
819,984,M,1949-07-03,49,1995-04-22,monthly,Strakonice,south Bohemia,1995-04-22,1998-12-31,214,935494.1,873789.4,45,61704.6,1,classic,0,0.0,
863,1040,M,1960-06-17,38,1993-05-16,monthly,Hl.m. Praha,Prague,1993-05-16,1998-12-31,491,2976642.7,2920908.0,68,55734.3,1,classic,0,0.0,
1304,1578,F,1971-08-15,27,1996-04-27,monthly,Teplice,north Bohemia,1996-04-27,1998-12-31,148,771403.7,748018.2,33,23385.3,1,classic,0,0.0,
1305,1579,M,1963-10-13,35,1993-08-25,monthly,Plzen - jih,west Bohemia,1993-08-25,1998-12-31,324,755433.1,647561.4,65,107871.6,1,gold,0,0.0,
1555,1886,M,1920-04-07,78,1996-11-10,monthly,Chomutov,north Bohemia,1996-11-10,1998-12-31,109,161228.6,114032.0,26,47196.6,1,classic,0,0.0,
1606,1947,M,1981-02-08,17,1996-03-07,monthly,Cheb,west Bohemia,1996-03-07,1998-12-31,185,276633.7,197538.0,34,79095.7,1,junior,0,0.0,
1611,1954,M,1952-07-28,46,1996-02-11,monthly,Jesenik,north Moravia,1996-02-11,1998-12-31,216,453769.5,391900.4,35,61868.9,1,classic,0,0.0,
3811,4592,F,1955-03-29,43,1996-10-26,monthly,Hl.m. Praha,Prague,1996-10-26,1998-12-31,145,141106.3,97106.6,27,43999.5,1,classic,0,0.0,
3931,4740,M,1977-06-12,21,1996-02-05,monthly,Plzen - sever,west Bohemia,1996-02-05,1998-12-31,169,758049.9,694158.0,35,63891.7,1,junior,0,0.0,
1019,1223,F,1955-08-13,43,1993-01-21,monthly,Ceske Budejovice,south Bohemia,1993-01-21,1998-12-31,557,1553359.6,1496602.6,72,56756.7,1,classic,0,0.0,
1036,1243,F,1974-10-05,24,1996-01-18,monthly,Praha - zapad,central Bohemia,1996-01-18,1998-12-31,199,926245.1,847983.0,36,78261.7,1,classic,0,0.0,
1160,1396,F,1946-03-14,52,1996-07-29,weekly,Most,north Bohemia,1996-07-29,1998-12-31,204,920205.6,857254.0,30,62951.5,1,classic,0,0.0,
1192,1438,F,1963-10-25,35,1996-05-02,monthly,Rokycany,west Bohemia,1996-05-02,1998-12-31,143,419432.9,374894.2,32,44538.5,1,classic,0,0.0,
1360,1647,F,1978-03-26,20,1994-08-14,monthly,Novy Jicin,north Moravia,1994-08-14,1998-12-31,279,406173.1,343450.8,53,62722.4,1,junior,0,0.0,
1378,1668,F,1949-08-17,49,1993-03-04,monthly,Strakonice,south Bohemia,1993-03-04,1998-12-31,600,1877459.1,1778040.0,70,99418.5,1,gold,0,0.0,
2588,3124,F,1958-01-02,40,1993-12-04,monthly,Kolin,central Bohemia,1993-12-04,1998-12-31,354,1181442.3,1123650.6,61,57791.6,1,classic,0,0.0,
2624,3166,M,1955-06-14,43,1996-03-28,monthly,Tachov,west Bohemia,1996-03-28,1998-12-31,199,1031957.8,966667.8,34,65289.9,1,classic,0,0.0,
2760,3333,F,1949-07-24,49,1997-03-14,monthly,Praha - vychod,central Bohemia,1997-03-14,1998-12-31,130,377705.9,316782.6,22,60923.2,1,classic,0,0.0,
3086,3733,F,1946-05-09,52,1993-11-02,monthly,Hl.m. Praha,Prague,1993-11-02,1998-12-31,340,1440703.6,1331786.2,62,108917.0,1,classic,0,0.0,
3192,3858,F,1948-06-14,50,1996-07-28,monthly,Pisek,south Bohemia,1996-07-28,1998-12-31,192,358274.2,301808.4,30,56465.8,1,classic,0,0.0,
3216,3890,M,1958-10-22,40,1995-08-11,monthly,Beroun,central Bohemia,1995-08-11,1998-12-31,279,1571498.4,1542829.8,41,28668.2,1,classic,0,0.0,
2,2,M,1945-02-04,53,1993-02-26,monthly,Hl.m. Praha,Prague,1993-02-26,1998-12-31,478,1597053.5,1554425.8,71,42628.1,0,,1,80952.0,A
103,124,M,1967-09-21,31,1996-03-10,monthly,Chrudim,east Bohemia,1996-03-10,1998-12-31,185,876387.2,838364.1,33,38023.2,0,,1,265320.0,D
314,383,F,1939-05-17,59,1996-01-26,after_transaction,Cesky Krumlov,south Bohemia,1996-01-26,1998-12-31,223,1415124.3,1389759.0,36,25365.0,0,,1,66840.0,C
344,421,M,1965-07-31,33,1993-12-01,monthly,Brno - mesto,south Moravia,1993-12-01,1998-12-31,399,949029.0,892424.6,61,56604.4,0,,1,100980.0,C
347,424,M,1947-10-08,51,1993-12-13,monthly,Hl.m. Praha,Prague,1993-12-13,1998-12-31,379,2000732.5,1944972.2,61,55760.8,0,,1,187224.0,B
1012,1216,F,1945-06-12,53,1994-07-09,monthly,Znojmo,south Moravia,1994-07-09,1998-12-31,412,1567765.7,1524415.3,54,43192.3,0,,1,98184.0,A
1071,1286,F,1950-03-13,48,1993-05-10,weekly,Usti nad Orlici,east Bohemia,1993-05-10,1998-12-31,393,1892924.3,1865284.5,68,27639.7,0,,1,253200.0,C
1888,2291,M,1957-09-19,41,1996-10-21,monthly,Kutna Hora,central Bohemia,1996-10-21,1998-12-31,249,835761.5,839148.7,27,-3387.6,0,,1,57360.0,B
1967,2392,M,1955-05-21,43,1995-02-13,weekly,Plzen - mesto,west Bohemia,1995-02-13,1998-12-31,302,1854515.5,1826701.0,47,27814.0,0,,1,249312.0,C
4803,5801,F,1979-12-10,19,1996-06-08,monthly,Plzen - mesto,west Bohemia,1996-06-08,1998-12-31,175,205736.0,169983.6,31,35752.1,0,,1,59136.0,C
4969,6001,M,1937-05-01,61,1996-08-19,weekly,Prostejov,south Moravia,1996-08-19,1998-12-31,210,1449685.6,1348162.8,29,101522.2,0,,1,150180.0,C
5033,6077,F,1980-04-30,18,1995-08-03,monthly,Brno - mesto,south Moravia,1995-08-03,1998-12-31,321,350259.4,309161.6,41,41097.4,0,,1,11400.0,A
5072,6122,F,1968-02-16,30,1996-04-12,monthly,Kutna Hora,central Bohemia,1996-04-12,1998-12-31,299,878337.5,823489.8,33,54847.7,0,,1,317520.0,C
5181,6257,F,1942-08-20,56,1996-02-03,monthly,Prerov,north Moravia,1996-02-03,1998-12-31,154,523040.7,498941.6,35,24099.0,0,,1,399120.0,C
5358,6469,M,1953-03-16,45,1995-05-18,monthly,Kladno,central Bohemia,1995-05-18,1998-12-31,267,1155596.1,1087349.8,44,68246.3,0,,1,68340.0,C
5428,6551,F,1948-08-12,50,1993-04-14,monthly,Karlovy Vary,west Bohemia,1993-04-14,1998-12-31,458,2378186.6,2283766.0,69,94419.9,0,,1,174744.0,B
5794,7010,M,1967-06-30,31,1995-07-14,monthly,Karvina,north Moravia,1995-07-14,1998-12-31,229,998988.3,931970.8,42,67017.6,0,,1,123600.0,C
7082,8548,F,1945-05-10,53,1996-09-06,monthly,Hodonin,south Moravia,1996-09-06,1998-12-31,233,387601.7,365256.2,28,22345.2,0,,1,194160.0,C
7099,8568,F,1971-12-03,27,1996-08-20,monthly,Hl.m. Praha,Prague,1996-08-20,1998-12-31,223,903609.6,884396.3,29,19213.2,0,,1,234336.0,C
8564,10563,M,1949-01-07,49,1993-09-12,monthly,Frydek - Mistek,north Moravia,1993-09-12,1998-12-31,543,2653217.1,2604919.8,64,48296.9,0,,1,76680.0,A
8742,10777,F,1980-01-27,18,1997-01-28,monthly,Karvina,north Moravia,1997-01-28,1998-12-31,203,400126.7,378117.8,24,21926.0,0,,1,33144.0,A
9236,11372,M,1961-09-28,37,1993-08-18,monthly,Praha - zapad,central Bohemia,1993-08-18,1998-12-31,561,1089845.4,980661.4,65,109183.0,0,,1,86616.0,A
9241,11379,M,1952-05-28,46,1996-09-25,monthly,Ostrava - mesto,north Moravia,1996-09-25,1998-12-31,202,850061.7,822848.8,28,27213.1,0,,1,285240.0,C
9307,11461,M,1974-07-08,24,1993-01-24,monthly,Karvina,north Moravia,1993-01-24,1998-12-31,649,2538093.4,2426448.6,72,111644.5,0,,1,41904.0,A
2055,2494,M,1971-01-06,27,1997-04-17,monthly,Litomerice,north Bohemia,1997-04-17,1998-12-31,99,235978.4,224564.0,21,11414.4,0,,1,271260.0,C
2064,2503,F,1977-09-23,21,1996-12-30,monthly,Brno - mesto,south Moravia,1996-12-30,1998-12-31,128,371342.9,330399.6,25,40943.8,0,,1,83628.0,C
2134,2581,F,1953-11-19,45,1996-08-06,monthly,Usti nad Orlici,east Bohemia,1996-08-06,1998-12-31,204,409990.9,352202.4,29,57788.4,0,,1,22932.0,C
2236,2708,M,1958-08-12,40,1995-08-27,monthly,Opava,north Moravia,1995-08-27,1998-11-30,171,652836.7,654290.5,40,-1439.1,0,,1,139464.0,D
2456,2966,M,1955-02-20,43,1995-09-09,monthly,Znojmo,south Moravia,1995-09-09,1998-12-31,265,1176251.1,1132357.6,40,43892.1,0,,1,200976.0,C
873,1051,F,1971-08-26,27,1997-04-26,monthly,Opava,north Moravia,1997-04-26,1998-12-31,150,184474.8,171122.0,21,13352.9,0,,1,178500.0,C
1498,1816,M,1951-07-24,47,1997-02-07,weekly,Uherske Hradiste,south Moravia,1997-02-07,1998-12-31,132,663606.7,594765.8,23,68657.7,0,,1,165780.0,C
4260,5134,F,1967-07-19,31,1993-10-14,monthly,Jihlava,south Moravia,1993-10-14,1998-12-31,365,1660509.6,1608532.2,63,51977.1,0,,1,244560.0,C
4467,5389,M,1968-08-31,30,1997-04-13,weekly,Pelhrimov,south Bohemia,1997-04-13,1998-12-31,113,339424.6,308202.5,21,31222.0,0,,1,86184.0,C
5362,6473,F,1940-09-30,58,1996-09-06,weekly,Sumperk,north Moravia,1996-09-06,1998-12-31,192,797093.3,769379.8,28,27713.2,0,,1,202848.0,C
5572,6729,M,1957-12-27,41,1997-08-11,monthly,Cesky Krumlov,south Bohemia,1997-08-11,1998-12-31,94,466623.2,416709.2,17,49913.8,0,,1,140880.0,C
2728,3294,M,1957-03-08,41,1997-07-06,weekly,Usti nad Orlici,east Bohemia,1997-07-06,1998-12-31,107,553070.3,500150.0,18,52920.4,0,,1,156420.0,C
3137,3793,F,1951-06-20,47,1996-12-15,monthly,Most,north Bohemia,1996-12-15,1998-12-31,126,665956.3,615173.9,25,50782.2,0,,1,253560.0,C
